CustomerID,Age,Gender,Tenure,MonthlyCharges,ContractType,InternetService,TotalCharges,TechSupport,Churn,ChurnFlag,AgeDataQualityFlag,TenureDataQualityFlag,AgeGroup,TenureSegment,MonthlyChargeBand,AnnualRevenue,ActualMonthlyRevenueLost,ActualAnnualRevenueLost,CustomerLifecycleStage,ChurnProbability,RiskBand,MonthlyRevenueAtRisk,AnnualRevenueAtRisk,MonthlyChargesNormalized,TotalChargesNormalized,TenureNormalized,CustomerValueScore,ValueTier,RetentionPriorityScore,RetentionPriorityRank,PriorityTier,RecommendedAction,InterventionCost,ExpectedSuccessRate,ExpectedRevenueProtected,ExpectedNetBenefit,ExpectedROI,CampaignRank,CumulativeCampaignCost,CampaignRiskTier,CumulativeExpectedRevenueProtected,CumulativeExpectedNetBenefit
354,43,Female,12,119.96,Month-to-Month,Fiber Optic,1439.52,No,Yes,1,Expected Range,Expected Range,35-44,7-12 Months,Premium,1439.52,119.96,1439.52,Developing,1.0,Critical,119.96,1439.52,1.0,0.11593838719420115,0.09836065573770492,0.46516859945239664,Top Value,0.7860674397809586,74,High Priority,Contract Upgrade Offer,40,0.2,287.904,247.904,6.1975999999999996,1,40,High,287.904,247.904
107,63,Male,10,119.9,Month-to-Month,No Internet,1199.0,No,Yes,1,Expected Range,Expected Range,55-64,7-12 Months,Premium,1438.8000000000002,119.9,1438.8000000000002,Developing,1.0,Critical,119.9,1438.8000000000002,0.9993330369052915,0.09656699889258029,0.0819672131147541,0.4540234676532083,Top Value,0.7816093870612832,81,High Priority,Contract Upgrade Offer,40,0.2,287.76000000000005,247.76000000000005,6.194000000000001,2,80,High,575.664,495.66400000000004
112,44,Female,4,119.79,Month-to-Month,Fiber Optic,479.16,Yes,Yes,1,Expected Range,Expected Range,35-44,0-6 Months,Premium,1437.48,119.79,1437.48,New,1.0,Critical,119.79,1437.48,0.9981102712316587,0.03859136212624585,0.03278688524590164,0.420947806548325,Top Value,0.76837912261933,113,High Priority,Contract Upgrade Offer,40,0.2,287.49600000000004,247.49600000000004,6.187400000000001,3,120,High,863.1600000000001,743.1600000000001
148,31,Male,35,119.61,Month-to-Month,No Internet,4186.35,No,Yes,1,Expected Range,Expected Range,25-34,25-48 Months,Premium,1435.32,119.61,1435.32,Established,1.0,Critical,119.61,1435.32,0.9961093819475324,0.3371670190274842,0.2868852459016394,0.5881735209140423,Top Value,0.8352694083656169,22,Immediate Action,Contract Upgrade Offer,40,0.2,287.064,247.06400000000002,6.1766000000000005,4,160,High,1150.2240000000002,990.2240000000002
764,44,Female,60,119.28,Month-to-Month,No Internet,7156.8,No,Yes,1,Expected Range,Expected Range,35-44,49-72 Months,Premium,1431.3600000000001,119.28,1431.3600000000001,Loyal,1.0,Critical,119.28,1431.3600000000001,0.9924410849266343,0.5764059196617336,0.49180327868852464,0.7216693255243917,Top Value,0.8886677302097566,7,Immediate Action,Contract Upgrade Offer,40,0.2,286.27200000000005,246.27200000000005,6.156800000000001,5,200,High,1436.496,1236.496
629,45,Female,9,119.13,Month-to-Month,DSL,1072.17,Yes,Yes,1,Expected Range,Expected Range,45-54,7-12 Months,Premium,1429.56,119.13,1429.56,Developing,1.0,Critical,119.13,1429.56,0.9907736771898623,0.08635215946843854,0.07377049180327869,0.44497534964071805,Top Value,0.7779901398562872,89,High Priority,Contract Upgrade Offer,40,0.2,285.912,245.91199999999998,6.147799999999999,6,240,High,1722.4080000000001,1482.4080000000001
740,55,Male,6,118.96,Month-to-Month,DSL,713.76,No,Yes,1,Expected Range,Expected Range,55-64,0-6 Months,Premium,1427.52,118.96,1427.52,New,1.0,Critical,118.96,1427.52,0.9888839484215208,0.05748595590456056,0.04918032786885246,0.4279687459024177,Top Value,0.771187498360967,103,High Priority,Contract Upgrade Offer,40,0.2,285.504,245.50400000000002,6.137600000000001,7,280,High,2007.9120000000003,1727.9120000000003
508,36,Male,64,118.52,Month-to-Month,No Internet,7585.28,No,Yes,1,Expected Range,Expected Range,35-44,49-72 Months,Premium,1422.24,118.52,1422.24,Loyal,1.0,Critical,118.52,1422.24,0.98399288572699,0.6109155340783248,0.5245901639344263,0.7385651322018162,Top Value,0.8954260528807265,5,Immediate Action,Contract Upgrade Offer,40,0.2,284.44800000000004,244.44800000000004,6.111200000000001,8,320,High,2292.36,1972.3600000000004
149,50,Female,11,118.3,Month-to-Month,DSL,1301.3,Yes,Yes,1,Expected Range,Expected Range,45-54,7-12 Months,Premium,1419.6,118.3,1419.6,Developing,0.9973809523809524,Critical,117.99016666666667,1415.882,0.9815473543797244,0.10480620155038758,0.09016393442622951,0.4518420959010828,Top Value,0.7791654097890046,88,High Priority,Contract Upgrade Offer,40,0.2,283.1764,243.1764,6.07941,9,360,High,2575.5364,2215.5364000000004
217,37,Female,11,117.78,Month-to-Month,No Internet,1295.58,No,Yes,1,Expected Range,Expected Range,35-44,7-12 Months,Premium,1413.3600000000001,117.78,1413.3600000000001,Developing,1.0,Critical,117.78,1413.3600000000001,0.9757670075589151,0.1043455149501661,0.09016393442622951,0.4493687168626816,Top Value,0.7797474867450727,85,High Priority,Contract Upgrade Offer,40,0.2,282.672,242.67200000000003,6.066800000000001,10,400,High,2858.2084,2458.2084000000004
657,45,Female,25,117.72,Month-to-Month,No Internet,2943.0,No,Yes,1,Expected Range,Expected Range,45-54,25-48 Months,Premium,1412.6399999999999,117.72,1412.6399999999999,Established,1.0,Critical,117.72,1412.6399999999999,0.9751000444642064,0.2370280881908789,0.20491803278688525,0.5242293568492116,Top Value,0.8096917427396846,45,Immediate Action,Contract Upgrade Offer,40,0.2,282.52799999999996,242.52799999999996,6.063199999999999,11,440,High,3140.7364,2700.7364000000002
675,30,Male,9,117.64,Month-to-Month,No Internet,1058.76,No,Yes,1,Expected Range,Expected Range,25-34,7-12 Months,Premium,1411.68,117.64,1411.68,Developing,1.0,Critical,117.64,1411.68,0.9742107603379282,0.08527212322561159,0.07377049180327869,0.43797217021495505,Top Value,0.775188868085982,99,High Priority,Contract Upgrade Offer,40,0.2,282.336,242.336,6.058400000000001,12,480,High,3423.0724,2943.0724
314,53,Female,1,117.29,Month-to-Month,Fiber Optic,117.29,Yes,Yes,1,Expected Range,Expected Range,45-54,0-6 Months,Premium,1407.48,117.29,1407.48,New,1.0,Critical,117.29,1407.48,0.9703201422854604,0.00944649149300312,0.00819672131147541,0.39348350926460407,Top Value,0.7573934037058416,155,High Priority,Contract Upgrade Offer,40,0.2,281.49600000000004,241.49600000000004,6.037400000000001,13,520,High,3704.5684,3184.5684
954,59,Male,19,117.24,Month-to-Month,DSL,2227.56,No,Yes,1,Expected Range,Expected Range,55-64,13-24 Months,Premium,1406.8799999999999,117.24,1406.8799999999999,Developing,1.0,Critical,117.24,1406.8799999999999,0.9697643397065363,0.17940682573240713,0.1557377049180328,0.48963255111846526,Top Value,0.7958530204473862,60,High Priority,Contract Upgrade Offer,40,0.2,281.376,241.37599999999998,6.0344,14,560,High,3985.9444000000003,3425.9444000000003
619,49,Male,5,116.92,Month-to-Month,Fiber Optic,584.6,Yes,Yes,1,Expected Range,Expected Range,45-54,0-6 Months,Premium,1403.04,116.92,1403.04,New,1.0,Critical,116.92,1403.04,0.9662072032014231,0.047083459176482434,0.04098360655737705,0.4132079936316823,Top Value,0.7652831974526729,122,High Priority,Contract Upgrade Offer,40,0.2,280.608,240.608,6.0152,15,600,High,4266.5524000000005,3666.5524000000005
181,51,Female,2,116.48,Month-to-Month,Fiber Optic,232.96,Yes,Yes,1,Expected Range,Expected Range,45-54,0-6 Months,Premium,1397.76,116.48,1397.76,New,1.0,Critical,116.48,1397.76,0.9613161405068922,0.018762508809020438,0.01639344262295082,0.39519169494165174,Top Value,0.7580766779766607,152,High Priority,Contract Upgrade Offer,40,0.2,279.552,239.55200000000002,5.9888,16,640,High,4546.1044,3906.1044000000006
976,26,Male,0,115.91,Month-to-Month,No Internet,0.0,No,Yes,1,Expected Range,Expected Range,25-34,0-6 Months,Premium,1390.92,115.91,1390.92,New,1.0,Critical,115.91,1390.92,0.9549799911071588,0.0,0.0,0.3819919964428635,Top Value,0.7527967985771454,169,High Priority,Contract Upgrade Offer,40,0.2,278.184,238.18400000000003,5.954600000000001,17,680,High,4824.2884,4144.2884
409,46,Male,29,115.24,Month-to-Month,No Internet,3341.96,No,Yes,1,Expected Range,Expected Range,45-54,25-48 Months,Premium,1382.8799999999999,115.24,1382.8799999999999,Established,1.0,Critical,115.24,1382.8799999999999,0.9475322365495777,0.26916017316017316,0.2377049180327869,0.5326451847340885,Top Value,0.8130580738936354,40,Immediate Action,Contract Upgrade Offer,40,0.2,276.57599999999996,236.57599999999996,5.914399999999999,18,720,High,5100.8644,4380.8644
832,35,Male,1,115.13,Month-to-Month,Fiber Optic,115.13,Yes,Yes,1,Expected Range,Expected Range,35-44,0-6 Months,Premium,1381.56,115.13,1381.56,New,1.0,Critical,115.13,1381.56,0.946309470875945,0.009272525923688714,0.00819672131147541,0.3838183527515379,Top Value,0.7535273411006151,165,High Priority,Contract Upgrade Offer,40,0.2,276.312,236.312,5.9078,19,760,High,5377.1764,4617.1764
558,40,Female,50,114.46,Month-to-Month,No Internet,5723.0,No,Yes,1,Expected Range,Expected Range,35-44,49-72 Months,Premium,1373.52,114.46,1373.52,Loyal,1.0,Critical,114.46,1373.52,0.9388617163183637,0.46092821906775394,0.4098360655737705,0.6393285795945021,Top Value,0.8557314318378009,14,Immediate Action,Contract Upgrade Offer,40,0.2,274.704,234.704,5.8676,20,800,High,5651.8804,4851.8804
220,45,Male,52,114.42,Month-to-Month,No Internet,5949.84,No,Yes,1,Expected Range,Expected Range,45-54,49-72 Months,Premium,1373.04,114.42,1373.04,Loyal,1.0,Critical,114.42,1373.04,0.9384170742552247,0.4791978254303836,0.42622950819672134,0.6496434456519045,Top Value,0.8598573782607617,13,Immediate Action,Contract Upgrade Offer,40,0.2,274.608,234.608,5.8652,21,840,High,5926.4884,5086.4884
427,35,Male,30,114.19,Month-to-Month,No Internet,3425.7,No,Yes,1,Expected Range,Expected Range,35-44,25-48 Months,Premium,1370.28,114.19,1370.28,Established,1.0,Critical,114.19,1370.28,0.9358603823921743,0.2759045605557233,0.24590163934426232,0.5323861589874385,Top Value,0.8129544635949754,41,Immediate Action,Contract Upgrade Offer,40,0.2,274.056,234.05599999999998,5.8514,22,880,High,6200.5444,5320.5444
755,35,Male,4,114.1,Month-to-Month,Fiber Optic,456.4,No,Yes,1,Expected Range,Expected Range,35-44,0-6 Months,Premium,1369.1999999999998,114.1,1369.1999999999998,New,1.0,Critical,114.1,1369.1999999999998,0.9348599377501112,0.03675828047921071,0.03278688524590164,0.3950060945792437,Top Value,0.7580024378316974,153,High Priority,Contract Upgrade Offer,40,0.2,273.84,233.83999999999997,5.845999999999999,23,920,High,6474.3844,5554.3844
403,45,Female,29,113.99,Month-to-Month,No Internet,3305.71,No,Yes,1,Expected Range,Expected Range,45-54,25-48 Months,Premium,1367.8799999999999,113.99,1367.8799999999999,Established,1.0,Critical,113.99,1367.8799999999999,0.9336371720764784,0.2662406121010772,0.2377049180327869,0.5260653125741652,Top Value,0.810426125029666,43,Immediate Action,Contract Upgrade Offer,40,0.2,273.57599999999996,233.57599999999996,5.8393999999999995,24,960,High,6747.9604,5787.9604
541,53,Male,99,113.93,Month-to-Month,No Internet,11279.070000000002,No,Yes,1,Expected Range,Expected Range,45-54,73+ Months,Premium,1367.16,113.93,1367.16,Loyal,0.9988888888888887,Critical,113.8034111111111,1365.6409333333331,0.93297020898177,0.9084119601328905,0.8114754098360656,0.8940011220982361,Top Value,0.9569337821726276,2,Immediate Action,Contract Upgrade Offer,40,0.2,273.12818666666664,233.12818666666664,5.828204666666666,25,1000,High,7021.088586666667,6021.088586666667
144,46,Female,3,113.62,Month-to-Month,No Internet,340.86,No,Yes,1,Expected Range,Expected Range,45-54,0-6 Months,Premium,1363.44,113.62,1363.44,New,1.0,Critical,113.62,1363.44,0.9295242329924414,0.02745273331319843,0.02459016393442623,0.38756569084020254,Top Value,0.755026276336081,162,High Priority,Contract Upgrade Offer,40,0.2,272.68800000000005,232.68800000000005,5.8172000000000015,26,1040,High,7293.776586666667,6253.776586666667
391,36,Female,2,113.62,Month-to-Month,Fiber Optic,227.24,Yes,Yes,1,Expected Range,Expected Range,35-44,0-6 Months,Premium,1363.44,113.62,1363.44,New,1.0,Critical,113.62,1363.44,0.9295242329924414,0.018301822208798953,0.01639344262295082,0.38231369162579387,Top Value,0.7529254766503175,168,High Priority,Contract Upgrade Offer,40,0.2,272.68800000000005,232.68800000000005,5.8172000000000015,27,1080,High,7566.464586666667,6486.464586666667
430,27,Male,7,113.58,Month-to-Month,Fiber Optic,795.06,Yes,Yes,1,Expected Range,Expected Range,25-34,7-12 Months,Premium,1362.96,113.58,1362.96,Developing,1.0,Critical,113.58,1362.96,0.9290795909293019,0.0640338266384778,0.05737704918032787,0.40838793799027,Top Value,0.763355175196108,132,High Priority,Contract Upgrade Offer,40,0.2,272.59200000000004,232.59200000000004,5.814800000000001,28,1120,High,7839.056586666667,6719.056586666667
341,36,Male,67,112.87,Month-to-Month,Fiber Optic,7562.29,No,Yes,1,Expected Range,Expected Range,35-44,49-72 Months,Premium,1354.44,112.87,1354.44,Loyal,1.0,Critical,112.87,1354.44,0.9211871943085816,0.6090639283197422,0.5491803278688525,0.7189423346025556,Top Value,0.8875769338410222,8,Immediate Action,Contract Upgrade Offer,40,0.2,270.88800000000003,230.88800000000003,5.772200000000001,29,1160,High,8109.9445866666665,6949.9445866666665
849,38,Male,6,112.66,Month-to-Month,No Internet,675.96,No,Yes,1,Expected Range,Expected Range,35-44,0-6 Months,Premium,1351.92,112.66,1351.92,New,1.0,Critical,112.66,1351.92,0.918852823477101,0.054441558441558444,0.04918032786885246,0.39889075681259895,Top Value,0.7595563027250396,145,High Priority,Contract Upgrade Offer,40,0.2,270.384,230.38400000000001,5.759600000000001,30,1200,High,8380.328586666667,7180.3285866666665
821,39,Male,26,112.55,Month-to-Month,Fiber Optic,2926.2999999999997,No,Yes,1,Expected Range,Expected Range,35-44,25-48 Months,Premium,1350.6,112.55,1350.6,Established,1.0,Critical,112.55,1350.6,0.9176300578034682,0.23568307661330914,0.21311475409836067,0.5028197884606357,Top Value,0.8011279153842543,54,Immediate Action,Contract Upgrade Offer,40,0.2,270.12,230.12,5.753,31,1240,High,8650.448586666667,7410.448586666666
607,37,Female,0,112.36,Month-to-Month,DSL,0.0,Yes,Yes,1,Expected Range,Expected Range,35-44,0-6 Months,Premium,1348.32,112.36,1348.32,New,1.0,Critical,112.36,1348.32,0.9155180080035572,0.0,0.0,0.3662072032014229,High Value,0.7464828812805692,197,High Priority,Contract Upgrade Offer,40,0.2,269.664,229.664,5.7416,32,1280,High,8920.112586666668,7640.112586666666
938,52,Female,1,112.02,Month-to-Month,DSL,112.02,Yes,Yes,1,Expected Range,Expected Range,45-54,0-6 Months,Premium,1344.24,112.02,1344.24,New,1.0,Critical,112.02,1344.24,0.9117385504668742,0.009022047719722138,0.00819672131147541,0.3699023172165213,High Value,0.7479609268866085,193,High Priority,Contract Upgrade Offer,40,0.2,268.848,228.848,5.7212000000000005,33,1320,High,9188.960586666668,7868.960586666666
456,37,Male,22,111.83,Month-to-Month,No Internet,2460.26,No,Yes,1,Expected Range,Expected Range,35-44,13-24 Months,Premium,1341.96,111.83,1341.96,Developing,1.0,Critical,111.83,1341.96,0.9096265006669633,0.1981483942414175,0.18032786885245902,0.4782845054643962,Top Value,0.7913138021857584,64,High Priority,Contract Upgrade Offer,40,0.2,268.392,228.392,5.7097999999999995,34,1360,High,9457.352586666668,8097.352586666666
346,47,Female,2,111.76,Month-to-Month,No Internet,223.52,No,Yes,1,Expected Range,Expected Range,45-54,0-6 Months,Premium,1341.1200000000001,111.76,1341.1200000000001,New,1.0,Critical,111.76,1341.1200000000001,0.9088483770564697,0.018002214839424144,0.01639344262295082,0.3739384866721241,High Value,0.7495753946688496,185,High Priority,Contract Upgrade Offer,40,0.2,268.22400000000005,228.22400000000005,5.705600000000001,35,1400,High,9725.576586666668,8325.576586666666
680,57,Female,0,111.38,Month-to-Month,No Internet,0.0,No,Yes,1,Expected Range,Expected Range,55-64,0-6 Months,Premium,1336.56,111.38,1336.56,New,1.0,Critical,111.38,1336.56,0.9046242774566475,0.0,0.0,0.36184971098265906,High Value,0.7447398843930636,204,High Priority,Contract Upgrade Offer,40,0.2,267.312,227.312,5.6828,36,1440,High,9992.888586666668,8552.888586666666
476,42,Female,6,111.22,Month-to-Month,No Internet,667.3199999999999,No,Yes,1,Expected Range,Expected Range,35-44,0-6 Months,Premium,1334.6399999999999,111.22,1334.6399999999999,New,1.0,Critical,111.22,1334.6399999999999,0.9028457092040909,0.05374569616430081,0.04918032786885246,0.39224435930635476,Top Value,0.7568977437225419,156,High Priority,Contract Upgrade Offer,40,0.2,266.928,226.928,5.6732,37,1480,High,10259.816586666668,8779.816586666666
828,39,Male,12,111.02,Month-to-Month,No Internet,1332.24,No,Yes,1,Expected Range,Expected Range,35-44,7-12 Months,Premium,1332.24,111.02,1332.24,Developing,1.0,Critical,111.02,1332.24,0.9006224988883949,0.10729809725158562,0.09836065573770492,0.42239349752783917,Top Value,0.7689573990111357,110,High Priority,Contract Upgrade Offer,40,0.2,266.44800000000004,226.44800000000004,5.661200000000001,38,1520,High,10526.264586666668,9006.264586666666
484,47,Female,4,110.85,Month-to-Month,DSL,443.4,Yes,Yes,1,Expected Range,Expected Range,45-54,0-6 Months,Premium,1330.1999999999998,110.85,1330.1999999999998,New,1.0,Critical,110.85,1330.1999999999998,0.8987327701200534,0.03571126547870734,0.03278688524590164,0.38018877227704434,Top Value,0.7520755089108178,175,High Priority,Contract Upgrade Offer,40,0.2,266.03999999999996,226.03999999999996,5.650999999999999,39,1560,High,10792.304586666669,9232.304586666665
646,42,Male,18,110.82,Month-to-Month,DSL,1994.76,No,Yes,1,Expected Range,Expected Range,35-44,13-24 Months,Premium,1329.84,110.82,1329.84,Developing,1.0,Critical,110.82,1329.84,0.898399288572699,0.16065720326185443,0.14754098360655737,0.452474982472368,Top Value,0.7809899929889472,82,High Priority,Contract Upgrade Offer,40,0.2,265.968,225.96800000000002,5.6492,40,1600,High,11058.27258666667,9458.272586666666
927,39,Male,1,110.81,Month-to-Month,DSL,110.81,Yes,Yes,1,Expected Range,Expected Range,35-44,0-6 Months,Premium,1329.72,110.81,1329.72,New,1.0,Critical,110.81,1329.72,0.8982881280569144,0.008924594785059902,0.00819672131147541,0.36448803972540555,High Value,0.7457952158901622,199,High Priority,Contract Upgrade Offer,40,0.2,265.944,225.94400000000002,5.6486,41,1640,High,11324.21658666667,9684.216586666666
209,50,Male,4,110.76,Month-to-Month,Fiber Optic,443.04,Yes,Yes,1,Expected Range,Expected Range,45-54,0-6 Months,Premium,1329.1200000000001,110.76,1329.1200000000001,New,1.0,Critical,110.76,1329.1200000000001,0.8977323254779903,0.03568227121715494,0.03278688524590164,0.3797784464286758,High Value,0.7519113785714703,179,High Priority,Contract Upgrade Offer,40,0.2,265.824,225.824,5.6456,42,1680,High,11590.04058666667,9910.040586666666
455,39,Female,9,110.6,Month-to-Month,DSL,995.4,Yes,Yes,1,Expected Range,Expected Range,35-44,7-12 Months,Premium,1327.1999999999998,110.6,1327.1999999999998,Developing,1.0,Critical,110.6,1327.1999999999998,0.8959537572254335,0.080169133192389,0.07377049180327869,0.4048833224583292,Top Value,0.7619533289833317,135,High Priority,Contract Upgrade Offer,40,0.2,265.44,225.44,5.636,43,1720,High,11855.48058666667,10135.480586666667
722,27,Female,10,110.61,Month-to-Month,Fiber Optic,1106.1,Yes,Yes,1,Expected Range,Expected Range,25-34,7-12 Months,Premium,1327.32,110.61,1327.32,Developing,0.9988888888888889,Critical,110.4871,1325.8452,0.8960649177412183,0.08908486861975233,0.0819672131147541,0.4100974743920892,Top Value,0.7633723230901691,131,High Priority,Contract Upgrade Offer,40,0.2,265.16904,225.16904,5.629226,44,1760,High,12120.64962666667,10360.649626666667
39,31,Female,2,110.14,Month-to-Month,No Internet,220.28,No,Yes,1,Expected Range,Expected Range,25-34,0-6 Months,Premium,1321.68,110.14,1321.68,New,1.0,Critical,110.14,1321.68,0.8908403734993331,0.01774126648545253,0.01639344262295082,0.36664395332537936,High Value,0.7466575813301517,196,High Priority,Contract Upgrade Offer,40,0.2,264.336,224.336,5.6084000000000005,45,1800,High,12384.98562666667,10584.985626666667
45,30,Male,27,110.02,Month-to-Month,No Internet,2970.54,No,Yes,1,Expected Range,Expected Range,25-34,25-48 Months,Premium,1320.24,110.02,1320.24,Established,1.0,Critical,110.02,1320.24,0.8895064473099157,0.23924614919963758,0.2213114754098361,0.49486659999629845,Top Value,0.7979466399985193,56,High Priority,Contract Upgrade Offer,40,0.2,264.048,224.048,5.6012,46,1840,High,12649.03362666667,10809.033626666667
589,53,Male,1,109.76,Month-to-Month,Fiber Optic,109.76,No,Yes,1,Expected Range,Expected Range,45-54,0-6 Months,Premium,1317.1200000000001,109.76,1317.1200000000001,New,1.0,Critical,109.76,1317.1200000000001,0.8866162738995111,0.008840028188865399,0.00819672131147541,0.35978969975377617,High Value,0.7439158799015104,209,High Priority,Contract Upgrade Offer,40,0.2,263.42400000000004,223.42400000000004,5.585600000000001,47,1880,High,12912.457626666672,11032.457626666668
202,50,Male,40,109.75,Month-to-Month,No Internet,4390.0,No,Yes,1,Expected Range,Expected Range,45-54,25-48 Months,Premium,1317.0,109.75,1317.0,Established,1.0,Critical,109.75,1317.0,0.8865051133837263,0.35356891170844656,0.3278688524590164,0.560318377566201,Top Value,0.8241273510264804,31,Immediate Action,Contract Upgrade Offer,40,0.2,263.40000000000003,223.40000000000003,5.585000000000001,48,1920,High,13175.857626666671,11255.857626666668
410,50,Male,32,109.64,Month-to-Month,DSL,3508.48,No,Yes,1,Expected Range,Expected Range,45-54,25-48 Months,Premium,1315.68,109.64,1315.68,Established,1.0,Critical,109.64,1315.68,0.8852823477100935,0.28257162992046714,0.26229508196721313,0.5185867800480042,Top Value,0.8074347120192017,47,Immediate Action,Contract Upgrade Offer,40,0.2,263.136,223.13600000000002,5.5784,49,1960,High,13438.993626666672,11478.993626666668
879,44,Male,1,108.63,Month-to-Month,Fiber Optic,108.63,Yes,Yes,1,Expected Range,Expected Range,35-44,0-6 Months,Premium,1303.56,108.63,1303.56,New,1.0,Critical,108.63,1303.56,0.8740551356158293,0.008749018423437028,0.00819672131147541,0.35473339102240353,High Value,0.7418933564089614,217,High Priority,Contract Upgrade Offer,40,0.2,260.712,220.712,5.517799999999999,50,2000,High,13699.705626666671,11699.705626666668
249,62,Female,1,107.82,Month-to-Month,Fiber Optic,107.82,Yes,Yes,1,Expected Range,Expected Range,55-64,0-6 Months,Premium,1293.84,107.82,1293.84,New,1.0,Critical,107.82,1293.84,0.8650511338372611,0.008683781334944124,0.00819672131147541,0.35110895733000375,High Value,0.7404435829320015,223,High Priority,Contract Upgrade Offer,40,0.2,258.768,218.76799999999997,5.469199999999999,51,2040,High,13958.473626666671,11918.473626666668
133,34,Female,7,107.8,Month-to-Month,Fiber Optic,754.6,Yes,Yes,1,Expected Range,Expected Range,25-34,7-12 Months,Premium,1293.6,107.8,1293.6,Developing,0.9988888888888889,Critical,107.68022222222223,1292.1626666666666,0.8648288128056916,0.06077519379844961,0.05737704918032787,0.38154710524681595,Top Value,0.7519521754320597,178,High Priority,Contract Upgrade Offer,40,0.2,258.4325333333333,218.4325333333333,5.460813333333332,52,2080,High,14216.906160000004,12136.90616
753,35,Female,10,106.55,Month-to-Month,No Internet,1065.5,No,Yes,1,Expected Range,Expected Range,35-44,7-12 Months,Premium,1278.6,106.55,1278.6,Developing,1.0,Critical,106.55,1278.6,0.8509337483325923,0.08581496023356489,0.0819672131147541,0.3909005386934732,Top Value,0.7563602154773893,159,High Priority,Contract Upgrade Offer,40,0.2,255.72,215.72,5.393,53,2120,High,14472.626160000003,12352.62616
905,46,Female,16,106.5,Month-to-Month,No Internet,1704.0,No,Yes,1,Expected Range,Expected Range,45-54,13-24 Months,Premium,1278.0,106.5,1278.0,Developing,1.0,Critical,106.5,1278.0,0.8503779457536684,0.13723950468136514,0.13114754098360656,0.42097189018584685,Top Value,0.7683887560743388,112,High Priority,Contract Upgrade Offer,40,0.2,255.60000000000002,215.60000000000002,5.390000000000001,54,2160,High,14728.226160000004,12568.22616
102,40,Male,0,106.04,Month-to-Month,Fiber Optic,0.0,Yes,Yes,1,Expected Range,Expected Range,35-44,0-6 Months,Premium,1272.48,106.04,1272.48,New,1.0,Critical,106.04,1272.48,0.8452645620275681,0.0,0.0,0.33810582481102724,High Value,0.7352423299244109,247,High Priority,Contract Upgrade Offer,40,0.2,254.496,214.496,5.3624,55,2200,High,14982.722160000003,12782.72216
533,44,Female,11,105.68,Month-to-Month,Fiber Optic,1162.48,Yes,Yes,1,Expected Range,Expected Range,35-44,7-12 Months,Premium,1268.16,105.68,1268.16,Developing,1.0,Critical,105.68,1268.16,0.8412627834593154,0.09362569213732004,0.09016393442622951,0.39181508923834557,Top Value,0.7567260356953383,158,High Priority,Contract Upgrade Offer,40,0.2,253.63200000000003,213.63200000000003,5.340800000000001,56,2240,High,15236.354160000003,12996.354159999999
277,46,Female,7,105.61,Month-to-Month,No Internet,739.27,No,Yes,1,Expected Range,Expected Range,45-54,7-12 Months,Premium,1267.32,105.61,1267.32,Developing,1.0,Critical,105.61,1267.32,0.8404846598488218,0.05954052149400987,0.05737704918032787,0.3713773087575142,High Value,0.7485509235030057,189,High Priority,Contract Upgrade Offer,40,0.2,253.464,213.464,5.3366,57,2280,High,15489.818160000003,13209.818159999999
371,45,Male,2,105.53,Month-to-Month,No Internet,211.06,No,Yes,1,Expected Range,Expected Range,45-54,0-6 Months,Premium,1266.3600000000001,105.53,1266.3600000000001,New,1.0,Critical,105.53,1266.3600000000001,0.8395953757225434,0.01699869123124937,0.01639344262295082,0.34588605287569235,High Value,0.7383544211502769,230,High Priority,Contract Upgrade Offer,40,0.2,253.27200000000005,213.27200000000005,5.331800000000001,58,2320,High,15743.090160000003,13423.09016
286,25,Male,43,105.44,Month-to-Month,Fiber Optic,4533.92,No,Yes,1,Expected Range,Expected Range,25-34,25-48 Months,Premium,1265.28,105.44,1265.28,Established,1.0,Critical,105.44,1265.28,0.8385949310804803,0.3651601731601732,0.3524590163934426,0.5513587871366135,Top Value,0.8205435148546454,34,Immediate Action,Contract Upgrade Offer,40,0.2,253.056,213.056,5.3264000000000005,59,2360,High,15996.146160000004,13636.14616
129,45,Female,6,105.34,Month-to-Month,Fiber Optic,632.04,Yes,Yes,1,Expected Range,Expected Range,45-54,0-6 Months,Premium,1264.08,105.34,1264.08,New,1.0,Critical,105.34,1264.08,0.8374833259226324,0.05090425853216551,0.04918032786885246,0.36510490282252406,High Value,0.7460419611290097,198,High Priority,Contract Upgrade Offer,40,0.2,252.816,212.816,5.3204,60,2400,High,16248.962160000005,13848.962160000001
602,35,Male,6,104.96,Month-to-Month,Fiber Optic,629.76,Yes,Yes,1,Expected Range,Expected Range,35-44,0-6 Months,Premium,1259.52,104.96,1259.52,New,1.0,Critical,104.96,1259.52,0.8332592263228102,0.0507206282090003,0.04918032786885246,0.36335099236948737,High Value,0.745340396947795,202,High Priority,Contract Upgrade Offer,40,0.2,251.904,211.904,5.2976,61,2440,High,16500.866160000005,14060.866160000001
357,44,Male,9,104.48,Month-to-Month,DSL,940.32,Yes,Yes,1,Expected Range,Expected Range,35-44,7-12 Months,Premium,1253.76,104.48,1253.76,Developing,1.0,Critical,104.48,1253.76,0.8279235215651402,0.07573301117487165,0.07377049180327869,0.37611858548808086,High Value,0.7504474341952323,182,High Priority,Contract Upgrade Offer,40,0.2,250.752,210.752,5.268800000000001,62,2480,High,16751.618160000005,14271.618160000002
578,52,Female,10,104.46,Month-to-Month,No Internet,1044.6,No,Yes,1,Expected Range,Expected Range,45-54,7-12 Months,Premium,1253.52,104.46,1253.52,Developing,1.0,Critical,104.46,1253.52,0.8277012005335704,0.08413168227121715,0.0819672131147541,0.3810183722870427,Top Value,0.7524073489148171,174,High Priority,Contract Upgrade Offer,40,0.2,250.704,210.704,5.2676,63,2520,High,17002.322160000007,14482.322160000002
395,56,Male,15,104.42,Month-to-Month,DSL,1566.3,No,Yes,1,Expected Range,Expected Range,55-64,13-24 Months,Premium,1253.04,104.42,1253.04,Developing,1.0,Critical,104.42,1253.04,0.8272565584704314,0.12614919963757174,0.12295081967213116,0.4057925481793555,Top Value,0.7623170192717422,134,High Priority,Contract Upgrade Offer,40,0.2,250.608,210.608,5.2652,64,2560,High,17252.930160000007,14692.930160000002
600,48,Female,41,104.2,Month-to-Month,DSL,4272.2,No,Yes,1,Expected Range,Expected Range,45-54,25-48 Months,Premium,1250.4,104.2,1250.4,Established,1.0,Critical,104.2,1250.4,0.8248110271231659,0.34408134501157756,0.33606557377049184,0.5343692750459414,Top Value,0.8137477100183765,38,Immediate Action,Contract Upgrade Offer,40,0.2,250.08000000000004,210.08000000000004,5.252000000000001,65,2600,High,17503.01016000001,14903.010160000002
757,49,Male,6,104.09,Month-to-Month,Fiber Optic,624.54,No,Yes,1,Expected Range,Expected Range,45-54,0-6 Months,Premium,1249.08,104.09,1249.08,New,1.0,Critical,104.09,1249.08,0.8235882614495333,0.050300211416490485,0.04918032786885246,0.35933546054279814,High Value,0.7437341842171192,211,High Priority,Contract Upgrade Offer,40,0.2,249.816,209.816,5.2454,66,2640,High,17752.826160000008,15112.826160000002
266,32,Male,24,104.01,Month-to-Month,No Internet,2496.24,No,Yes,1,Expected Range,Expected Range,25-34,13-24 Months,Premium,1248.1200000000001,104.01,1248.1200000000001,Developing,1.0,Critical,104.01,1248.1200000000001,0.8226989773232549,0.20104620960434913,0.19672131147540983,0.44862609215967664,Top Value,0.7794504368638706,86,High Priority,Contract Upgrade Offer,40,0.2,249.62400000000002,209.62400000000002,5.240600000000001,67,2680,High,18002.450160000008,15322.450160000002
481,43,Female,0,103.89,Month-to-Month,Fiber Optic,0.0,No,Yes,1,Expected Range,Expected Range,35-44,0-6 Months,Premium,1246.68,103.89,1246.68,New,1.0,Critical,103.89,1246.68,0.8213650511338373,0.0,0.0,0.3285460204535349,High Value,0.7314184081814139,266,High Priority,Contract Upgrade Offer,40,0.2,249.336,209.336,5.2334000000000005,68,2720,High,18251.786160000007,15531.786160000001
761,39,Male,18,103.65,Month-to-Month,Fiber Optic,1865.7,No,Yes,1,Expected Range,Expected Range,35-44,13-24 Months,Premium,1243.8000000000002,103.65,1243.8000000000002,Developing,1.0,Critical,103.65,1243.8000000000002,0.8186971987550025,0.15026276049531864,0.14754098360655737,0.41695609157700186,Top Value,0.7667824366308007,118,High Priority,Contract Upgrade Offer,40,0.2,248.76000000000005,208.76000000000005,5.219000000000001,69,2760,High,18500.546160000005,15740.546160000002
446,51,Female,5,103.57,Month-to-Month,Fiber Optic,517.8499999999999,Yes,Yes,1,Expected Range,Expected Range,45-54,0-6 Months,Premium,1242.84,103.57,1242.84,New,1.0,Critical,103.57,1242.84,0.8178079146287238,0.041707439846974725,0.04098360655737705,0.35196667143727495,High Value,0.7407866685749099,221,High Priority,Contract Upgrade Offer,40,0.2,248.56799999999998,208.56799999999998,5.2142,70,2800,High,18749.114160000005,15949.114160000001
882,39,Female,42,103.12,Month-to-Month,DSL,4331.04,No,Yes,1,Expected Range,Expected Range,35-44,25-48 Months,Premium,1237.44,103.12,1237.44,Established,1.0,Critical,103.12,1237.44,0.8128056914184083,0.34882029598308667,0.3442622950819672,0.5332749539319355,Top Value,0.8133099815727742,39,Immediate Action,Contract Upgrade Offer,40,0.2,247.48800000000003,207.48800000000003,5.187200000000001,71,2840,High,18996.602160000006,16156.60216
928,48,Male,0,102.89,Month-to-Month,Fiber Optic,0.0,Yes,Yes,1,Expected Range,Expected Range,45-54,0-6 Months,Premium,1234.68,102.89,1234.68,New,1.0,Critical,102.89,1234.68,0.8102489995553581,0.0,0.0,0.32409959982214326,High Value,0.7296398399288573,273,High Priority,Contract Upgrade Offer,40,0.2,246.93600000000004,206.93600000000004,5.173400000000001,72,2880,High,19243.538160000007,16363.53816
527,28,Female,20,102.51,Month-to-Month,No Internet,2050.2000000000003,No,Yes,1,Expected Range,Expected Range,25-34,13-24 Months,Premium,1230.1200000000001,102.51,1230.1200000000001,Developing,1.0,Critical,102.51,1230.1200000000001,0.806024899955536,0.1651223195409242,0.1639344262295082,0.42118637837891487,Top Value,0.768474551351566,111,High Priority,Contract Upgrade Offer,40,0.2,246.02400000000003,206.02400000000003,5.150600000000001,73,2920,High,19489.56216000001,16569.56216
686,52,Female,5,102.51,Month-to-Month,DSL,512.5500000000001,Yes,Yes,1,Expected Range,Expected Range,45-54,0-6 Months,Premium,1230.1200000000001,102.51,1230.1200000000001,New,1.0,Critical,102.51,1230.1200000000001,0.806024899955536,0.04128057988523105,0.04098360655737705,0.3471040645813895,High Value,0.7388416258325557,229,High Priority,Contract Upgrade Offer,40,0.2,246.02400000000003,206.02400000000003,5.150600000000001,74,2960,High,19735.58616000001,16775.586160000003
624,58,Male,7,102.49,Month-to-Month,Fiber Optic,717.43,Yes,Yes,1,Expected Range,Expected Range,55-64,7-12 Months,Premium,1229.8799999999999,102.49,1229.8799999999999,Developing,1.0,Critical,102.49,1229.8799999999999,0.8058025789239662,0.057781536293164196,0.05737704918032787,0.35688883156727597,High Value,0.7427555326269104,214,High Priority,Contract Upgrade Offer,40,0.2,245.976,205.976,5.1494,75,3000,High,19981.56216000001,16981.56216
23,45,Male,10,102.4,Month-to-Month,DSL,1024.0,Yes,Yes,1,Expected Range,Expected Range,45-54,7-12 Months,Premium,1228.8000000000002,102.4,1228.8000000000002,Developing,1.0,Critical,102.4,1228.8000000000002,0.8048021342819032,0.08247256619349642,0.0819672131147541,0.3712780551591736,High Value,0.7485112220636694,190,High Priority,Contract Upgrade Offer,40,0.2,245.76000000000005,205.76000000000005,5.144000000000001,76,3040,High,20227.322160000007,17187.32216
151,47,Female,6,102.4,Month-to-Month,Fiber Optic,614.4000000000001,No,Yes,1,Expected Range,Expected Range,45-54,0-6 Months,Premium,1228.8000000000002,102.4,1228.8000000000002,New,1.0,Critical,102.4,1228.8000000000002,0.8048021342819032,0.04948353971609786,0.04918032786885246,0.3515351745806087,High Value,0.7406140698322434,222,High Priority,Contract Upgrade Offer,40,0.2,245.76000000000005,205.76000000000005,5.144000000000001,77,3080,High,20473.082160000005,17393.082159999998
31,38,Male,34,102.27,Month-to-Month,DSL,3477.18,No,Yes,1,Expected Range,Expected Range,35-44,25-48 Months,Premium,1227.24,102.27,1227.24,Established,1.0,Critical,102.27,1227.24,0.8033570475767009,0.2800507399577167,0.27868852459016397,0.48903270916342223,Top Value,0.7956130836653689,62,High Priority,Contract Upgrade Offer,40,0.2,245.448,205.448,5.1362000000000005,78,3120,High,20718.530160000006,17598.53016
180,72,Female,40,102.25,Month-to-Month,Fiber Optic,4090.0,No,Yes,1,Expected Range,Expected Range,65+,25-48 Months,Premium,1227.0,102.25,1227.0,Established,1.0,Critical,102.25,1227.0,0.8031347265451312,0.3294070270814457,0.3278688524590164,0.5185135632113126,Top Value,0.8074054252845251,48,Immediate Action,Contract Upgrade Offer,40,0.2,245.4,205.4,5.135,79,3160,High,20963.930160000007,17803.93016
489,61,Female,38,102.09,Month-to-Month,DSL,3879.42,No,Yes,1,Expected Range,Expected Range,55-64,25-48 Months,Premium,1225.08,102.09,1225.08,Established,1.0,Critical,102.09,1225.08,0.8013561582925746,0.3124469948655995,0.3114754098360656,0.507767763979006,Top Value,0.8031071055916024,51,Immediate Action,Contract Upgrade Offer,40,0.2,245.016,205.016,5.1254,80,3200,High,21208.946160000007,18008.94616
236,51,Female,35,101.85,Month-to-Month,DSL,3564.75,No,Yes,1,Expected Range,Expected Range,45-54,25-48 Months,Premium,1222.1999999999998,101.85,1222.1999999999998,Established,1.0,Critical,101.85,1222.1999999999998,0.7986883059137395,0.28710359408033825,0.2868852459016394,0.491682891769024,Top Value,0.7966731567076096,58,High Priority,Contract Upgrade Offer,40,0.2,244.43999999999997,204.43999999999997,5.110999999999999,81,3240,High,21453.386160000005,18213.38616
65,53,Female,0,101.66,Month-to-Month,Fiber Optic,0.0,Yes,Yes,1,Expected Range,Expected Range,45-54,0-6 Months,Premium,1219.92,101.66,1219.92,New,1.0,Critical,101.66,1219.92,0.7965762561138285,0.0,0.0,0.3186305024455314,High Value,0.7274522009782125,279,High Priority,Contract Upgrade Offer,40,0.2,243.98400000000004,203.98400000000004,5.099600000000001,82,3280,High,21697.370160000006,18417.37016
670,55,Female,24,100.86,Month-to-Month,No Internet,2420.64,No,Yes,1,Expected Range,Expected Range,55-64,13-24 Months,Premium,1210.32,100.86,1210.32,Developing,1.0,Critical,100.86,1210.32,0.787683414851045,0.1949574146783449,0.19672131147540983,0.4324887889466912,Top Value,0.7729955155786765,102,High Priority,Contract Upgrade Offer,40,0.2,242.064,202.064,5.0516,83,3320,High,21939.434160000004,18619.434159999997
854,56,Female,12,100.18,Month-to-Month,No Internet,1202.16,No,Yes,1,Expected Range,Expected Range,55-64,7-12 Months,Premium,1202.16,100.18,1202.16,Developing,1.0,Critical,100.18,1202.16,0.7801244997776791,0.09682150407731803,0.09836065573770492,0.37052749027255916,High Value,0.7482109961090236,191,High Priority,Contract Upgrade Offer,40,0.2,240.43200000000002,200.43200000000002,5.010800000000001,84,3360,High,22179.866160000005,18819.866159999998
759,36,Female,21,100.16,Month-to-Month,No Internet,2103.36,No,Yes,1,Expected Range,Expected Range,35-44,13-24 Months,Premium,1201.92,100.16,1201.92,Developing,1.0,Critical,100.16,1201.92,0.7799021787461093,0.16940380549682876,0.1721311475409836,0.41428499030757976,Top Value,0.7657139961230319,120,High Priority,Contract Upgrade Offer,40,0.2,240.38400000000001,200.38400000000001,5.009600000000001,85,3400,High,22420.250160000003,19020.250159999996
80,25,Female,6,100.02,Month-to-Month,No Internet,600.12,No,Yes,1,Expected Range,Expected Range,25-34,0-6 Months,Premium,1200.24,100.02,1200.24,New,1.0,Critical,100.02,1200.24,0.7783459315251224,0.04833343400785261,0.04918032786885246,0.3405501564800105,High Value,0.7362200625920042,239,High Priority,Contract Upgrade Offer,40,0.2,240.048,200.048,5.0012,86,3440,High,22660.298160000002,19220.298159999995
273,56,Female,32,99.93,Month-to-Month,No Internet,3197.76,No,Yes,1,Expected Range,Expected Range,55-64,25-48 Months,High,1199.16,99.93,1199.16,Established,1.0,Critical,99.93,1199.16,0.7773454868830594,0.25754636061612807,0.26229508196721313,0.46665319146067186,Top Value,0.7866612765842688,73,High Priority,Contract Upgrade Offer,40,0.2,239.83200000000002,199.83200000000002,4.995800000000001,87,3480,High,22900.13016,19420.130159999993
397,27,Male,0,99.77,Month-to-Month,Fiber Optic,0.0,Yes,Yes,1,Expected Range,Expected Range,25-34,0-6 Months,High,1197.24,99.77,1197.24,New,1.0,Critical,99.77,1197.24,0.7755669186305025,0.0,0.0,0.310226767452201,High Value,0.7240907069808804,298,High Priority,Contract Upgrade Offer,40,0.2,239.448,199.448,4.9862,88,3520,High,23139.57816,19619.578159999994
355,44,Male,4,99.25,Month-to-Month,No Internet,397.0,No,Yes,1,Expected Range,Expected Range,35-44,0-6 Months,High,1191.0,99.25,1191.0,New,1.0,Critical,99.25,1191.0,0.7697865718096932,0.031974227323064534,0.03278688524590164,0.3273023295984253,High Value,0.7309209318393701,270,High Priority,Contract Upgrade Offer,40,0.2,238.20000000000002,198.20000000000002,4.955,89,3560,High,23377.77816,19817.778159999994
125,50,Male,3,98.79,Month-to-Month,DSL,296.37,No,Yes,1,Expected Range,Expected Range,45-54,0-6 Months,High,1185.48,98.79,1185.48,New,1.0,Critical,98.79,1185.48,0.7646731880835929,0.023869525823014194,0.02459016393442623,0.32037115025509866,High Value,0.7281484601020395,275,High Priority,Contract Upgrade Offer,40,0.2,237.096,197.096,4.9274000000000004,90,3600,High,23614.874160000003,20014.874159999996
81,42,Male,7,98.48,Month-to-Month,Fiber Optic,689.36,No,Yes,1,Expected Range,Expected Range,35-44,7-12 Months,High,1181.76,98.48,1181.76,Developing,1.0,Critical,98.48,1181.76,0.7612272120942642,0.05552078928823115,0.05737704918032787,0.33826742338366855,High Value,0.7353069693534674,245,High Priority,Contract Upgrade Offer,40,0.2,236.352,196.352,4.9088,91,3640,High,23851.226160000002,20211.226159999995
645,42,Male,6,98.16,Month-to-Month,Fiber Optic,588.96,No,Yes,1,Expected Range,Expected Range,35-44,0-6 Months,High,1177.92,98.16,1177.92,New,1.0,Critical,98.16,1177.92,0.7576700755891508,0.04743461189972818,0.04918032786885246,0.3319652263677783,High Value,0.7327860905471113,258,High Priority,Contract Upgrade Offer,40,0.2,235.58400000000003,195.58400000000003,4.889600000000001,92,3680,High,24086.81016,20406.810159999994
447,48,Female,4,98.13,Month-to-Month,No Internet,392.52,No,Yes,1,Expected Range,Expected Range,45-54,0-6 Months,High,1177.56,98.13,1177.56,New,1.0,Critical,98.13,1177.56,0.7573365940417964,0.031613409845967985,0.03278688524590164,0.3221960523742828,High Value,0.7288784209497131,274,High Priority,Contract Upgrade Offer,40,0.2,235.512,195.512,4.8878,93,3720,High,24322.32216,20602.322159999992
137,37,Female,82,98.11,Month-to-Month,Fiber Optic,8045.02,No,Yes,1,Expected Range,Expected Range,35-44,73+ Months,High,1177.32,98.11,1177.32,Loyal,0.9988888888888887,Critical,98.00098888888887,1176.0118666666665,0.7571142730102269,0.6479428168730494,0.6721311475409837,0.697658481994904,Top Value,0.8783967261312948,10,Immediate Action,Contract Upgrade Offer,40,0.2,235.2023733333333,195.2023733333333,4.880059333333333,94,3760,High,24557.524533333333,20797.524533333326
595,55,Male,8,97.72,Month-to-Month,No Internet,781.76,No,Yes,1,Expected Range,Expected Range,55-64,7-12 Months,High,1172.6399999999999,97.72,1172.6399999999999,Developing,1.0,Critical,97.72,1172.6399999999999,0.7527790128946199,0.06296264975334742,0.06557377049180328,0.3395419751944704,High Value,0.7358167900777881,242,High Priority,Contract Upgrade Offer,40,0.2,234.528,194.528,4.8632,95,3800,High,24792.05253333333,20992.052533333324
419,56,Male,0,119.11,One-Year,Fiber Optic,0.0,No,Yes,1,Expected Range,Expected Range,55-64,0-6 Months,Premium,1429.32,119.11,1429.32,New,1.0,Critical,119.11,1429.32,0.9905513561582926,0.0,0.0,0.39622054246331706,Top Value,0.7584882169853269,149,High Priority,Complimentary Tech Support,20,0.15,214.398,194.398,9.719899999999999,96,3820,High,25006.450533333333,21186.450533333325
335,54,Female,20,97.52,Month-to-Month,No Internet,1950.4,No,Yes,1,Expected Range,Expected Range,45-54,13-24 Months,High,1170.24,97.52,1170.24,Developing,1.0,Critical,97.52,1170.24,0.7505558025789241,0.15708446592167521,0.1639344262295082,0.396185490661533,Top Value,0.7584741962646132,150,High Priority,Contract Upgrade Offer,40,0.2,234.048,194.048,4.8512,97,3860,High,25240.49853333333,21380.498533333324
40,46,Female,9,97.5,Month-to-Month,No Internet,877.5,No,Yes,1,Expected Range,Expected Range,45-54,7-12 Months,High,1170.0,97.5,1170.0,Developing,1.0,Critical,97.5,1170.0,0.7503334815473546,0.07067351253397765,0.07377049180327869,0.3433117449566537,High Value,0.7373246979826614,235,High Priority,Contract Upgrade Offer,40,0.2,234.0,194.0,4.85,98,3900,High,25474.49853333333,21574.498533333324
741,26,Male,11,117.96,One-Year,No Internet,1297.56,No,Yes,1,Expected Range,Expected Range,25-34,7-12 Months,Premium,1415.52,117.96,1415.52,Developing,1.0,Critical,117.96,1415.52,0.9777678968430414,0.10450498338870431,0.09016393442622951,0.45022488652982046,Top Value,0.7800899546119282,84,High Priority,Complimentary Tech Support,20,0.15,212.328,192.328,9.6164,99,3920,High,25686.826533333333,21766.826533333326
36,32,Female,1,96.8,Month-to-Month,Fiber Optic,96.8,No,Yes,1,Expected Range,Expected Range,25-34,0-6 Months,High,1161.6,96.8,1161.6,New,1.0,Critical,96.8,1161.6,0.7425522454424189,0.007796234772978959,0.00819672131147541,0.30179876067537903,High Value,0.7207195042701516,310,High Priority,Contract Upgrade Offer,40,0.2,232.32,192.32,4.808,100,3960,High,25919.146533333333,21959.146533333325
498,43,Female,6,96.5,Month-to-Month,No Internet,579.0,No,Yes,1,Expected Range,Expected Range,35-44,0-6 Months,High,1158.0,96.5,1158.0,New,1.0,Critical,96.5,1158.0,0.7392174299688752,0.04663243733011175,0.04918032786885246,0.3243034070203023,High Value,0.7297213628081209,272,High Priority,Contract Upgrade Offer,40,0.2,231.60000000000002,191.60000000000002,4.790000000000001,101,4000,High,26150.74653333333,22150.746533333324
204,55,Female,10,96.37,Month-to-Month,Fiber Optic,963.7,No,Yes,1,Expected Range,Expected Range,55-64,7-12 Months,High,1156.44,96.37,1156.44,Developing,1.0,Critical,96.37,1156.44,0.7377723432636729,0.07761602738346925,0.0819672131147541,0.3427663501683719,High Value,0.7371065400673488,236,High Priority,Contract Upgrade Offer,40,0.2,231.288,191.288,4.7822000000000005,102,4040,High,26382.03453333333,22342.034533333324
414,57,Female,6,116.7,One-Year,No Internet,700.2,No,Yes,1,Expected Range,Expected Range,55-64,0-6 Months,Premium,1400.4,116.7,1400.4,New,1.0,Critical,116.7,1400.4,0.9637616718541575,0.056393838719420115,0.04918032786885246,0.41753759426067316,Top Value,0.7670150377042693,116,High Priority,Complimentary Tech Support,20,0.15,210.06,190.06,9.503,103,4060,High,26592.094533333333,22532.094533333326
930,44,Male,44,95.72,Month-to-Month,Fiber Optic,4211.68,No,Yes,1,Expected Range,Expected Range,35-44,25-48 Months,High,1148.6399999999999,95.72,1148.6399999999999,Established,1.0,Critical,95.72,1148.6399999999999,0.7305469097376613,0.33920708748615724,0.36065573770491804,0.5011051789414491,Top Value,0.8004420715765797,55,Immediate Action,Contract Upgrade Offer,40,0.2,229.72799999999998,189.72799999999998,4.7432,104,4100,High,26821.822533333332,22721.822533333325
621,37,Female,27,95.55,Month-to-Month,No Internet,2579.85,No,Yes,1,Expected Range,Expected Range,35-44,25-48 Months,High,1146.6,95.55,1146.6,Established,1.0,Critical,95.55,1146.6,0.7286571809693199,0.20778012684989428,0.2213114754098361,0.41951378563764996,Top Value,0.7678055142550599,114,High Priority,Contract Upgrade Offer,40,0.2,229.32,189.32,4.733,105,4140,High,27051.14253333333,22911.142533333325
625,60,Female,7,115.21,Two-Year,DSL,806.4699999999999,No,Yes,1,Expected Range,Expected Range,55-64,7-12 Months,Premium,1382.52,115.21,1382.52,Developing,0.9979999999999999,Critical,114.97957999999998,1379.7549599999998,0.9471987550022232,0.06495278365045806,0.05737704918032787,0.41595723857363154,Top Value,0.7651828954294525,123,High Priority,Complimentary Tech Support,20,0.15,206.96324399999995,186.96324399999995,9.348162199999997,106,4160,High,27258.10577733333,23098.105777333323
416,37,Male,14,94.44,Month-to-Month,No Internet,1322.16,No,Yes,1,Expected Range,Expected Range,35-44,13-24 Months,High,1133.28,94.44,1133.28,Developing,1.0,Critical,94.44,1133.28,0.7163183637172077,0.1064862579281184,0.11475409836065574,0.35248606035188845,High Value,0.7409944241407553,220,High Priority,Contract Upgrade Offer,40,0.2,226.656,186.656,4.6664,107,4200,High,27484.76177733333,23284.761777333322
159,33,Male,17,114.75,Two-Year,No Internet,1950.75,No,Yes,1,Expected Range,Expected Range,25-34,13-24 Months,Premium,1377.0,114.75,1377.0,Developing,0.9988888888888887,Critical,114.62249999999997,1375.4699999999998,0.9420853712761228,0.1571126547870734,0.13934426229508198,0.46665964325969533,Top Value,0.7859971906372113,75,High Priority,Complimentary Tech Support,20,0.15,206.32049999999995,186.32049999999995,9.316024999999998,108,4220,High,27691.08227733333,23471.082277333324
17,34,Female,13,93.79,Month-to-Month,No Internet,1219.27,No,Yes,1,Expected Range,Expected Range,25-34,13-24 Months,High,1125.48,93.79,1125.48,Developing,1.0,Critical,93.79,1125.48,0.7090929301911963,0.09819953689721131,0.10655737704918034,0.34464635425279755,High Value,0.737858541701119,233,High Priority,Contract Upgrade Offer,40,0.2,225.096,185.096,4.6274,109,4260,High,27916.178277333333,23656.178277333325
139,53,Male,64,93.67,Month-to-Month,Fiber Optic,5994.88,No,Yes,1,Expected Range,Expected Range,45-54,49-72 Months,High,1124.04,93.67,1124.04,Loyal,1.0,Critical,93.67,1124.04,0.7077590040017787,0.4828253297090506,0.5245901639344263,0.5832400079824858,Top Value,0.8332960031929944,24,Immediate Action,Contract Upgrade Offer,40,0.2,224.808,184.808,4.6202,110,4300,High,28140.986277333333,23840.986277333326
417,60,Female,8,93.56,Month-to-Month,Fiber Optic,748.48,No,Yes,1,Expected Range,Expected Range,55-64,7-12 Months,High,1122.72,93.56,1122.72,Developing,1.0,Critical,93.56,1122.72,0.7065362383281459,0.060282291352058794,0.06557377049180328,0.3201067399274298,High Value,0.7280426959709719,276,High Priority,Contract Upgrade Offer,40,0.2,224.544,184.544,4.6136,111,4340,High,28365.530277333335,24025.530277333328
943,51,Male,19,93.19,Month-to-Month,No Internet,1770.61,No,Yes,1,Expected Range,Expected Range,45-54,13-24 Months,High,1118.28,93.19,1118.28,Developing,1.0,Critical,93.19,1118.28,0.7024232992441086,0.14260424846471356,0.1557377049180328,0.3698152328898014,High Value,0.7479260931559205,194,High Priority,Contract Upgrade Offer,40,0.2,223.656,183.656,4.5914,112,4380,High,28589.186277333334,24209.186277333327
188,44,Male,3,112.92,One-Year,No Internet,338.76,No,Yes,1,Expected Range,Expected Range,35-44,0-6 Months,Premium,1355.04,112.92,1355.04,New,1.0,Critical,112.92,1355.04,0.9217429968875057,0.027283600120809423,0.02459016393442623,0.3843939997808921,Top Value,0.7537575999123568,164,High Priority,Complimentary Tech Support,20,0.15,203.256,183.256,9.1628,113,4400,High,28792.442277333335,24392.442277333328
178,59,Male,25,92.97,Month-to-Month,No Internet,2324.25,No,Yes,1,Expected Range,Expected Range,55-64,25-48 Months,High,1115.6399999999999,92.97,1115.6399999999999,Established,1.0,Critical,92.97,1115.6399999999999,0.6999777678968431,0.1871942011476895,0.20491803278688525,0.39673858575714993,Top Value,0.75869543430286,146,High Priority,Contract Upgrade Offer,40,0.2,223.128,183.128,4.5782,114,4440,High,29015.570277333336,24575.57027733333
163,56,Male,13,92.74,Month-to-Month,No Internet,1205.62,No,Yes,1,Expected Range,Expected Range,55-64,13-24 Months,High,1112.8799999999999,92.74,1112.8799999999999,Developing,1.0,Critical,92.74,1112.8799999999999,0.6974210760337929,0.09710017114668276,0.10655737704918034,0.3395928345771512,High Value,0.7358371338308605,240,High Priority,Contract Upgrade Offer,40,0.2,222.576,182.576,4.5644,115,4480,High,29238.146277333337,24758.14627733333
74,60,Male,26,92.52,Month-to-Month,DSL,2405.52,No,Yes,1,Expected Range,Expected Range,55-64,25-48 Months,High,1110.24,92.52,1110.24,Established,1.0,Critical,92.52,1110.24,0.6949755446865273,0.19373965569314405,0.21311475409836067,0.3990777858918015,Top Value,0.7596311143567206,143,High Priority,Contract Upgrade Offer,40,0.2,222.048,182.048,4.5512,116,4520,High,29460.194277333336,24940.19427733333
515,39,Female,5,92.28,Month-to-Month,DSL,461.4,No,Yes,1,Expected Range,Expected Range,35-44,0-6 Months,High,1107.3600000000001,92.28,1107.3600000000001,New,1.0,Critical,92.28,1107.3600000000001,0.6923076923076925,0.03716097855632739,0.04098360655737705,0.30017532105713585,High Value,0.7200701284228543,314,High Priority,Contract Upgrade Offer,40,0.2,221.47200000000004,181.47200000000004,4.536800000000001,117,4560,High,29681.666277333337,25121.66627733333
923,46,Female,25,92.04,Month-to-Month,Fiber Optic,2301.0,No,Yes,1,Expected Range,Expected Range,45-54,25-48 Months,High,1104.48,92.04,1104.48,Established,1.0,Critical,92.04,1104.48,0.6896398399288575,0.18532165508909695,0.20491803278688525,0.39194802344944824,Top Value,0.7567792093797793,157,High Priority,Contract Upgrade Offer,40,0.2,220.89600000000002,180.89600000000002,4.5224,118,4600,High,29902.562277333338,25302.56227733333
445,31,Female,9,111.39,One-Year,No Internet,1002.51,No,Yes,1,Expected Range,Expected Range,25-34,7-12 Months,Premium,1336.68,111.39,1336.68,Developing,1.0,Critical,111.39,1336.68,0.9047354379724324,0.08074176985804893,0.07377049180327869,0.4085964175901098,Top Value,0.763438567036044,130,High Priority,Complimentary Tech Support,20,0.15,200.502,180.502,9.0251,119,4620,High,30103.06427733334,25483.06427733333
544,59,Male,9,91.55,Month-to-Month,Fiber Optic,823.9499999999999,No,Yes,1,Expected Range,Expected Range,55-64,7-12 Months,High,1098.6,91.55,1098.6,Developing,1.0,Critical,91.55,1098.6,0.6841929746554025,0.06636061612805798,0.07377049180327869,0.31534602845780096,High Value,0.7261384113831204,285,High Priority,Contract Upgrade Offer,40,0.2,219.72,179.72,4.493,120,4660,High,30322.78427733334,25662.784277333332
99,45,Male,44,111.09,Two-Year,No Internet,4887.96,No,Yes,1,Expected Range,Expected Range,45-54,25-48 Months,Premium,1333.08,111.09,1333.08,Established,0.9975757575757576,Critical,110.82069090909091,1329.848290909091,0.9014006224988886,0.39367441860465113,0.36065573770491804,0.5885102299374129,Top Value,0.8339495465204196,23,Immediate Action,Complimentary Tech Support,20,0.15,199.47724363636365,179.47724363636365,8.973862181818182,121,4680,High,30522.261520969703,25842.261520969696
887,50,Male,7,91.4,Month-to-Month,DSL,639.8000000000001,No,Yes,1,Expected Range,Expected Range,45-54,7-12 Months,High,1096.8000000000002,91.4,1096.8000000000002,Developing,1.0,Critical,91.4,1096.8000000000002,0.6825255669186308,0.051529245947850605,0.05737704918032787,0.305389725144282,High Value,0.7221558900577127,306,High Priority,Contract Upgrade Offer,40,0.2,219.36000000000004,179.36000000000004,4.484000000000001,122,4720,High,30741.621520969704,26021.621520969697
406,51,Male,74,91.06,Month-to-Month,Fiber Optic,6738.4400000000005,No,Yes,1,Expected Range,Expected Range,45-54,73+ Months,High,1092.72,91.06,1092.72,Loyal,1.0,Critical,91.06,1092.72,0.6787461093819476,0.5427113661532267,0.6065573770491803,0.6130867661687034,Top Value,0.8452347064674813,17,Immediate Action,Contract Upgrade Offer,40,0.2,218.544,178.544,4.4636000000000005,123,4760,High,30960.165520969706,26200.1655209697
763,70,Female,1,110.09,One-Year,No Internet,110.09,No,Yes,1,Expected Range,Expected Range,65+,0-6 Months,Premium,1321.08,110.09,1321.08,New,1.0,Critical,110.09,1321.08,0.8902845709204092,0.008866606261955099,0.00819672131147541,0.3612663208877169,High Value,0.7445065283550867,205,High Priority,Complimentary Tech Support,20,0.15,198.16199999999998,178.16199999999998,8.9081,124,4780,High,31158.327520969706,26378.3275209697
97,47,Male,11,109.93,One-Year,No Internet,1209.23,No,Yes,1,Expected Range,Expected Range,45-54,7-12 Months,Premium,1319.16,109.93,1319.16,Developing,1.0,Critical,109.93,1319.16,0.8885060026678526,0.09739091915836103,0.09016393442622951,0.4120302063791248,Top Value,0.7648120825516499,124,High Priority,Complimentary Tech Support,20,0.15,197.874,177.874,8.893699999999999,125,4800,High,31356.201520969706,26556.2015209697
813,59,Male,17,110.13,One-Year,DSL,1872.21,No,Yes,1,Expected Range,Expected Range,55-64,13-24 Months,Premium,1321.56,110.13,1321.56,Developing,0.9970833333333333,Critical,109.8087875,1317.70545,0.8907292129835482,0.15078707339172456,0.13934426229508198,0.4439032264542934,Top Value,0.7758112905817174,97,High Priority,Complimentary Tech Support,20,0.15,197.65581749999998,177.65581749999998,8.882790875,126,4820,High,31553.857338469705,26733.857338469697
966,59,Female,14,109.49,Two-Year,No Internet,1532.86,No,Yes,1,Expected Range,Expected Range,55-64,13-24 Months,Premium,1313.8799999999999,109.49,1313.8799999999999,Developing,1.0,Critical,109.49,1313.8799999999999,0.8836149399733215,0.12345595489781536,0.11475409836065574,0.42534408479372793,Top Value,0.7701376339174911,107,High Priority,Complimentary Tech Support,20,0.15,197.08199999999997,177.08199999999997,8.854099999999999,127,4840,High,31750.939338469703,26910.939338469696
172,36,Male,0,90.1,Month-to-Month,No Internet,0.0,No,Yes,1,Expected Range,Expected Range,35-44,0-6 Months,High,1081.1999999999998,90.1,1081.1999999999998,New,1.0,Critical,90.1,1081.1999999999998,0.6680746998666074,0.0,0.0,0.267229879946643,Moderate Value,0.7068919519786572,381,High Priority,Contract Upgrade Offer,40,0.2,216.23999999999998,176.23999999999998,4.406,128,4880,High,31967.179338469705,27087.179338469698
272,30,Male,6,90.05,Month-to-Month,No Internet,540.3,No,Yes,1,Expected Range,Expected Range,25-34,0-6 Months,High,1080.6,90.05,1080.6,New,1.0,Critical,90.05,1080.6,0.6675188972876835,0.04351555421322863,0.04918032786885246,0.2945330848569166,High Value,0.7178132339427666,323,High Priority,Contract Upgrade Offer,40,0.2,216.12,176.12,4.4030000000000005,129,4920,High,32183.299338469704,27263.299338469697
94,41,Male,23,90.02,Month-to-Month,No Internet,2070.46,No,Yes,1,Expected Range,Expected Range,35-44,13-24 Months,High,1080.24,90.02,1080.24,Developing,1.0,Critical,90.02,1080.24,0.667185415740329,0.16675405214940098,0.18852459016393444,0.37236923208940553,High Value,0.7489476928357622,187,High Priority,Contract Upgrade Offer,40,0.2,216.048,176.048,4.4012,130,4960,High,32399.347338469703,27439.347338469695
328,52,Female,48,108.67,One-Year,No Internet,5216.16,No,Yes,1,Expected Range,Expected Range,45-54,25-48 Months,Premium,1304.04,108.67,1304.04,Established,1.0,Critical,108.67,1304.04,0.8744997776789685,0.42010752038659016,0.39344262295081966,0.5951981989445989,Top Value,0.8380792795778396,21,Immediate Action,Complimentary Tech Support,20,0.15,195.606,175.606,8.7803,131,4980,High,32594.953338469702,27614.953338469695
991,47,Female,9,108.47,Two-Year,No Internet,976.23,No,Yes,1,Expected Range,Expected Range,45-54,7-12 Months,Premium,1301.6399999999999,108.47,1301.6399999999999,Developing,1.0,Critical,108.47,1301.6399999999999,0.8722765673632726,0.07862518876472364,0.07377049180327869,0.394872065963782,Top Value,0.7579488263855128,154,High Priority,Complimentary Tech Support,20,0.15,195.24599999999998,175.24599999999998,8.7623,132,5000,High,32790.199338469705,27790.199338469694
694,51,Female,39,108.36,One-Year,No Internet,4226.04,No,Yes,1,Expected Range,Expected Range,45-54,25-48 Months,Premium,1300.32,108.36,1300.32,Established,1.0,Critical,108.36,1300.32,0.8710538016896399,0.34036363636363637,0.319672131147541,0.547466826190014,Top Value,0.8189867304760056,35,Immediate Action,Complimentary Tech Support,20,0.15,195.04799999999997,175.04799999999997,8.752399999999998,133,5020,High,32985.24733846971,27965.247338469693
78,42,Female,11,89.58,Month-to-Month,No Internet,985.38,No,Yes,1,Expected Range,Expected Range,35-44,7-12 Months,High,1074.96,89.58,1074.96,Developing,1.0,Critical,89.58,1074.96,0.6622943530457982,0.07936212624584718,0.09016393442622951,0.3152354690109232,High Value,0.7260941876043693,286,High Priority,Contract Upgrade Offer,40,0.2,214.99200000000002,174.99200000000002,4.3748000000000005,134,5060,High,33200.239338469706,28140.23933846969
810,36,Male,11,89.74,Month-to-Month,DSL,987.14,Yes,Yes,1,Expected Range,Expected Range,35-44,7-12 Months,High,1076.8799999999999,89.74,1076.8799999999999,Developing,0.9980952380952381,Critical,89.56906666666667,1074.8288,0.6640729212983548,0.07950387596899225,0.09016393442622951,0.3159965087150466,High Value,0.7252557463431615,291,High Priority,Contract Upgrade Offer,40,0.2,214.96576000000002,174.96576000000002,4.374144,135,5100,High,33415.205098469705,28315.20509846969
20,30,Female,2,89.55,Month-to-Month,Fiber Optic,179.1,No,Yes,1,Expected Range,Expected Range,25-34,0-6 Months,High,1074.6,89.55,1074.6,New,1.0,Critical,89.55,1074.6,0.6619608714984438,0.01442464512231954,0.01639344262295082,0.2739313350479271,High Value,0.7095725340191709,366,High Priority,Contract Upgrade Offer,40,0.2,214.92,174.92,4.372999999999999,136,5140,High,33630.1250984697,28490.12509846969
304,51,Female,2,89.55,Month-to-Month,No Internet,179.1,No,Yes,1,Expected Range,Expected Range,45-54,0-6 Months,High,1074.6,89.55,1074.6,New,1.0,Critical,89.55,1074.6,0.6619608714984438,0.01442464512231954,0.01639344262295082,0.2739313350479271,High Value,0.7095725340191709,367,High Priority,Contract Upgrade Offer,40,0.2,214.92,174.92,4.372999999999999,137,5180,High,33845.0450984697,28665.045098469687
745,50,Female,3,107.95,One-Year,Fiber Optic,323.85,No,Yes,1,Expected Range,Expected Range,45-54,0-6 Months,Premium,1295.4,107.95,1295.4,New,1.0,Critical,107.95,1295.4,0.8664962205424636,0.02608275445484748,0.02459016393442623,0.3618749932597886,High Value,0.7447499973039154,203,High Priority,Complimentary Tech Support,20,0.15,194.31,174.31,8.7155,138,5200,High,34039.3550984697,28839.35509846969
500,31,Male,18,89.28,Month-to-Month,No Internet,1607.04,No,Yes,1,Expected Range,Expected Range,25-34,13-24 Months,High,1071.3600000000001,89.28,1071.3600000000001,Developing,1.0,Critical,89.28,1071.3600000000001,0.6589595375722545,0.12943038356991846,0.14754098360655737,0.34576969518001255,High Value,0.738307878072005,231,High Priority,Contract Upgrade Offer,40,0.2,214.27200000000005,174.27200000000005,4.356800000000002,139,5240,High,34253.6270984697,29013.62709846969
483,28,Male,11,89.13,Month-to-Month,No Internet,980.43,No,Yes,1,Expected Range,Expected Range,25-34,7-12 Months,High,1069.56,89.13,1069.56,Developing,1.0,Critical,89.13,1069.56,0.6572921298354825,0.07896345514950165,0.09016393442622951,0.31309504484307593,High Value,0.7252380179372304,292,High Priority,Contract Upgrade Offer,40,0.2,213.912,173.912,4.3478,140,5280,High,34467.53909846969,29187.53909846969
550,38,Male,8,89.08,Month-to-Month,DSL,712.64,Yes,Yes,1,Expected Range,Expected Range,35-44,7-12 Months,High,1068.96,89.08,1068.96,Developing,1.0,Critical,89.08,1068.96,0.6567363272565585,0.057395751535286414,0.06557377049180328,0.2991764865629245,High Value,0.7196705946251698,317,High Priority,Contract Upgrade Offer,40,0.2,213.79200000000003,173.79200000000003,4.344800000000001,141,5320,High,34681.331098469695,29361.33109846969
960,49,Female,3,89.23,Month-to-Month,Fiber Optic,267.69,Yes,Yes,1,Expected Range,Expected Range,45-54,0-6 Months,High,1070.76,89.23,1070.76,New,0.9975203252032521,Critical,89.00873861788618,1068.104863414634,0.6584037349933305,0.02155964965267291,0.02459016393442623,0.2770549123593743,High Value,0.7093341600657009,371,High Priority,Contract Upgrade Offer,40,0.2,213.62097268292683,173.62097268292683,4.340524317073171,142,5360,High,34894.95207115262,29534.952071152617
122,35,Male,0,88.89,Month-to-Month,Fiber Optic,0.0,No,Yes,1,Expected Range,Expected Range,35-44,0-6 Months,High,1066.68,88.89,1066.68,New,1.0,Critical,88.89,1066.68,0.6546242774566475,0.0,0.0,0.261849710982659,Moderate Value,0.7047398843930636,400,High Priority,Contract Upgrade Offer,40,0.2,213.336,173.336,4.3334,143,5400,High,35108.28807115262,29708.288071152616
44,41,Male,10,88.87,Month-to-Month,DSL,888.7,Yes,Yes,1,Expected Range,Expected Range,35-44,7-12 Months,High,1066.44,88.87,1066.44,Developing,1.0,Critical,88.87,1066.44,0.6544019564250779,0.07157555622671902,0.0819672131147541,0.30730403052807137,High Value,0.7229216122112285,304,High Priority,Contract Upgrade Offer,40,0.2,213.288,173.288,4.3322,144,5440,High,35321.57607115262,29881.576071152616
288,50,Female,11,107.38,One-Year,No Internet,1181.1799999999998,No,Yes,1,Expected Range,Expected Range,45-54,7-12 Months,Premium,1288.56,107.38,1288.56,Developing,1.0,Critical,107.38,1288.56,0.8601600711427302,0.09513178294573642,0.09016393442622951,0.3999011360946572,Top Value,0.7599604544378629,142,High Priority,Complimentary Tech Support,20,0.15,193.284,173.284,8.6642,145,5460,High,35514.86007115262,30054.860071152616
274,45,Male,52,107.6,Two-Year,No Internet,5595.2,No,Yes,1,Expected Range,Expected Range,45-54,49-72 Months,Premium,1291.1999999999998,107.6,1291.1999999999998,Loyal,0.9975757575757576,Critical,107.33915151515151,1288.0698181818182,0.8626056024899955,0.4506352562166515,0.42622950819672134,0.6093219577210066,Top Value,0.8422742376338571,19,Immediate Action,Complimentary Tech Support,20,0.15,193.21047272727273,173.21047272727273,8.660523636363637,146,5480,High,35708.0705438799,30228.07054387989
111,25,Female,9,107.22,Two-Year,No Internet,964.98,No,Yes,1,Expected Range,Expected Range,25-34,7-12 Months,Premium,1286.6399999999999,107.22,1286.6399999999999,Developing,1.0,Critical,107.22,1286.6399999999999,0.8583815028901736,0.07771911809121111,0.07377049180327869,0.38899691543881304,Top Value,0.7555987661755252,160,High Priority,Complimentary Tech Support,20,0.15,192.99599999999998,172.99599999999998,8.649799999999999,147,5500,High,35901.0665438799,30401.06654387989
971,46,Female,12,88.34,Month-to-Month,No Internet,1060.08,No,Yes,1,Expected Range,Expected Range,45-54,7-12 Months,High,1060.08,88.34,1060.08,Developing,1.0,Critical,88.34,1060.08,0.6485104490884839,0.08537843551797039,0.09836065573770492,0.3138767960011094,High Value,0.7255507184004437,287,High Priority,Contract Upgrade Offer,40,0.2,212.016,172.016,4.3004,148,5540,High,36113.0825438799,30573.08254387989
862,29,Male,1,106.6,One-Year,No Internet,106.6,No,Yes,1,Expected Range,Expected Range,25-34,0-6 Months,Premium,1279.1999999999998,106.6,1279.1999999999998,New,1.0,Critical,106.6,1279.1999999999998,0.8514895509115163,0.008585523004127654,0.00819672131147541,0.34564993374392006,High Value,0.738259973497568,232,High Priority,Complimentary Tech Support,20,0.15,191.87999999999997,171.87999999999997,8.593999999999998,149,5560,High,36304.9625438799,30744.96254387989
793,47,Female,17,106.45,One-Year,No Internet,1809.65,No,Yes,1,Expected Range,Expected Range,45-54,13-24 Months,Premium,1277.4,106.45,1277.4,Developing,1.0,Critical,106.45,1277.4,0.8498221431747444,0.14574851505084063,0.13934426229508198,0.42577690311146243,Top Value,0.770310761244585,106,High Priority,Complimentary Tech Support,20,0.15,191.61,171.61,8.5805,150,5580,High,36496.5725438799,30916.57254387989
975,40,Male,5,88.39,Month-to-Month,Fiber Optic,441.95,Yes,Yes,1,Expected Range,Expected Range,35-44,0-6 Months,High,1060.68,88.39,1060.68,New,0.9975203252032521,Critical,88.17082154471545,1058.0498585365854,0.6490662516674078,0.0355944830363435,0.04098360655737705,0.2823304713690276,High Value,0.7114443836695623,358,High Priority,Contract Upgrade Offer,40,0.2,211.60997170731707,171.60997170731707,4.290249292682927,151,5620,High,36708.182515587214,31088.182515587207
1,49,Male,4,88.35,Month-to-Month,Fiber Optic,353.4,Yes,Yes,1,Expected Range,Expected Range,45-54,0-6 Months,High,1060.1999999999998,88.35,1060.1999999999998,New,0.9975203252032521,Critical,88.13092073170732,1057.571048780488,0.6486216096042686,0.028462700090607064,0.03278688524590164,0.2776073101848954,High Value,0.7095551191959093,368,High Priority,Contract Upgrade Offer,40,0.2,211.51420975609759,171.51420975609759,4.28785524390244,152,5660,High,36919.69672534331,31259.696725343303
179,42,Male,15,105.43,One-Year,DSL,1581.45,No,Yes,1,Expected Range,Expected Range,35-44,13-24 Months,Premium,1265.16,105.43,1265.16,Developing,1.0,Critical,105.43,1265.16,0.8384837705646957,0.12736937481123528,0.12295081967213116,0.41071049432784346,Top Value,0.7642841977311374,127,High Priority,Complimentary Tech Support,20,0.15,189.774,169.774,8.4887,153,5680,High,37109.47072534331,31429.470725343304
919,40,Female,5,87.4,Month-to-Month,No Internet,437.0,No,Yes,1,Expected Range,Expected Range,35-44,0-6 Months,High,1048.8000000000002,87.4,1048.8000000000002,New,1.0,Critical,87.4,1048.8000000000002,0.6380613606047133,0.03519581193999798,0.04098360655737705,0.2777889800602289,High Value,0.7111155920240916,361,High Priority,Contract Upgrade Offer,40,0.2,209.76000000000005,169.76000000000005,4.2440000000000015,154,5720,High,37319.23072534331,31599.230725343303
173,44,Female,12,105.36,Two-Year,No Internet,1264.32,No,Yes,1,Expected Range,Expected Range,35-44,7-12 Months,Premium,1264.32,105.36,1264.32,Developing,1.0,Critical,105.36,1264.32,0.8377056469542019,0.10182784657203262,0.09836065573770492,0.3953121690163185,Top Value,0.7581248676065274,151,High Priority,Complimentary Tech Support,20,0.15,189.648,169.648,8.4824,155,5740,High,37508.87872534331,31768.878725343304
848,69,Male,15,104.84,One-Year,No Internet,1572.6,No,Yes,1,Expected Range,Expected Range,65+,13-24 Months,Premium,1258.08,104.84,1258.08,Developing,1.0,Critical,104.84,1258.08,0.8319253001333928,0.12665659921473874,0.12295081967213116,0.4078376346965485,Top Value,0.7631350538786194,133,High Priority,Complimentary Tech Support,20,0.15,188.712,168.712,8.435599999999999,156,5760,High,37697.59072534331,31937.590725343303
593,49,Female,33,86.68,Month-to-Month,No Internet,2860.44,No,Yes,1,Expected Range,Expected Range,45-54,25-48 Months,High,1040.16,86.68,1040.16,Established,1.0,Critical,86.68,1040.16,0.6300578034682083,0.23037873754152824,0.27049180327868855,0.4002786303464903,Top Value,0.7601114521385961,139,High Priority,Contract Upgrade Offer,40,0.2,208.03200000000004,168.03200000000004,4.200800000000001,157,5800,High,37905.62272534331,32105.622725343303
805,40,Female,1,86.82,Month-to-Month,Fiber Optic,86.82,Yes,Yes,1,Expected Range,Expected Range,35-44,0-6 Months,High,1041.84,86.82,1041.84,New,0.9975203252032521,Critical,86.60471463414633,1039.256575609756,0.6316140506891952,0.006992449411054062,0.00819672131147541,0.25714215789741585,Moderate Value,0.7013690582809176,416,High Priority,Contract Upgrade Offer,40,0.2,207.85131512195122,167.85131512195122,4.19628287804878,158,5840,High,38113.47404046526,32273.474040465255
728,48,Male,8,104.35,One-Year,DSL,834.8,No,Yes,1,Expected Range,Expected Range,45-54,7-12 Months,Premium,1252.1999999999998,104.35,1252.1999999999998,Developing,1.0,Critical,104.35,1252.1999999999998,0.8264784348599379,0.06723447095540118,0.06557377049180328,0.37051688140131644,High Value,0.7482067525605266,192,High Priority,Complimentary Tech Support,20,0.15,187.82999999999996,167.82999999999996,8.391499999999997,159,5860,High,38301.304040465264,32441.304040465257
311,42,Male,0,104.31,Two-Year,No Internet,0.0,No,Yes,1,Expected Range,Expected Range,35-44,0-6 Months,Premium,1251.72,104.31,1251.72,New,1.0,Critical,104.31,1251.72,0.8260337927967987,0.0,0.0,0.33041351711871947,High Value,0.7321654068474878,262,High Priority,Complimentary Tech Support,20,0.15,187.758,167.758,8.3879,160,5880,High,38489.062040465265,32609.062040465258
537,36,Female,2,104.13,One-Year,No Internet,208.26,No,Yes,1,Expected Range,Expected Range,35-44,0-6 Months,Premium,1249.56,104.13,1249.56,New,1.0,Critical,104.13,1249.56,0.8240329035126723,0.016773180308064028,0.01639344262295082,0.33958213516862906,High Value,0.7358328540674516,241,High Priority,Complimentary Tech Support,20,0.15,187.434,167.434,8.3717,161,5900,High,38676.49604046527,32776.49604046526
63,33,Male,15,103.96,One-Year,No Internet,1559.4,No,Yes,1,Expected Range,Expected Range,25-34,13-24 Months,Premium,1247.52,103.96,1247.52,Developing,1.0,Critical,103.96,1247.52,0.8221431747443309,0.12559347629115072,0.12295081967213116,0.40355269151766787,Top Value,0.7614210766070671,136,High Priority,Complimentary Tech Support,20,0.15,187.128,167.128,8.356399999999999,162,5920,High,38863.62404046526,32943.624040465256
523,38,Female,0,103.86,Two-Year,No Internet,0.0,No,Yes,1,Expected Range,Expected Range,35-44,0-6 Months,Premium,1246.32,103.86,1246.32,New,1.0,Critical,103.86,1246.32,0.8210315695864829,0.0,0.0,0.3284126278345932,High Value,0.7313650511338372,267,High Priority,Complimentary Tech Support,20,0.15,186.94799999999998,166.94799999999998,8.347399999999999,163,5940,High,39050.57204046526,33110.57204046525
920,46,Male,2,103.81,One-Year,No Internet,207.62,No,Yes,1,Expected Range,Expected Range,45-54,0-6 Months,Premium,1245.72,103.81,1245.72,New,1.0,Critical,103.81,1245.72,0.8204757670075591,0.016721634954193095,0.01639344262295082,0.3381412396927289,High Value,0.7352564958770915,246,High Priority,Complimentary Tech Support,20,0.15,186.858,166.858,8.3429,164,5960,High,39237.43004046526,33277.43004046525
210,83,Male,2,86.04,Month-to-Month,DSL,172.08,No,Yes,1,Review,Expected Range,65+,0-6 Months,High,1032.48,86.04,1032.48,New,1.0,Critical,86.04,1032.48,0.6229435304579815,0.013859257022047721,0.01639344262295082,0.258126512796647,Moderate Value,0.7032506051186588,406,High Priority,Contract Upgrade Offer,40,0.2,206.496,166.496,4.1624,165,6000,Critical,39443.92604046526,33443.92604046525
132,45,Female,62,86.22,Month-to-Month,DSL,5345.64,No,Yes,1,Expected Range,Expected Range,45-54,49-72 Months,High,1034.6399999999999,86.22,1034.6399999999999,Loyal,0.9976190476190476,Critical,86.01471428571429,1032.1765714285716,0.6249444197421077,0.4305357897916038,0.5081967213114754,0.5277144746517732,Top Value,0.8096572184321378,46,Immediate Action,Contract Upgrade Offer,40,0.2,206.43531428571433,166.43531428571433,4.160882857142858,166,6040,High,39650.361354750974,33610.36135475097
218,42,Male,14,103.53,One-Year,No Internet,1449.42,No,Yes,1,Expected Range,Expected Range,35-44,13-24 Months,Premium,1242.3600000000001,103.53,1242.3600000000001,Developing,1.0,Critical,103.53,1242.3600000000001,0.8173632725655848,0.11673572938689218,0.11475409836065574,0.39649133890181015,Top Value,0.758596535560724,148,High Priority,Complimentary Tech Support,20,0.15,186.354,166.354,8.3177,167,6060,Critical,39836.71535475097,33776.715354750966
35,53,Female,5,85.84,Month-to-Month,DSL,429.2000000000001,Yes,Yes,1,Expected Range,Expected Range,45-54,0-6 Months,High,1030.08,85.84,1030.08,New,1.0,Critical,85.84,1030.08,0.6207203201422856,0.03456760293969597,0.04098360655737705,0.27063269072515206,High Value,0.7082530762900608,375,High Priority,Contract Upgrade Offer,40,0.2,206.016,166.016,4.150399999999999,168,6100,Critical,40042.73135475098,33942.73135475097
899,57,Male,8,85.73,Month-to-Month,Fiber Optic,685.84,No,Yes,1,Expected Range,Expected Range,55-64,7-12 Months,High,1028.76,85.73,1028.76,Developing,1.0,Critical,85.73,1028.76,0.6194975544686528,0.055237289841941005,0.06557377049180328,0.28352551585509134,High Value,0.7134102063420366,351,High Priority,Contract Upgrade Offer,40,0.2,205.752,165.752,4.143800000000001,169,6140,Critical,40248.48335475098,34108.48335475097
904,57,Male,9,85.54,Month-to-Month,DSL,769.86,No,Yes,1,Expected Range,Expected Range,55-64,7-12 Months,High,1026.48,85.54,1026.48,Developing,1.0,Critical,85.54,1026.48,0.6173855046687419,0.06200422832980972,0.07377049180327869,0.2870983047337498,High Value,0.7148393218934999,344,High Priority,Contract Upgrade Offer,40,0.2,205.29600000000002,165.29600000000002,4.1324000000000005,170,6180,Critical,40453.77935475098,34273.77935475097
363,43,Male,4,85.36,Month-to-Month,No Internet,341.44,No,Yes,1,Expected Range,Expected Range,35-44,0-6 Months,High,1024.32,85.36,1024.32,New,1.0,Critical,85.36,1024.32,0.6153846153846154,0.027499446290143965,0.03278688524590164,0.26397537366687196,Moderate Value,0.7055901494667488,390,High Priority,Contract Upgrade Offer,40,0.2,204.864,164.864,4.1216,171,6220,Critical,40658.64335475098,34438.64335475097
110,44,Male,18,102.6,One-Year,No Internet,1846.8,No,Yes,1,Expected Range,Expected Range,35-44,13-24 Months,Premium,1231.1999999999998,102.6,1231.1999999999998,Developing,1.0,Critical,102.6,1231.1999999999998,0.807025344597599,0.14874056176381756,0.14754098360655737,0.4117545803580151,Top Value,0.764701832143206,125,High Priority,Complimentary Tech Support,20,0.15,184.67999999999998,164.67999999999998,8.233999999999998,172,6240,Critical,40843.32335475098,34603.32335475097
926,29,Female,3,85.23,Month-to-Month,No Internet,255.69,No,Yes,1,Expected Range,Expected Range,25-34,0-6 Months,High,1022.76,85.23,1022.76,New,1.0,Critical,85.23,1022.76,0.6139395286794131,0.02059317426759287,0.02459016393442623,0.2589309634490293,Moderate Value,0.7035723853796118,404,High Priority,Contract Upgrade Offer,40,0.2,204.55200000000002,164.55200000000002,4.1138,173,6280,Critical,41047.875354750984,34767.87535475098
994,38,Male,4,102.27,One-Year,Fiber Optic,409.08,No,Yes,1,Expected Range,Expected Range,35-44,0-6 Months,Premium,1227.24,102.27,1227.24,New,1.0,Critical,102.27,1227.24,0.8033570475767009,0.03294714587737843,0.03278688524590164,0.3410710413992383,High Value,0.7364284165596953,238,High Priority,Complimentary Tech Support,20,0.15,184.08599999999998,164.08599999999998,8.2043,174,6300,Critical,41231.96135475099,34931.96135475098
383,23,Male,2,102.13,One-Year,No Internet,204.26,No,Yes,1,Expected Range,Expected Range,Under 25,0-6 Months,Premium,1225.56,102.13,1225.56,New,1.0,Critical,102.13,1225.56,0.8018008003557138,0.01645102184637068,0.01639344262295082,0.33057653844425294,High Value,0.7322306153777012,261,High Priority,Complimentary Tech Support,20,0.15,183.83399999999997,163.83399999999997,8.191699999999999,175,6320,Critical,41415.79535475099,35095.79535475098
379,66,Female,44,84.75,Month-to-Month,No Internet,3729.0,No,Yes,1,Expected Range,Expected Range,65+,25-48 Months,High,1017.0,84.75,1017.0,Established,1.0,Critical,84.75,1017.0,0.6086038239217431,0.30033222591362124,0.36065573770491804,0.4387217430646942,Top Value,0.7754886972258777,98,High Priority,Contract Upgrade Offer,40,0.2,203.4,163.4,4.085,176,6360,Critical,41619.19535475099,35259.195354750984
869,51,Male,1,84.64,Month-to-Month,DSL,84.64,No,Yes,1,Expected Range,Expected Range,45-54,0-6 Months,High,1015.6800000000001,84.64,1015.6800000000001,New,1.0,Critical,84.64,1015.6800000000001,0.6073810582481104,0.0068168730494311885,0.00819672131147541,0.24738750919441393,Moderate Value,0.6989550036777655,423,High Priority,Contract Upgrade Offer,40,0.2,203.13600000000002,163.13600000000002,4.0784,177,6400,Critical,41822.33135475099,35422.33135475098
792,47,Female,0,84.54,Month-to-Month,DSL,0.0,Yes,Yes,1,Expected Range,Expected Range,45-54,0-6 Months,High,1014.48,84.54,1014.48,New,1.0,Critical,84.54,1014.48,0.6062694530902625,0.0,0.0,0.242507781236105,Moderate Value,0.697003112494442,430,High Priority,Contract Upgrade Offer,40,0.2,202.89600000000002,162.89600000000002,4.0724,178,6440,Critical,42025.22735475099,35585.22735475098
631,28,Female,32,84.32,Month-to-Month,No Internet,2698.24,No,Yes,1,Expected Range,Expected Range,25-34,25-48 Months,High,1011.8399999999999,84.32,1011.8399999999999,Established,1.0,Critical,84.32,1011.8399999999999,0.6038239217429969,0.21731521191986305,0.26229508196721313,0.38316366336095414,Top Value,0.7532654653443817,167,High Priority,Contract Upgrade Offer,40,0.2,202.368,162.368,4.0592,179,6480,Critical,42227.59535475099,35747.595354750985
829,40,Female,26,101.3,Two-Year,No Internet,2633.7999999999997,No,Yes,1,Expected Range,Expected Range,35-44,25-48 Months,Premium,1215.6,101.3,1215.6,Established,1.0,Critical,101.3,1215.6,0.7925744775455759,0.21212523910198325,0.21311475409836067,0.4445523132285147,Top Value,0.7778209252914059,91,High Priority,Complimentary Tech Support,20,0.15,182.33999999999997,162.33999999999997,8.116999999999999,180,6500,Critical,42409.93535475099,35909.93535475098
819,45,Female,4,84.08,Month-to-Month,DSL,336.32,Yes,Yes,1,Expected Range,Expected Range,45-54,0-6 Months,High,1008.96,84.08,1008.96,New,1.0,Critical,84.08,1008.96,0.6011560693641619,0.027087083459176483,0.03278688524590164,0.2581396282678519,Moderate Value,0.7032558513071407,405,High Priority,Contract Upgrade Offer,40,0.2,201.79200000000003,161.79200000000003,4.0448,181,6540,Critical,42611.72735475099,36071.72735475098
778,42,Female,6,84.28,Month-to-Month,Fiber Optic,505.68,Yes,Yes,1,Expected Range,Expected Range,35-44,0-6 Months,High,1011.36,84.28,1011.36,New,0.9975203252032521,Critical,84.07101300813008,1008.852156097561,0.6033792796798578,0.04072727272727273,0.04918032786885246,0.26790133929370175,Moderate Value,0.7056727308394319,389,High Priority,Contract Upgrade Offer,40,0.2,201.7704312195122,161.7704312195122,4.0442607804878055,182,6580,High,42813.4977859705,36233.497785970496
43,43,Male,2,83.74,Month-to-Month,No Internet,167.48,No,Yes,1,Expected Range,Expected Range,35-44,0-6 Months,High,1004.8799999999999,83.74,1004.8799999999999,New,1.0,Critical,83.74,1004.8799999999999,0.5973766118274789,0.013488774791100371,0.01639344262295082,0.24777007656361444,Moderate Value,0.6991080306254458,422,High Priority,Contract Upgrade Offer,40,0.2,200.976,160.976,4.0244,183,6620,Critical,43014.473785970506,36394.4737859705
434,52,Female,13,83.57,Month-to-Month,No Internet,1086.41,No,Yes,1,Expected Range,Expected Range,45-54,13-24 Months,High,1002.8399999999999,83.57,1002.8399999999999,Developing,1.0,Critical,83.57,1002.8399999999999,0.5954868830591374,0.08749904359206685,0.10655737704918034,0.29545876274317345,High Value,0.7181835050972694,320,High Priority,Contract Upgrade Offer,40,0.2,200.56799999999998,160.56799999999998,4.0142,184,6660,Critical,43215.041785970505,36555.0417859705
497,34,Female,16,83.54,Month-to-Month,No Internet,1336.64,No,Yes,1,Expected Range,Expected Range,25-34,13-24 Months,High,1002.48,83.54,1002.48,Developing,1.0,Critical,83.54,1002.48,0.5951534015117832,0.1076524715594483,0.13114754098360656,0.3085266108964218,High Value,0.7234106443585687,303,High Priority,Contract Upgrade Offer,40,0.2,200.496,160.496,4.0124,185,6700,Critical,43415.537785970504,36715.5377859705
777,37,Male,7,83.48,Month-to-Month,DSL,584.36,Yes,Yes,1,Expected Range,Expected Range,35-44,7-12 Months,High,1001.76,83.48,1001.76,Developing,0.9975,Critical,83.27130000000001,999.2556000000002,0.5944864384170744,0.04706412966878083,0.05737704918032787,0.268611283045985,High Value,0.705944513218394,387,High Priority,Contract Upgrade Offer,40,0.2,199.85112000000004,159.85112000000004,3.996278000000001,186,6740,High,43615.3889059705,36875.388905970496
387,48,Female,0,99.55,Two-Year,No Internet,0.0,No,Yes,1,Expected Range,Expected Range,45-54,0-6 Months,High,1194.6,99.55,1194.6,New,1.0,Critical,99.55,1194.6,0.773121387283237,0.0,0.0,0.30924855491329484,High Value,0.7236994219653179,300,High Priority,Complimentary Tech Support,20,0.15,179.18999999999997,159.18999999999997,7.9594999999999985,187,6760,Critical,43794.578905970506,37034.5789059705
953,32,Female,40,82.61,Month-to-Month,No Internet,3304.4,No,Yes,1,Expected Range,Expected Range,25-34,25-48 Months,High,991.3199999999999,82.61,991.3199999999999,Established,1.0,Critical,82.61,991.3199999999999,0.5848154735437974,0.26613510520487266,0.3278688524590164,0.4090406893539785,Top Value,0.7636162757415914,129,High Priority,Contract Upgrade Offer,40,0.2,198.264,158.264,3.9566000000000003,188,6800,Critical,43992.84290597051,37192.8429059705
28,48,Male,7,82.53,Month-to-Month,No Internet,577.71,No,Yes,1,Expected Range,Expected Range,45-54,7-12 Months,High,990.36,82.53,990.36,Developing,1.0,Critical,82.53,990.36,0.583926189417519,0.04652854122621565,0.05737704918032787,0.264199727491265,Moderate Value,0.705679890996506,388,High Priority,Contract Upgrade Offer,40,0.2,198.072,158.072,3.9518,189,6840,Critical,44190.91490597051,37350.9149059705
929,60,Male,3,82.48,Month-to-Month,DSL,247.44,No,Yes,1,Expected Range,Expected Range,55-64,0-6 Months,High,989.76,82.48,989.76,New,1.0,Critical,82.48,989.76,0.5833703868385951,0.019928722440350346,0.02459016393442623,0.24647074857316723,Moderate Value,0.6985882994292669,426,High Priority,Contract Upgrade Offer,40,0.2,197.952,157.952,3.9488,190,6880,Critical,44388.866905970506,37508.8669059705
980,52,Female,34,82.36,Month-to-Month,Fiber Optic,2800.24,No,Yes,1,Expected Range,Expected Range,45-54,25-48 Months,High,988.3199999999999,82.36,988.3199999999999,Established,1.0,Critical,82.36,988.3199999999999,0.5820364606491775,0.22553025269304336,0.27868852459016397,0.38142230384977716,Top Value,0.7525689215399108,170,High Priority,Contract Upgrade Offer,40,0.2,197.664,157.664,3.9415999999999998,191,6920,Critical,44586.5309059705,37666.530905970496
127,35,Male,28,98.61,One-Year,No Internet,2761.08,No,Yes,1,Expected Range,Expected Range,35-44,25-48 Months,High,1183.32,98.61,1183.32,Established,1.0,Critical,98.61,1183.32,0.7626722987994665,0.22237632135306554,0.22950819672131148,0.44027768117368743,Top Value,0.776111072469475,96,High Priority,Complimentary Tech Support,20,0.15,177.498,157.498,7.874899999999999,192,6940,Critical,44764.0289059705,37824.028905970496
257,57,Female,33,82.26,Month-to-Month,No Internet,2714.5800000000004,No,Yes,1,Expected Range,Expected Range,55-64,25-48 Months,High,987.1200000000001,82.26,987.1200000000001,Established,1.0,Critical,82.26,987.1200000000001,0.5809248554913297,0.21863122923588044,0.27049180327868855,0.37651382324876215,High Value,0.7506055292995049,181,High Priority,Contract Upgrade Offer,40,0.2,197.42400000000004,157.42400000000004,3.935600000000001,193,6980,Critical,44961.4529059705,37981.452905970495
707,32,Female,5,98.41,Two-Year,No Internet,492.0499999999999,No,Yes,1,Expected Range,Expected Range,25-34,0-6 Months,High,1180.92,98.41,1180.92,New,1.0,Critical,98.41,1180.92,0.7604490884837707,0.039629517769052644,0.04098360655737705,0.32829586825202095,High Value,0.7313183473008084,268,High Priority,Complimentary Tech Support,20,0.15,177.138,157.138,7.8569,194,7000,Critical,45138.5909059705,38138.59090597049
298,48,Male,14,82.14,Month-to-Month,No Internet,1149.96,No,Yes,1,Expected Range,Expected Range,45-54,13-24 Months,High,985.6800000000001,82.14,985.6800000000001,Developing,1.0,Critical,82.14,985.6800000000001,0.579590929301912,0.09261733615221987,0.11475409836065574,0.29294096396420566,High Value,0.7171763855856823,328,High Priority,Contract Upgrade Offer,40,0.2,197.13600000000002,157.13600000000002,3.928400000000001,195,7040,Critical,45335.7269059705,38295.72690597049
46,37,Male,1,82.09,Month-to-Month,No Internet,82.09,No,Yes,1,Expected Range,Expected Range,35-44,0-6 Months,High,985.08,82.09,985.08,New,1.0,Critical,82.09,985.08,0.5790351267229881,0.006611497030101682,0.00819672131147541,0.2359772549775997,Moderate Value,0.6943909019910399,436,High Priority,Contract Upgrade Offer,40,0.2,197.01600000000002,157.01600000000002,3.9254000000000007,196,7080,Critical,45532.7429059705,38452.742905970495
892,50,Female,8,82.06,Month-to-Month,DSL,656.48,Yes,Yes,1,Expected Range,Expected Range,45-54,7-12 Months,High,984.72,82.06,984.72,Developing,1.0,Critical,82.06,984.72,0.5787016451756337,0.05287264673311185,0.06557377049180328,0.26637952704979345,Moderate Value,0.7065518108199174,383,High Priority,Contract Upgrade Offer,40,0.2,196.94400000000002,156.94400000000002,3.9236000000000004,197,7120,Critical,45729.686905970506,38609.6869059705
104,36,Female,20,81.9,Month-to-Month,No Internet,1638.0,No,Yes,1,Expected Range,Expected Range,35-44,13-24 Months,High,982.8000000000001,81.9,982.8000000000001,Developing,1.0,Critical,81.9,982.8000000000001,0.5769230769230771,0.13192389006342495,0.1639344262295082,0.31792619884880663,High Value,0.7271704795395226,281,High Priority,Contract Upgrade Offer,40,0.2,196.56000000000003,156.56000000000003,3.9140000000000006,198,7160,Critical,45926.2469059705,38766.246905970496
271,59,Female,5,81.69,Month-to-Month,Fiber Optic,408.45,Yes,Yes,1,Expected Range,Expected Range,55-64,0-6 Months,High,980.28,81.69,980.28,New,0.9986666666666667,Critical,81.58108,978.9729600000001,0.5745887060915963,0.03289640591966173,0.04098360655737705,0.2515951261478644,Moderate Value,0.6998380504591457,420,High Priority,Contract Upgrade Offer,40,0.2,195.79459200000002,155.79459200000002,3.8948648000000006,199,7200,High,46122.0414979705,38922.041497970495
315,58,Female,36,81.41,Month-to-Month,DSL,2930.76,No,Yes,1,Expected Range,Expected Range,55-64,25-48 Months,High,976.92,81.41,976.92,Established,0.9976190476190476,Critical,81.21616666666667,974.594,0.5714762116496221,0.23604228329809726,0.29508196721311475,0.38497577561746155,Top Value,0.7525617388184132,171,High Priority,Contract Upgrade Offer,40,0.2,194.91880000000003,154.91880000000003,3.872970000000001,200,7240,High,46316.9602979705,39076.960297970494
997,62,Male,9,80.93,Month-to-Month,No Internet,728.3700000000001,No,Yes,1,Expected Range,Expected Range,55-64,7-12 Months,High,971.1600000000001,80.93,971.1600000000001,Developing,1.0,Critical,80.93,971.1600000000001,0.5661405068919522,0.05866263968589551,0.07377049180327869,0.265430749597664,Moderate Value,0.7061722998390656,386,High Priority,Contract Upgrade Offer,40,0.2,194.23200000000003,154.23200000000003,3.855800000000001,201,7280,Critical,46511.192297970505,39231.1922979705
864,62,Female,6,80.92,Month-to-Month,No Internet,485.52,No,Yes,1,Expected Range,Expected Range,55-64,0-6 Months,High,971.04,80.92,971.04,New,1.0,Critical,80.92,971.04,0.5660293463761673,0.03910359408033826,0.04918032786885246,0.25239307844579845,Moderate Value,0.7009572313783193,417,High Priority,Contract Upgrade Offer,40,0.2,194.208,154.208,3.8552,202,7320,Critical,46705.400297970504,39385.4002979705
390,39,Female,0,80.92,Month-to-Month,No Internet,0.0,No,Yes,1,Expected Range,Expected Range,35-44,0-6 Months,High,971.04,80.92,971.04,New,1.0,Critical,80.92,971.04,0.5660293463761673,0.0,0.0,0.22641173855046692,Moderate Value,0.6905646954201867,453,High Priority,Contract Upgrade Offer,40,0.2,194.208,154.208,3.8552,203,7360,Critical,46899.6082979705,39539.608297970495
283,60,Female,8,96.75,Two-Year,No Internet,774.0,No,Yes,1,Expected Range,Expected Range,55-64,7-12 Months,High,1161.0,96.75,1161.0,Developing,1.0,Critical,96.75,1161.0,0.7419964428634951,0.06233766233766234,0.06557377049180328,0.33501020158653066,High Value,0.7340040806346122,253,High Priority,Complimentary Tech Support,20,0.15,174.15,154.15,7.7075000000000005,204,7380,Critical,47073.758297970504,39693.7582979705
482,35,Male,3,80.99,Month-to-Month,DSL,242.96999999999997,Yes,Yes,1,Expected Range,Expected Range,35-44,0-6 Months,High,971.8799999999999,80.99,971.8799999999999,New,0.9975,Critical,80.787525,969.4503,0.5668074699866608,0.01956871035940803,0.02459016393442623,0.23971957760406368,Moderate Value,0.6943878310416255,437,High Priority,Contract Upgrade Offer,40,0.2,193.89006,153.89006,3.8472515,205,7420,High,47267.6483579705,39847.648357970495
411,52,Female,2,96.52,One-Year,No Internet,193.04,No,Yes,1,Expected Range,Expected Range,45-54,0-6 Months,High,1158.24,96.52,1158.24,New,1.0,Critical,96.52,1158.24,0.7394397510004447,0.01554736736132085,0.01639344262295082,0.3053158396323779,High Value,0.7221263358529512,307,High Priority,Complimentary Tech Support,20,0.15,173.736,153.736,7.6868,206,7440,Critical,47441.3843579705,40001.38435797049
131,29,Male,2,80.71,Month-to-Month,No Internet,161.42,No,Yes,1,Expected Range,Expected Range,25-34,0-6 Months,High,968.52,80.71,968.52,New,1.0,Critical,80.71,968.52,0.5636949755446865,0.013000704721634953,0.01639344262295082,0.23412659752618456,Moderate Value,0.6936506390104737,440,High Priority,Contract Upgrade Offer,40,0.2,193.704,153.704,3.8426,207,7480,Critical,47635.0883579705,40155.08835797049
733,49,Male,22,96.42,One-Year,No Internet,2121.24,No,Yes,1,Expected Range,Expected Range,45-54,13-24 Months,High,1157.04,96.42,1157.04,Developing,1.0,Critical,96.42,1157.04,0.7383281458425968,0.170843853820598,0.18032786885245902,0.40020857438736274,Top Value,0.760083429754945,140,High Priority,Complimentary Tech Support,20,0.15,173.55599999999998,153.55599999999998,7.6777999999999995,208,7500,Critical,47808.644357970494,40308.64435797049
552,43,Male,5,80.6,Month-to-Month,No Internet,403.0,No,Yes,1,Expected Range,Expected Range,35-44,0-6 Months,High,967.1999999999999,80.6,967.1999999999999,New,1.0,Critical,80.6,967.1999999999999,0.5624722098710538,0.03245746501560455,0.04098360655737705,0.2465948983432274,Moderate Value,0.6986379593372909,424,High Priority,Contract Upgrade Offer,40,0.2,193.44,153.44,3.836,209,7540,Critical,48002.084357970496,40462.08435797049
466,42,Female,0,96.14,Two-Year,No Internet,0.0,No,Yes,1,Expected Range,Expected Range,35-44,0-6 Months,High,1153.68,96.14,1153.68,New,1.0,Critical,96.14,1153.68,0.7352156514006225,0.0,0.0,0.294086260560249,High Value,0.7176345042240996,324,High Priority,Complimentary Tech Support,20,0.15,173.052,153.052,7.6526,210,7560,Critical,48175.1363579705,40615.13635797049
478,48,Female,12,95.97,Two-Year,No Internet,1151.64,No,Yes,1,Expected Range,Expected Range,45-54,7-12 Months,High,1151.6399999999999,95.97,1151.6399999999999,Developing,1.0,Critical,95.97,1151.6399999999999,0.733325922632281,0.09275264270613108,0.09836065573770492,0.3503839579344845,High Value,0.7401535831737938,224,High Priority,Complimentary Tech Support,20,0.15,172.74599999999998,152.74599999999998,7.637299999999999,211,7580,Critical,48347.8823579705,40767.88235797049
92,54,Male,18,80.16,Month-to-Month,No Internet,1442.88,No,Yes,1,Expected Range,Expected Range,45-54,13-24 Months,High,961.92,80.16,961.92,Developing,1.0,Critical,80.16,961.92,0.557581147176523,0.11620900030202357,0.14754098360655737,0.3005908548779568,High Value,0.7202363419511827,312,High Priority,Contract Upgrade Offer,40,0.2,192.38400000000001,152.38400000000001,3.8096000000000005,212,7620,Critical,48540.2663579705,40920.26635797049
583,51,Male,17,80.13,Month-to-Month,Fiber Optic,1362.21,No,Yes,1,Expected Range,Expected Range,45-54,13-24 Months,High,961.56,80.13,961.56,Developing,1.0,Critical,80.13,961.56,0.5572476656291685,0.10971186952582301,0.13934426229508198,0.29613428615947596,High Value,0.7184537144637904,318,High Priority,Contract Upgrade Offer,40,0.2,192.312,152.312,3.8078000000000003,213,7660,Critical,48732.578357970495,41072.57835797049
898,46,Female,7,95.72,Two-Year,No Internet,670.04,No,Yes,1,Expected Range,Expected Range,45-54,7-12 Months,High,1148.6399999999999,95.72,1148.6399999999999,Developing,1.0,Critical,95.72,1148.6399999999999,0.7305469097376613,0.053964763918252286,0.05737704918032787,0.32545069356153483,High Value,0.7301802774246139,271,High Priority,Complimentary Tech Support,20,0.15,172.29599999999996,152.29599999999996,7.614799999999998,214,7680,Critical,48904.8743579705,41224.87435797049
936,39,Male,18,80.08,Month-to-Month,No Internet,1441.44,No,Yes,1,Expected Range,Expected Range,35-44,13-24 Months,High,960.96,80.08,960.96,Developing,1.0,Critical,80.08,960.96,0.5566918630502447,0.11609302325581396,0.14754098360655737,0.3001945492612721,High Value,0.7200778197045088,313,High Priority,Contract Upgrade Offer,40,0.2,192.192,152.192,3.8048,215,7720,Critical,49097.0663579705,41377.06635797049
758,46,Female,6,80.06,Month-to-Month,Fiber Optic,480.36,Yes,Yes,1,Expected Range,Expected Range,45-54,0-6 Months,High,960.72,80.06,960.72,New,0.9975203252032521,Critical,79.86147723577237,958.3377268292684,0.556469542018675,0.03868800966475385,0.04918032786885246,0.248423702157347,Moderate Value,0.69788167598489,429,High Priority,Contract Upgrade Offer,40,0.2,191.6675453658537,151.6675453658537,3.7916886341463423,216,7760,High,49288.73390333635,41528.733903336346
682,33,Male,0,79.49,Month-to-Month,DSL,0.0,No,Yes,1,Expected Range,Expected Range,25-34,0-6 Months,High,953.8799999999999,79.49,953.8799999999999,New,1.0,Critical,79.49,953.8799999999999,0.5501333926189418,0.0,0.0,0.22005335704757673,Moderate Value,0.6880213428190307,470,High Priority,Contract Upgrade Offer,40,0.2,190.77599999999998,150.77599999999998,3.7693999999999996,217,7800,Critical,49479.50990333635,41679.509903336344
867,47,Male,7,79.4,Month-to-Month,DSL,555.8000000000001,Yes,Yes,1,Expected Range,Expected Range,45-54,7-12 Months,High,952.8000000000001,79.4,952.8000000000001,Developing,0.9975,Critical,79.20150000000001,950.4180000000001,0.5491329479768787,0.04476391825229035,0.05737704918032787,0.24966481287413508,Moderate Value,0.6983659251496541,427,High Priority,Contract Upgrade Offer,40,0.2,190.08360000000005,150.08360000000005,3.7520900000000013,218,7840,High,49669.59350333635,41829.59350333634
640,32,Female,3,79.18,Month-to-Month,No Internet,237.54,No,Yes,1,Expected Range,Expected Range,25-34,0-6 Months,High,950.1600000000001,79.18,950.1600000000001,New,1.0,Critical,79.18,950.1600000000001,0.5466874166296133,0.019131380247659317,0.02459016393442623,0.23151849072213265,Moderate Value,0.692607396288853,446,High Priority,Contract Upgrade Offer,40,0.2,190.03200000000004,150.03200000000004,3.750800000000001,219,7880,Critical,49859.62550333635,41979.62550333634
475,61,Male,1,79.2,Month-to-Month,Fiber Optic,79.2,Yes,Yes,1,Expected Range,Expected Range,55-64,0-6 Months,High,950.4000000000001,79.2,950.4000000000001,New,0.9986666666666667,Critical,79.09440000000001,949.1328000000001,0.5469097376611829,0.0063787375415282396,0.00819672131147541,0.2230456335318769,Moderate Value,0.6884182534127508,467,High Priority,Contract Upgrade Offer,40,0.2,189.82656000000003,149.82656000000003,3.7456640000000005,220,7920,High,50049.45206333635,42129.45206333634
917,51,Male,3,78.99,Month-to-Month,Fiber Optic,236.96999999999997,Yes,Yes,1,Expected Range,Expected Range,45-54,0-6 Months,High,947.8799999999999,78.99,947.8799999999999,New,0.9975203252032521,Critical,78.79413048780488,945.5295658536586,0.5445753668297021,0.01908547266686801,0.02459016393442623,0.2306576031488912,Moderate Value,0.6907752363815076,451,High Priority,Contract Upgrade Offer,40,0.2,189.10591317073172,149.10591317073172,3.7276478292682933,221,7960,High,50238.55797650708,42278.55797650707
861,47,Male,55,78.63,Month-to-Month,No Internet,4324.65,No,Yes,1,Expected Range,Expected Range,45-54,49-72 Months,High,943.56,78.63,943.56,Loyal,1.0,Critical,78.63,943.56,0.5405735882614495,0.34830564784053153,0.45081967213114754,0.45084133008155275,Top Value,0.7803365320326211,83,High Priority,Contract Upgrade Offer,40,0.2,188.712,148.712,3.7177999999999995,222,8000,Critical,50427.26997650708,42427.26997650707
603,53,Male,11,78.63,Month-to-Month,No Internet,864.93,No,Yes,1,Expected Range,Expected Range,45-54,7-12 Months,High,943.56,78.63,943.56,Developing,1.0,Critical,78.63,943.56,0.5405735882614495,0.0696611295681063,0.09016393442622951,0.2631518142599744,Moderate Value,0.7052607257039898,393,High Priority,Contract Upgrade Offer,40,0.2,188.712,148.712,3.7177999999999995,223,8040,Critical,50615.98197650708,42575.98197650707
995,34,Female,1,78.63,Month-to-Month,DSL,78.63,No,Yes,1,Expected Range,Expected Range,25-34,0-6 Months,High,943.56,78.63,943.56,New,1.0,Critical,78.63,943.56,0.5405735882614495,0.006332829960736937,0.00819672131147541,0.22049510611870662,Moderate Value,0.6881980424474826,469,High Priority,Contract Upgrade Offer,40,0.2,188.712,148.712,3.7177999999999995,224,8080,Critical,50804.69397650708,42724.69397650707
678,62,Female,26,93.85,One-Year,No Internet,2440.1,No,Yes,1,Expected Range,Expected Range,55-64,25-48 Months,High,1126.1999999999998,93.85,1126.1999999999998,Established,0.9977777777777779,Critical,93.64144444444445,1123.6973333333333,0.7097598932859048,0.19652471559448303,0.21311475409836067,0.4059662962970212,Top Value,0.7610531851854752,138,High Priority,Complimentary Tech Support,20,0.15,168.5546,148.5546,7.4277299999999995,225,8100,High,50973.24857650708,42873.248576507074
501,54,Female,1,77.91,Month-to-Month,DSL,77.91,No,Yes,1,Expected Range,Expected Range,45-54,0-6 Months,High,934.92,77.91,934.92,New,1.0,Critical,77.91,934.92,0.5325700311249445,0.006274841437632135,0.00819672131147541,0.21727338728101792,Moderate Value,0.6869093549124071,476,High Priority,Contract Upgrade Offer,40,0.2,186.984,146.984,3.6746000000000003,226,8140,Critical,51160.23257650708,43020.23257650707
717,46,Female,7,92.74,One-Year,No Internet,649.18,No,Yes,1,Expected Range,Expected Range,45-54,7-12 Months,High,1112.8799999999999,92.74,1112.8799999999999,Developing,1.0,Critical,92.74,1112.8799999999999,0.6974210760337929,0.05228470754052149,0.05737704918032787,0.3116123403477816,High Value,0.7246449361391126,295,High Priority,Complimentary Tech Support,20,0.15,166.932,146.932,7.3466,227,8160,Critical,51327.16457650708,43167.16457650707
878,47,Female,3,77.87,Month-to-Month,No Internet,233.61,No,Yes,1,Expected Range,Expected Range,45-54,0-6 Months,High,934.44,77.87,934.44,New,1.0,Critical,77.87,934.44,0.5321253890618054,0.018814859559045605,0.02459016393442623,0.2255828974539947,Moderate Value,0.6902331589815979,455,High Priority,Contract Upgrade Offer,40,0.2,186.88800000000003,146.88800000000003,3.672200000000001,228,8200,Critical,51514.05257650708,43314.05257650707
596,39,Male,23,77.82,Month-to-Month,Fiber Optic,1789.86,No,Yes,1,Expected Range,Expected Range,35-44,13-24 Months,High,933.8399999999999,77.82,933.8399999999999,Developing,1.0,Critical,77.82,933.8399999999999,0.5315695864828813,0.1441546360616128,0.18852459016393444,0.31021310475570063,High Value,0.7240852419022803,299,High Priority,Contract Upgrade Offer,40,0.2,186.768,146.768,3.6692,229,8240,Critical,51700.820576507074,43460.82057650707
458,34,Male,8,92.2,One-Year,No Internet,737.6,No,Yes,1,Expected Range,Expected Range,25-34,7-12 Months,High,1106.4,92.2,1106.4,Developing,1.0,Critical,92.2,1106.4,0.6914184081814141,0.0594060203362529,0.06557377049180328,0.313752913013205,High Value,0.725501165205282,288,High Priority,Complimentary Tech Support,20,0.15,165.96,145.96,7.298,230,8260,Critical,51866.78057650707,43606.780576507066
756,71,Female,13,92.02,Two-Year,No Internet,1196.26,No,Yes,1,Expected Range,Expected Range,65+,13-24 Months,High,1104.24,92.02,1104.24,Developing,0.9968888888888887,Critical,91.73371555555553,1100.8045866666664,0.6894175188972878,0.09634632034632035,0.10655737704918034,0.33612756394242227,High Value,0.732584358910302,260,High Priority,Complimentary Tech Support,20,0.15,165.12068799999994,145.12068799999994,7.256034399999997,231,8280,High,52031.901264507076,43751.90126450707
830,42,Female,18,90.87,One-Year,No Internet,1635.66,No,Yes,1,Expected Range,Expected Range,35-44,13-24 Months,High,1090.44,90.87,1090.44,Developing,1.0,Critical,90.87,1090.44,0.6766340595820366,0.13173542736333435,0.14754098360655737,0.353646269311621,High Value,0.7414585077246484,219,High Priority,Complimentary Tech Support,20,0.15,163.566,143.566,7.1783,232,8300,Critical,52195.467264507075,43895.46726450707
945,63,Female,10,90.81,Two-Year,No Internet,908.1,No,Yes,1,Expected Range,Expected Range,55-64,7-12 Months,High,1089.72,90.81,1089.72,Developing,0.9979999999999999,Critical,90.62837999999999,1087.54056,0.6759670964873279,0.07313802476593174,0.0819672131147541,0.31647695054169583,High Value,0.7253907802166782,290,High Priority,Complimentary Tech Support,20,0.15,163.131084,143.131084,7.1565541999999995,233,8320,High,52358.598348507076,44038.59834850707
727,45,Female,23,90.51,Two-Year,No Internet,2081.73,No,Yes,1,Expected Range,Expected Range,45-54,13-24 Months,High,1086.1200000000001,90.51,1086.1200000000001,Developing,0.9979999999999999,Critical,90.32898,1083.94776,0.6726322810137841,0.167661733615222,0.18852459016393444,0.374865666711825,High Value,0.7487462666847299,188,High Priority,Complimentary Tech Support,20,0.15,162.592164,142.592164,7.1296082,234,8340,High,52521.19051250708,44181.19051250707
958,49,Female,2,75.53,Month-to-Month,DSL,151.06,No,Yes,1,Expected Range,Expected Range,45-54,0-6 Months,High,906.36,75.53,906.36,New,1.0,Critical,75.53,906.36,0.5061138283681638,0.012166314305849189,0.01639344262295082,0.21080210201005042,Moderate Value,0.6843208408040201,481,High Priority,Contract Upgrade Offer,40,0.2,181.27200000000002,141.27200000000002,3.5318000000000005,235,8380,Critical,52702.462512507074,44322.46251250707
573,48,Male,6,89.23,One-Year,No Internet,535.38,No,Yes,1,Expected Range,Expected Range,45-54,0-6 Months,High,1070.76,89.23,1070.76,New,1.0,Critical,89.23,1070.76,0.6584037349933305,0.04311929930534582,0.04918032786885246,0.29074833072141637,High Value,0.7162993322885666,331,High Priority,Complimentary Tech Support,20,0.15,160.614,140.614,7.0307,236,8400,Critical,52863.076512507076,44463.07651250707
585,46,Female,8,75.22,Month-to-Month,DSL,601.76,No,Yes,1,Expected Range,Expected Range,45-54,7-12 Months,High,902.64,75.22,902.64,Developing,1.0,Critical,75.22,902.64,0.502667852378835,0.04846551897714688,0.06557377049180328,0.23442351521648624,Moderate Value,0.6937694060865944,439,High Priority,Contract Upgrade Offer,40,0.2,180.52800000000002,140.52800000000002,3.5132000000000003,237,8440,Critical,53043.604512507074,44603.60451250707
164,36,Female,10,88.38,One-Year,No Internet,883.8,No,Yes,1,Expected Range,Expected Range,35-44,7-12 Months,High,1060.56,88.38,1060.56,Developing,1.0,Critical,88.38,1060.56,0.648955091151623,0.07118091211114466,0.0819672131147541,0.30498715897823836,High Value,0.7219948635912954,308,High Priority,Complimentary Tech Support,20,0.15,159.08399999999997,139.08399999999997,6.954199999999998,238,8460,Critical,53202.68851250708,44742.68851250707
699,54,Female,2,74.33,Month-to-Month,DSL,148.66,No,Yes,1,Expected Range,Expected Range,45-54,0-6 Months,Moderate,891.96,74.33,891.96,New,1.0,Critical,74.33,891.96,0.49277456647398854,0.011973019228833181,0.01639344262295082,0.20539874397542474,Moderate Value,0.6821594975901699,492,High Priority,Contract Upgrade Offer,40,0.2,178.39200000000002,138.39200000000002,3.4598000000000004,239,8500,Critical,53381.08051250708,44881.08051250707
299,53,Female,3,74.07,Month-to-Month,Fiber Optic,222.21,No,Yes,1,Expected Range,Expected Range,45-54,0-6 Months,Moderate,888.8399999999999,74.07,888.8399999999999,New,1.0,Critical,74.07,888.8399999999999,0.4898843930635838,0.01789670794321957,0.02459016393442623,0.20836514598916692,Moderate Value,0.6833460583956668,486,High Priority,Contract Upgrade Offer,40,0.2,177.768,137.768,3.4442,240,8540,Critical,53558.84851250707,45018.848512507066
282,51,Female,18,74.05,Month-to-Month,No Internet,1332.9,No,Yes,1,Expected Range,Expected Range,45-54,13-24 Months,Moderate,888.5999999999999,74.05,888.5999999999999,Developing,1.0,Critical,74.05,888.5999999999999,0.4896620720320143,0.10735125339776504,0.14754098360655737,0.2703230134036628,High Value,0.7081292053614652,376,High Priority,Contract Upgrade Offer,40,0.2,177.72,137.72,3.443,241,8580,Critical,53736.568512507074,45156.56851250707
932,63,Female,8,87.69,Two-Year,No Internet,701.52,No,Yes,1,Expected Range,Expected Range,55-64,7-12 Months,High,1052.28,87.69,1052.28,Developing,0.9979999999999999,Critical,87.51462,1050.17544,0.6412850155624723,0.05650015101177892,0.06557377049180328,0.2926825017020624,High Value,0.7158730006808248,337,High Priority,Complimentary Tech Support,20,0.15,157.52631599999998,137.52631599999998,6.876315799999999,242,8600,High,53894.09482850708,45294.09482850707
70,38,Male,0,87.27,One-Year,No Internet,0.0,No,Yes,1,Expected Range,Expected Range,35-44,0-6 Months,High,1047.24,87.27,1047.24,New,1.0,Critical,87.27,1047.24,0.6366162738995109,0.0,0.0,0.2546465095598044,Moderate Value,0.7018586038239217,411,High Priority,Complimentary Tech Support,20,0.15,157.08599999999998,137.08599999999998,6.854299999999999,243,8620,Critical,54051.18082850708,45431.18082850707
592,40,Male,10,87.19,One-Year,No Internet,871.9,No,Yes,1,Expected Range,Expected Range,35-44,7-12 Months,High,1046.28,87.19,1046.28,Developing,1.0,Critical,87.19,1046.28,0.6357269897732326,0.07022249068760697,0.0819672131147541,0.29936047092864404,High Value,0.7197441883714576,316,High Priority,Complimentary Tech Support,20,0.15,156.94199999999998,136.94199999999998,6.847099999999999,244,8640,Critical,54208.12282850708,45568.122828507076
890,56,Female,15,86.92,Two-Year,No Internet,1303.8,No,Yes,1,Expected Range,Expected Range,55-64,13-24 Months,High,1043.04,86.92,1043.04,Developing,0.9979999999999999,Critical,86.74615999999999,1040.95392,0.6327256558470432,0.10500755058894594,0.12295081967213116,0.3205806099629812,High Value,0.7270322439851924,282,High Priority,Complimentary Tech Support,20,0.15,156.14308799999998,136.14308799999998,6.807154399999999,245,8660,High,54364.26591650708,45704.26591650707
910,66,Female,36,73.06,Month-to-Month,No Internet,2630.16,No,Yes,1,Expected Range,Expected Range,65+,25-48 Months,Moderate,876.72,73.06,876.72,Established,1.0,Critical,73.06,876.72,0.47865718096931975,0.21183207490184233,0.29508196721311475,0.3393745904066514,High Value,0.7357498361626605,243,High Priority,Contract Upgrade Offer,40,0.2,175.34400000000002,135.34400000000002,3.3836000000000004,246,8700,Critical,54539.60991650708,45839.60991650707
524,50,Male,8,72.96,Month-to-Month,Fiber Optic,583.68,No,Yes,1,Expected Range,Expected Range,45-54,7-12 Months,Moderate,875.52,72.96,875.52,Developing,1.0,Critical,72.96,875.52,0.4775455758114717,0.04700936273029296,0.06557377049180328,0.22386494990314204,Moderate Value,0.6895459799612568,463,High Priority,Contract Upgrade Offer,40,0.2,175.104,135.104,3.3776,247,8740,Critical,54714.71391650708,45974.71391650707
260,52,Male,62,86.16,One-Year,No Internet,5341.92,No,Yes,1,Expected Range,Expected Range,45-54,49-72 Months,High,1033.92,86.16,1033.92,Loyal,0.9988888888888887,Critical,86.06426666666665,1032.7712,0.6242774566473989,0.43023618242222894,0.5081967213114754,0.5273428268346085,Top Value,0.8102704640671766,44,Immediate Action,Complimentary Tech Support,20,0.15,154.91567999999998,134.91567999999998,6.745783999999999,248,8760,High,54869.629596507075,46109.62959650707
418,46,Male,9,86.04,One-Year,No Internet,774.36,No,Yes,1,Expected Range,Expected Range,45-54,7-12 Months,High,1032.48,86.04,1032.48,Developing,1.0,Critical,86.04,1032.48,0.6229435304579815,0.06236665659921474,0.07377049180327869,0.28944836494373744,High Value,0.7157793459774949,338,High Priority,Complimentary Tech Support,20,0.15,154.87199999999999,134.87199999999999,6.743599999999999,249,8780,Critical,55024.50159650708,46244.50159650707
557,40,Female,4,85.15,One-Year,No Internet,340.6,No,Yes,1,Expected Range,Expected Range,35-44,0-6 Months,High,1021.8000000000001,85.15,1021.8000000000001,New,1.0,Critical,85.15,1021.8000000000001,0.6130502445531348,0.027431793013188363,0.03278688524590164,0.2630179466873453,Moderate Value,0.7052071786749381,395,High Priority,Complimentary Tech Support,20,0.15,153.27,133.27,6.663500000000001,250,8800,Critical,55177.771596507075,46377.77159650707
518,35,Male,3,85.26,One-Year,DSL,255.78000000000003,No,Yes,1,Expected Range,Expected Range,35-44,0-6 Months,High,1023.1200000000001,85.26,1023.1200000000001,New,0.9969811320754718,Critical,85.00261132075472,1020.0313358490566,0.6142730102267676,0.020600422832980976,0.02459016393442623,0.25906689306585695,Moderate Value,0.7018154364716258,413,High Priority,Complimentary Tech Support,20,0.15,153.0047003773585,133.0047003773585,6.6502350188679245,251,8820,High,55330.77629688443,46510.776296884425
933,30,Male,2,71.96,Month-to-Month,No Internet,143.92,No,Yes,1,Expected Range,Expected Range,25-34,0-6 Months,Moderate,863.52,71.96,863.52,New,1.0,Critical,71.96,863.52,0.46642952423299244,0.011591261451726566,0.01639344262295082,0.19472711185703898,Moderate Value,0.6778908447428156,505,High Priority,Contract Upgrade Offer,40,0.2,172.704,132.704,3.3176,252,8860,Critical,55503.48029688443,46643.48029688442
800,45,Female,22,71.88,Month-to-Month,No Internet,1581.36,No,Yes,1,Expected Range,Expected Range,45-54,13-24 Months,Moderate,862.56,71.88,862.56,Developing,1.0,Critical,71.88,862.56,0.46554024010671413,0.12736212624584717,0.18032786885245902,0.27587480744184695,High Value,0.7103499229767387,364,High Priority,Contract Upgrade Offer,40,0.2,172.512,132.512,3.3128,253,8900,Critical,55675.99229688443,46775.992296884426
212,56,Female,11,71.85,Month-to-Month,Fiber Optic,790.3499999999999,No,Yes,1,Expected Range,Expected Range,55-64,7-12 Months,Moderate,862.1999999999999,71.85,862.1999999999999,Developing,1.0,Critical,71.85,862.1999999999999,0.46520675855935967,0.06365448504983388,0.09016393442622951,0.23090275679774314,Moderate Value,0.6923611027190972,447,High Priority,Contract Upgrade Offer,40,0.2,172.44,132.44,3.311,254,8940,Critical,55848.432296884435,46908.43229688443
196,48,Male,4,84.62,One-Year,No Internet,338.48,No,Yes,1,Expected Range,Expected Range,45-54,0-6 Months,High,1015.44,84.62,1015.44,New,1.0,Critical,84.62,1015.44,0.6071587372165408,0.02726104902849089,0.03278688524590164,0.26060158335806355,Moderate Value,0.7042406333432254,402,High Priority,Complimentary Tech Support,20,0.15,152.316,132.316,6.6158,255,8960,Critical,56000.748296884434,47040.74829688443
269,40,Female,10,71.26,Month-to-Month,No Internet,712.6,No,Yes,1,Expected Range,Expected Range,35-44,7-12 Months,Moderate,855.1200000000001,71.26,855.1200000000001,Developing,1.0,Critical,71.26,855.1200000000001,0.458648288128057,0.057392529950669485,0.0819672131147541,0.22403850401264566,Moderate Value,0.6896154016050582,460,High Priority,Contract Upgrade Offer,40,0.2,171.02400000000003,131.02400000000003,3.2756000000000007,256,9000,Critical,56171.77229688443,47171.772296884425
142,58,Female,8,83.72,One-Year,No Internet,669.76,No,Yes,1,Expected Range,Expected Range,55-64,7-12 Months,High,1004.64,83.72,1004.64,Developing,1.0,Critical,83.72,1004.64,0.5971542907959093,0.053942212825933755,0.06557377049180328,0.27413493343039136,High Value,0.7096539733721565,365,High Priority,Complimentary Tech Support,20,0.15,150.696,130.696,6.5348,257,9020,Critical,56322.468296884435,47302.46829688443
171,36,Female,10,70.97,Month-to-Month,No Internet,709.7,No,Yes,1,Expected Range,Expected Range,35-44,7-12 Months,Moderate,851.64,70.97,851.64,Developing,1.0,Critical,70.97,851.64,0.4554246331702979,0.057158965065941814,0.0819672131147541,0.22266729431988733,Moderate Value,0.6890669177279549,465,High Priority,Contract Upgrade Offer,40,0.2,170.328,130.328,3.2582,258,9060,Critical,56492.79629688444,47432.79629688443
155,47,Female,6,70.93,Month-to-Month,DSL,425.58,No,Yes,1,Expected Range,Expected Range,45-54,0-6 Months,Moderate,851.1600000000001,70.93,851.1600000000001,New,1.0,Critical,70.93,851.1600000000001,0.4549799911071589,0.03427604953186349,0.04918032786885246,0.2062836957462289,Moderate Value,0.6825134782984915,489,High Priority,Contract Upgrade Offer,40,0.2,170.23200000000003,130.23200000000003,3.2558000000000007,259,9100,Critical,56663.02829688444,47563.02829688443
291,42,Female,1,70.86,Month-to-Month,Fiber Optic,70.86,Yes,Yes,1,Expected Range,Expected Range,35-44,0-6 Months,Moderate,850.3199999999999,70.86,850.3199999999999,New,0.9975203252032521,Critical,70.68429024390244,848.2114829268293,0.45420186749666525,0.005707037148897614,0.00819672131147541,0.18572739032864913,Moderate Value,0.6728031512534108,527,High Priority,Contract Upgrade Offer,40,0.2,169.64229658536587,129.64229658536587,3.2410574146341466,260,9140,High,56832.670593469804,47692.6705934698
673,41,Male,58,82.95,Two-Year,No Internet,4811.1,No,Yes,1,Expected Range,Expected Range,35-44,49-72 Months,High,995.4000000000001,82.95,995.4000000000001,Loyal,1.0,Critical,82.95,995.4000000000001,0.5885949310804803,0.38748414376321355,0.4754098360655738,0.4899098817657103,Top Value,0.7959639527062841,59,High Priority,Complimentary Tech Support,20,0.15,149.31,129.31,6.4655000000000005,261,9160,Critical,56981.9805934698,47821.980593469794
134,49,Female,43,82.82,One-Year,No Internet,3561.26,No,Yes,1,Expected Range,Expected Range,45-54,25-48 Months,High,993.8399999999999,82.82,993.8399999999999,Established,1.0,Critical,82.82,993.8399999999999,0.587149844375278,0.2868225108225108,0.3524590163934426,0.42336257063635063,Top Value,0.7693450282545402,108,High Priority,Complimentary Tech Support,20,0.15,149.076,129.076,6.453799999999999,262,9180,Critical,57131.0565934698,47951.056593469795
668,60,Male,76,82.49,One-Year,No Internet,6269.24,No,Yes,1,Expected Range,Expected Range,55-64,73+ Months,High,989.8799999999999,82.49,989.8799999999999,Loyal,0.9968888888888888,Critical,82.23336444444443,986.8003733333333,0.5834815473543797,0.5049221785965972,0.6229508196721312,0.5658530863685938,Top Value,0.8244745678807708,30,Immediate Action,Complimentary Tech Support,20,0.15,148.02005599999998,128.02005599999998,6.401002799999999,263,9200,High,57279.076649469804,48079.0766494698
877,39,Male,3,69.97,Month-to-Month,DSL,209.91,Yes,Yes,1,Expected Range,Expected Range,35-44,0-6 Months,Moderate,839.64,69.97,839.64,New,1.0,Critical,69.97,839.64,0.44430858159181863,0.016906070673512533,0.02459016393442623,0.18978809835606342,Moderate Value,0.6759152393424254,518,High Priority,Contract Upgrade Offer,40,0.2,167.928,127.928,3.1982,264,9240,Critical,57447.0046494698,48207.004649469796
903,45,Female,2,69.87,Month-to-Month,DSL,139.74,No,Yes,1,Expected Range,Expected Range,45-54,0-6 Months,Moderate,838.44,69.87,838.44,New,1.0,Critical,69.87,838.44,0.4431969764339708,0.011254605859257022,0.01639344262295082,0.185316263280066,Moderate Value,0.6741265053120263,525,High Priority,Contract Upgrade Offer,40,0.2,167.68800000000002,127.68800000000002,3.1922000000000006,265,9280,Critical,57614.692649469805,48334.6926494698
744,45,Male,14,82.0,Two-Year,No Internet,1148.0,No,Yes,1,Expected Range,Expected Range,45-54,13-24 Months,High,984.0,82.0,984.0,Developing,1.0,Critical,82.0,984.0,0.5780346820809249,0.09245947850599014,0.11475409836065574,0.2922632148996304,High Value,0.7169052859598521,329,High Priority,Complimentary Tech Support,20,0.15,147.6,127.6,6.38,266,9300,Critical,57762.292649469804,48462.2926494698
444,44,Male,1,82.01,One-Year,Fiber Optic,82.01,No,Yes,1,Expected Range,Expected Range,35-44,0-6 Months,High,984.1200000000001,82.01,984.1200000000001,New,0.9977777777777779,Critical,81.82775555555557,981.9330666666668,0.5781458425967098,0.006605053860867815,0.00819672131147541,0.23561928621785652,Moderate Value,0.6929143811538093,445,High Priority,Complimentary Tech Support,20,0.15,147.28996,127.28996000000001,6.364498,267,9320,High,57909.582609469806,48589.5826094698
814,46,Female,19,81.92,Two-Year,No Internet,1556.48,No,Yes,1,Expected Range,Expected Range,45-54,13-24 Months,High,983.04,81.92,983.04,Developing,0.9979999999999999,Critical,81.75616,981.0739199999999,0.5771453979546466,0.12535830061411457,0.1557377049180328,0.31366799062630696,High Value,0.7242671962505227,297,High Priority,Complimentary Tech Support,20,0.15,147.16108799999998,127.16108799999998,6.3580543999999986,268,9340,High,58056.74369746981,48716.7436974698
234,38,Female,122,69.58,Month-to-Month,DSL,8488.76,No,Yes,1,Expected Range,Review,35-44,73+ Months,Moderate,834.96,69.58,834.96,Loyal,0.9978472222222221,Critical,69.43020972222222,833.1625166666665,0.4399733214762117,0.6836814658210008,1.0,0.6652778416278349,Top Value,0.8648194699844672,12,Immediate Action,Contract Upgrade Offer,40,0.2,166.63250333333332,126.63250333333332,3.165812583333333,269,9380,High,58223.37620080314,48843.37620080313
613,47,Male,7,81.57,One-Year,DSL,570.99,No,Yes,1,Expected Range,Expected Range,45-54,7-12 Months,High,978.8399999999999,81.57,978.8399999999999,Developing,0.9969811320754718,Critical,81.32375094339622,975.8850113207546,0.5732547799021788,0.04598731501057082,0.05737704918032787,0.25974173450965327,Moderate Value,0.7020853730491444,410,High Priority,Complimentary Tech Support,20,0.15,146.3827516981132,126.3827516981132,6.3191375849056595,270,9400,High,58369.75895250125,48969.758952501244
472,21,Male,5,69.05,Month-to-Month,DSL,345.25,Yes,Yes,1,Expected Range,Expected Range,Under 25,0-6 Months,Moderate,828.5999999999999,69.05,828.5999999999999,New,1.0,Critical,69.05,828.5999999999999,0.43408181413961766,0.027806302224906876,0.04098360655737705,0.19361083307390878,Moderate Value,0.6774443332295634,510,High Priority,Contract Upgrade Offer,40,0.2,165.72,125.72,3.143,271,9440,Critical,58535.47895250125,49095.478952501246
5,42,Male,32,69.01,Month-to-Month,No Internet,2208.32,No,Yes,1,Expected Range,Expected Range,35-44,25-48 Months,Moderate,828.1200000000001,69.01,828.1200000000001,Established,1.0,Critical,69.01,828.1200000000001,0.43363717207647856,0.17785724353166216,0.26229508196721313,0.30127867455847646,High Value,0.7205114698233905,311,High Priority,Contract Upgrade Offer,40,0.2,165.62400000000002,125.62400000000002,3.1406000000000005,272,9480,Critical,58701.10295250126,49221.10295250125
815,55,Male,20,80.75,Two-Year,No Internet,1615.0,No,Yes,1,Expected Range,Expected Range,55-64,13-24 Months,High,969.0,80.75,969.0,Developing,1.0,Critical,80.75,969.0,0.5641396176078258,0.1300714789086882,0.1639344262295082,0.31216447121854823,High Value,0.7248657884874192,293,High Priority,Complimentary Tech Support,20,0.15,145.35,125.35,6.2675,273,9500,Critical,58846.452952501255,49346.45295250125
511,47,Female,28,68.81,Month-to-Month,Fiber Optic,1926.68,No,Yes,1,Expected Range,Expected Range,45-54,25-48 Months,Moderate,825.72,68.81,825.72,Established,1.0,Critical,68.81,825.72,0.4314139617607826,0.15517406624383367,0.22950819672131148,0.2842535570699827,High Value,0.7137014228279931,349,High Priority,Contract Upgrade Offer,40,0.2,165.144,125.144,3.1286,274,9540,Critical,59011.596952501255,49471.59695250125
352,59,Female,13,68.7,Month-to-Month,No Internet,893.1,No,Yes,1,Expected Range,Expected Range,55-64,13-24 Months,Moderate,824.4000000000001,68.7,824.4000000000001,Developing,1.0,Critical,68.7,824.4000000000001,0.43019119608714995,0.0719299305345817,0.10655737704918034,0.22389129838425867,Moderate Value,0.6895565193537034,462,High Priority,Contract Upgrade Offer,40,0.2,164.88000000000002,124.88000000000002,3.1220000000000008,275,9580,Critical,59176.47695250125,49596.476952501245
605,49,Female,2,68.82,Month-to-Month,Fiber Optic,137.64,Yes,Yes,1,Expected Range,Expected Range,45-54,0-6 Months,Moderate,825.8399999999999,68.82,825.8399999999999,New,0.9975203252032521,Critical,68.6493487804878,823.7921853658536,0.43152512227656736,0.011085472666868015,0.01639344262295082,0.18058832499976846,Moderate Value,0.6707475251218585,534,High Priority,Contract Upgrade Offer,40,0.2,164.75843707317074,124.75843707317074,3.1189609268292684,276,9620,High,59341.23538957442,49721.235389574416
7,60,Male,14,80.32,One-Year,No Internet,1124.48,No,Yes,1,Expected Range,Expected Range,55-64,13-24 Months,High,963.8399999999999,80.32,963.8399999999999,Developing,1.0,Critical,80.32,963.8399999999999,0.5593597154290796,0.09056518675123326,0.11475409836065574,0.2841302261247274,High Value,0.713652090449891,350,High Priority,Complimentary Tech Support,20,0.15,144.576,124.576,6.2288,277,9640,Critical,59485.811389574425,49845.81138957442
463,38,Male,24,68.7,Month-to-Month,Fiber Optic,1648.8000000000002,No,Yes,1,Expected Range,Expected Range,35-44,13-24 Months,Moderate,824.4000000000001,68.7,824.4000000000001,Developing,0.997142857142857,Critical,68.50371428571428,822.0445714285713,0.43019119608714995,0.132793717909997,0.19672131147540983,0.2677346075722114,Moderate Value,0.7053795573145988,391,High Priority,Contract Upgrade Offer,40,0.2,164.40891428571427,124.40891428571427,3.110222857142857,278,9680,High,59650.22030386014,49970.22030386013
321,45,Female,8,80.11,Two-Year,No Internet,640.88,No,Yes,1,Expected Range,Expected Range,45-54,7-12 Months,High,961.3199999999999,80.11,961.3199999999999,Developing,0.9979999999999999,Critical,79.94977999999999,959.3973599999999,0.557025344597599,0.0516162287325078,0.06557377049180328,0.2572692605183682,Moderate Value,0.7017077042073472,414,High Priority,Complimentary Tech Support,20,0.15,143.90960399999997,123.90960399999997,6.195480199999999,279,9700,High,59794.12990786014,50094.12990786013
844,48,Female,1,80.09,Two-Year,No Internet,80.09,No,Yes,1,Expected Range,Expected Range,45-54,0-6 Months,High,961.08,80.09,961.08,New,0.9979999999999999,Critical,79.92981999999999,959.1578399999999,0.5568030235660295,0.0064504177992550085,0.00819672131147541,0.22702803598401994,Moderate Value,0.6896112143936078,461,High Priority,Complimentary Tech Support,20,0.15,143.87367599999996,123.87367599999996,6.193683799999998,280,9720,High,59938.00358386014,50218.00358386013
268,30,Male,1,67.67,Month-to-Month,DSL,67.67,Yes,Yes,1,Expected Range,Expected Range,25-34,0-6 Months,Moderate,812.04,67.67,812.04,New,0.9971111111111111,Critical,67.47450888888889,809.6941066666667,0.4187416629613162,0.005450115775697171,0.00819672131147541,0.17145338603388935,Moderate Value,0.6668480210802223,547,High Priority,Contract Upgrade Offer,40,0.2,161.93882133333335,121.93882133333335,3.048470533333334,281,9760,High,60099.94240519348,50339.94240519347
571,45,Male,14,67.19,Month-to-Month,No Internet,940.66,No,Yes,1,Expected Range,Expected Range,45-54,13-24 Months,Moderate,806.28,67.19,806.28,Developing,1.0,Critical,67.19,806.28,0.4134059582036461,0.07576039464411558,0.11475409836065574,0.22056704599706287,Moderate Value,0.6882268183988252,468,High Priority,Contract Upgrade Offer,40,0.2,161.256,121.256,3.0314,282,9800,Critical,60261.19840519348,50461.19840519347
452,54,Male,3,67.01,Month-to-Month,No Internet,201.03000000000003,No,Yes,1,Expected Range,Expected Range,45-54,0-6 Months,Moderate,804.1200000000001,67.01,804.1200000000001,New,1.0,Critical,67.01,804.1200000000001,0.4114050689195199,0.01619087888855331,0.02459016393442623,0.1763763761624082,Moderate Value,0.6705505504649633,535,High Priority,Contract Upgrade Offer,40,0.2,160.82400000000004,120.82400000000004,3.020600000000001,283,9840,Critical,60422.02240519348,50582.02240519347
467,51,Male,19,77.83,One-Year,No Internet,1478.77,No,Yes,1,Expected Range,Expected Range,45-54,13-24 Months,High,933.96,77.83,933.96,Developing,1.0,Critical,77.83,933.96,0.5316807469986661,0.1190995670995671,0.1557377049180328,0.2932915735138231,High Value,0.7173166294055292,325,High Priority,Complimentary Tech Support,20,0.15,140.094,120.094,6.0047,284,9860,Critical,60562.116405193476,50702.11640519347
822,59,Female,0,66.59,Month-to-Month,No Internet,0.0,No,Yes,1,Expected Range,Expected Range,55-64,0-6 Months,Moderate,799.08,66.59,799.08,New,1.0,Critical,66.59,799.08,0.4067363272565586,0.0,0.0,0.16269453090262345,Moderate Value,0.6650778123610493,555,High Priority,Contract Upgrade Offer,40,0.2,159.81600000000003,119.81600000000003,2.995400000000001,285,9900,Critical,60721.932405193475,50821.93240519347
453,35,Female,33,66.22,Month-to-Month,No Internet,2185.26,No,Yes,1,Expected Range,Expected Range,35-44,25-48 Months,Moderate,794.64,66.22,794.64,Established,1.0,Critical,66.22,794.64,0.4026233881725212,0.17600000000000002,0.27049180327868855,0.2902723060886806,High Value,0.7161089224354722,334,High Priority,Contract Upgrade Offer,40,0.2,158.928,118.928,2.9732,286,9940,Critical,60880.860405193474,50940.86040519347
885,51,Male,2,66.24,Month-to-Month,Fiber Optic,132.48,Yes,Yes,1,Expected Range,Expected Range,45-54,0-6 Months,Moderate,794.8799999999999,66.24,794.8799999999999,New,0.9975203252032521,Critical,66.07574634146341,792.908956097561,0.4028457092040907,0.010669888251283599,0.01639344262295082,0.16897110522532327,Moderate Value,0.6661006372120805,551,High Priority,Contract Upgrade Offer,40,0.2,158.5817912195122,118.58179121951221,2.964544780487805,287,9980,High,61039.44219641299,51059.44219641298
485,37,Male,1,65.96,Month-to-Month,Fiber Optic,65.96,Yes,Yes,1,Expected Range,Expected Range,35-44,0-6 Months,Moderate,791.52,65.96,791.52,New,0.9983720930232558,Critical,65.85262325581395,790.2314790697674,0.39973321476211654,0.0053123930333232655,0.00819672131147541,0.16380180379437864,Moderate Value,0.6645439773317049,560,High Priority,Contract Upgrade Offer,40,0.2,158.0462958139535,118.04629581395349,2.9511573953488375,288,10020,High,61197.48849222694,51177.488492226934
674,41,Male,13,65.79,Month-to-Month,No Internet,855.2700000000001,No,Yes,1,Expected Range,Expected Range,35-44,13-24 Months,Moderate,789.48,65.79,789.48,Developing,1.0,Critical,65.79,789.48,0.39784348599377517,0.0688831168831169,0.10655737704918034,0.20988582956889607,Moderate Value,0.6839543318275584,482,High Priority,Contract Upgrade Offer,40,0.2,157.89600000000002,117.89600000000002,2.9474000000000005,289,10060,Critical,61355.38449222694,51295.384492226935
731,46,Female,57,65.73,Month-to-Month,No Internet,3746.61,No,Yes,1,Expected Range,Expected Range,45-54,49-72 Months,Moderate,788.76,65.73,788.76,Loyal,1.0,Critical,65.73,788.76,0.39717652289906635,0.3017505285412262,0.4672131147540984,0.3812865728375803,Top Value,0.7525146291350321,173,High Priority,Contract Upgrade Offer,40,0.2,157.752,117.75200000000001,2.9438000000000004,290,10100,Critical,61513.13649222694,51413.136492226935
946,34,Male,11,65.63,Month-to-Month,DSL,721.93,No,Yes,1,Expected Range,Expected Range,25-34,7-12 Months,Moderate,787.56,65.63,787.56,Developing,1.0,Critical,65.63,787.56,0.3960649177412183,0.058143964562569206,0.09016393442622951,0.20131733829994394,Moderate Value,0.6805269353199775,497,High Priority,Contract Upgrade Offer,40,0.2,157.512,117.512,2.9378,291,10140,Critical,61670.648492226945,51530.64849222694
702,55,Male,7,65.51,Month-to-Month,No Internet,458.5700000000001,No,Yes,1,Expected Range,Expected Range,55-64,7-12 Months,Moderate,786.1200000000001,65.51,786.1200000000001,Developing,1.0,Critical,65.51,786.1200000000001,0.3947309915518009,0.03693305144467936,0.05737704918032787,0.1851632269214401,Moderate Value,0.674065290768576,526,High Priority,Contract Upgrade Offer,40,0.2,157.22400000000005,117.22400000000005,2.930600000000001,292,10180,Critical,61827.87249222695,51647.87249222694
648,44,Female,25,65.38,Month-to-Month,No Internet,1634.5,No,Yes,1,Expected Range,Expected Range,35-44,25-48 Months,Moderate,784.56,65.38,784.56,Established,1.0,Critical,65.38,784.56,0.39328590484659853,0.13164200140944327,0.20491803278688525,0.2546185706286659,Moderate Value,0.7018474282514664,412,High Priority,Contract Upgrade Offer,40,0.2,156.912,116.912,2.9228,293,10220,Critical,61984.78449222694,51764.784492226936
666,46,Male,8,65.36,Month-to-Month,No Internet,522.88,No,Yes,1,Expected Range,Expected Range,45-54,7-12 Months,Moderate,784.3199999999999,65.36,784.3199999999999,Developing,1.0,Critical,65.36,784.3199999999999,0.3930635838150289,0.04211255411255411,0.06557377049180328,0.18835827008835634,Moderate Value,0.6753433080353425,520,High Priority,Contract Upgrade Offer,40,0.2,156.864,116.864,2.9216,294,10260,Critical,62141.648492226945,51881.64849222694
362,60,Male,37,75.95,One-Year,No Internet,2810.15,No,Yes,1,Expected Range,Expected Range,55-64,25-48 Months,High,911.4000000000001,75.95,911.4000000000001,Established,1.0,Critical,75.95,911.4000000000001,0.510782570031125,0.22632840028188866,0.30327868852459017,0.35934764024225857,High Value,0.7437390560969034,210,High Priority,Complimentary Tech Support,20,0.15,136.71,116.71000000000001,5.835500000000001,295,10280,Critical,62278.358492226944,51998.35849222694
140,32,Male,9,65.03,Month-to-Month,No Internet,585.27,No,Yes,1,Expected Range,Expected Range,25-34,7-12 Months,Moderate,780.36,65.03,780.36,Developing,1.0,Critical,65.03,780.36,0.3893952867941308,0.04713742071881607,0.07377049180327869,0.19069883492005762,Moderate Value,0.676279533968023,516,High Priority,Contract Upgrade Offer,40,0.2,156.072,116.072,2.9018,296,10320,Critical,62434.430492226944,52114.43049222694
392,49,Female,10,64.86,Month-to-Month,No Internet,648.6,No,Yes,1,Expected Range,Expected Range,45-54,7-12 Months,Moderate,778.3199999999999,64.86,778.3199999999999,Developing,1.0,Critical,64.86,778.3199999999999,0.38750555802578934,0.05223799456357596,0.0819672131147541,0.19377732458625588,Moderate Value,0.6775109298345023,509,High Priority,Contract Upgrade Offer,40,0.2,155.664,115.66399999999999,2.8915999999999995,297,10360,Critical,62590.09449222694,52230.094492226934
968,63,Male,0,64.85,Month-to-Month,No Internet,0.0,No,Yes,1,Expected Range,Expected Range,55-64,0-6 Months,Moderate,778.1999999999999,64.85,778.1999999999999,New,1.0,Critical,64.85,778.1999999999999,0.3873943975100045,0.0,0.0,0.1549577590040018,Low Value,0.6619831036016007,572,High Priority,Contract Upgrade Offer,40,0.2,155.64,115.63999999999999,2.8909999999999996,298,10400,Critical,62745.73449222694,52345.73449222693
538,41,Female,6,64.61,Month-to-Month,Fiber Optic,387.66,No,Yes,1,Expected Range,Expected Range,35-44,0-6 Months,Moderate,775.3199999999999,64.61,775.3199999999999,New,1.0,Critical,64.61,775.3199999999999,0.38472654513116944,0.031221987315010573,0.04918032786885246,0.1771133955799346,Moderate Value,0.6708453582319738,533,High Priority,Contract Upgrade Offer,40,0.2,155.064,115.064,2.8766,299,10440,Critical,62900.79849222694,52460.79849222693
897,43,Female,61,75.0,One-Year,No Internet,4575.0,No,Yes,1,Expected Range,Expected Range,35-44,49-72 Months,Moderate,900.0,75.0,900.0,Loyal,1.0,Critical,75.0,900.0,0.5002223210315696,0.3684687405617638,0.5,0.4540529876092452,Top Value,0.7816211950436981,80,High Priority,Complimentary Tech Support,20,0.15,135.0,115.0,5.75,300,10460,Critical,63035.79849222694,52575.79849222693
922,34,Male,0,74.83,One-Year,Fiber Optic,0.0,No,Yes,1,Expected Range,Expected Range,25-34,0-6 Months,Moderate,897.96,74.83,897.96,New,0.9977777777777779,Critical,74.66371111111111,895.9645333333333,0.4983325922632281,0.0,0.0,0.19933303690529125,Moderate Value,0.6783998814287832,504,High Priority,Complimentary Tech Support,20,0.15,134.39468,114.39468,5.719734,301,10480,High,63170.19317222694,52690.19317222693
469,39,Male,2,74.35,One-Year,No Internet,148.7,No,Yes,1,Expected Range,Expected Range,35-44,0-6 Months,Moderate,892.1999999999999,74.35,892.1999999999999,New,1.0,Critical,74.35,892.1999999999999,0.49299688750555803,0.011976240813450115,0.01639344262295082,0.20548879994266847,Moderate Value,0.6821955199770674,491,High Priority,Complimentary Tech Support,20,0.15,133.82999999999998,113.82999999999998,5.6915,302,10500,Critical,63304.02317222694,52804.02317222693
955,44,Male,15,64.01,Month-to-Month,Fiber Optic,960.15,No,Yes,1,Expected Range,Expected Range,35-44,13-24 Months,Moderate,768.1200000000001,64.01,768.1200000000001,Developing,0.997142857142857,Critical,63.82711428571428,765.9253714285713,0.37805691418408194,0.0773301117487164,0.12295081967213116,0.20902600970371632,Moderate Value,0.6818961181672007,494,High Priority,Contract Upgrade Offer,40,0.2,153.18507428571428,113.18507428571428,2.829626857142857,303,10540,High,63457.20824651265,52917.208246512644
183,34,Female,2,73.96,One-Year,No Internet,147.92,No,Yes,1,Expected Range,Expected Range,25-34,0-6 Months,Moderate,887.52,73.96,887.52,New,1.0,Critical,73.96,887.52,0.4886616273899511,0.011913419913419912,0.01639344262295082,0.20373270858141512,Moderate Value,0.6814930834325661,496,High Priority,Complimentary Tech Support,20,0.15,133.128,113.12799999999999,5.6564,304,10560,Critical,63590.33624651265,53030.33624651264
3,51,Female,2,63.79,Month-to-Month,Fiber Optic,127.58,No,Yes,1,Expected Range,Expected Range,45-54,0-6 Months,Moderate,765.48,63.79,765.48,New,1.0,Critical,63.79,765.48,0.3756113828368164,0.010275244135709252,0.01639344262295082,0.15793924923796251,Low Value,0.663175699695185,565,High Priority,Contract Upgrade Offer,40,0.2,153.096,113.096,2.8274,305,10600,Critical,63743.432246512646,53143.43224651264
262,44,Male,7,73.91,One-Year,No Internet,517.37,No,Yes,1,Expected Range,Expected Range,35-44,7-12 Months,Moderate,886.92,73.91,886.92,Developing,1.0,Critical,73.91,886.92,0.48810582481102716,0.04166878083157153,0.05737704918032787,0.22417066551054288,Moderate Value,0.6896682662042172,459,High Priority,Complimentary Tech Support,20,0.15,133.03799999999998,113.03799999999998,5.6518999999999995,306,10620,Critical,63876.47024651265,53256.47024651264
681,52,Male,36,63.72,Month-to-Month,DSL,2293.92,No,Yes,1,Expected Range,Expected Range,45-54,25-48 Months,Moderate,764.64,63.72,764.64,Established,1.0,Critical,63.72,764.64,0.3748332592263228,0.18475143461189972,0.29508196721311475,0.2883667976079727,High Value,0.715346719043189,339,High Priority,Contract Upgrade Offer,40,0.2,152.928,112.928,2.8232,307,10660,Critical,64029.39824651265,53369.39824651264
317,51,Female,5,63.71,Month-to-Month,No Internet,318.55,No,Yes,1,Expected Range,Expected Range,45-54,0-6 Months,Moderate,764.52,63.71,764.52,New,1.0,Critical,63.71,764.52,0.3747220987105381,0.025655894493103796,0.04098360655737705,0.16911430419614584,Moderate Value,0.6676457216784584,544,High Priority,Contract Upgrade Offer,40,0.2,152.904,112.904,2.8226,308,10700,Critical,64182.30224651265,53482.30224651264
429,55,Female,10,63.53,Month-to-Month,DSL,635.3,Yes,Yes,1,Expected Range,Expected Range,55-64,7-12 Months,Moderate,762.36,63.53,762.36,Developing,1.0,Critical,63.53,762.36,0.37272120942641185,0.05116681767844558,0.0819672131147541,0.18748867323670923,Moderate Value,0.6749954692946837,523,High Priority,Contract Upgrade Offer,40,0.2,152.472,112.47200000000001,2.8118000000000003,309,10740,Critical,64334.77424651265,53594.77424651264
303,52,Male,6,63.5,Month-to-Month,Fiber Optic,381.0,No,Yes,1,Expected Range,Expected Range,45-54,0-6 Months,Moderate,762.0,63.5,762.0,New,1.0,Critical,63.5,762.0,0.3723877278790574,0.03068559347629115,0.04918032786885246,0.171990130835538,Moderate Value,0.6687960523342151,541,High Priority,Contract Upgrade Offer,40,0.2,152.4,112.4,2.81,310,10780,Critical,64487.17424651265,53707.174246512644
567,24,Male,60,63.61,Month-to-Month,DSL,3816.6,No,Yes,1,Expected Range,Expected Range,Under 25,49-72 Months,Moderate,763.3199999999999,63.61,763.3199999999999,Loyal,0.9973333333333333,Critical,63.44037333333333,761.28448,0.37361049355269016,0.3073874962247055,0.49180327868852464,0.3799806407718542,Top Value,0.7503922563087416,183,High Priority,Contract Upgrade Offer,40,0.2,152.256896,112.25689600000001,2.8064224,311,10820,High,64639.43114251265,53819.43114251264
280,41,Male,20,63.43,Month-to-Month,DSL,1268.6,No,Yes,1,Expected Range,Expected Range,35-44,13-24 Months,Moderate,761.16,63.43,761.16,Developing,1.0,Critical,63.43,761.16,0.3716096042685638,0.10217255612604449,0.1639344262295082,0.22538784290891817,Moderate Value,0.6901551371635672,456,High Priority,Contract Upgrade Offer,40,0.2,152.232,112.232,2.8058,312,10860,Critical,64791.663142512654,53931.66314251265
11,40,Female,1,63.53,Month-to-Month,Fiber Optic,63.53,Yes,Yes,1,Expected Range,Expected Range,35-44,0-6 Months,Moderate,762.36,63.53,762.36,New,0.9975203252032521,Critical,63.372466260162604,760.4695951219512,0.37272120942641185,0.005116681767844558,0.00819672131147541,0.1529285027171792,Low Value,0.6596835962088229,585,High Priority,Contract Upgrade Offer,40,0.2,152.09391902439026,112.09391902439026,2.8023479756097567,313,10900,High,64943.75706153704,54043.757061537035
319,48,Male,7,63.07,Month-to-Month,Fiber Optic,441.49,Yes,Yes,1,Expected Range,Expected Range,45-54,7-12 Months,Moderate,756.84,63.07,756.84,Developing,0.9975203252032521,Critical,62.91360691056911,754.9632829268293,0.36760782570031136,0.035557434813248766,0.05737704918032787,0.17383249475984358,Moderate Value,0.6680451930258886,542,High Priority,Contract Upgrade Offer,40,0.2,150.99265658536586,110.99265658536586,2.7748164146341465,314,10940,High,65094.74971812241,54154.7497181224
49,48,Female,56,72.65,One-Year,No Internet,4068.400000000001,No,Yes,1,Expected Range,Expected Range,45-54,49-72 Months,Moderate,871.8000000000001,72.65,871.8000000000001,Loyal,1.0,Critical,72.65,871.8000000000001,0.47409959982214334,0.3276673713883017,0.45901639344262296,0.4190775182754187,Top Value,0.7676310073101675,115,High Priority,Complimentary Tech Support,20,0.15,130.77,110.77000000000001,5.538500000000001,315,10960,Critical,65225.51971812241,54265.5197181224
526,26,Male,5,62.63,Month-to-Month,Fiber Optic,313.15000000000003,Yes,Yes,1,Expected Range,Expected Range,25-34,0-6 Months,Moderate,751.5600000000001,62.63,751.5600000000001,New,0.9970387596899225,Critical,62.44453751937985,749.3344502325582,0.3627167630057805,0.02522098056981778,0.04098360655737705,0.1641599500410927,Moderate Value,0.6638872358303907,562,High Priority,Contract Upgrade Offer,40,0.2,149.86689004651166,109.86689004651166,2.7466722511627912,316,11000,High,65375.38660816892,54375.38660816891
14,25,Female,8,71.78,One-Year,No Internet,574.24,No,Yes,1,Expected Range,Expected Range,25-34,7-12 Months,Moderate,861.36,71.78,861.36,Developing,1.0,Critical,71.78,861.36,0.4644286349488662,0.04624906876069667,0.06557377049180328,0.21835207066874116,Moderate Value,0.6873408282674964,475,High Priority,Complimentary Tech Support,20,0.15,129.204,109.20400000000001,5.4602,317,11020,Critical,65504.59060816892,54484.59060816891
492,59,Female,4,71.76,Two-Year,No Internet,287.04,No,Yes,1,Expected Range,Expected Range,55-64,0-6 Months,Moderate,861.1200000000001,71.76,861.1200000000001,New,0.9979999999999999,Critical,71.61648,859.39776,0.4642063139172967,0.023118091211114467,0.03278688524590164,0.20197057880228417,Moderate Value,0.6795882315209135,499,High Priority,Complimentary Tech Support,20,0.15,128.909664,108.90966399999999,5.4454832,318,11040,High,65633.50027216892,54593.50027216891
191,40,Male,13,61.94,Month-to-Month,DSL,805.22,No,Yes,1,Expected Range,Expected Range,35-44,13-24 Months,Moderate,743.28,61.94,743.28,Developing,1.0,Critical,61.94,743.28,0.3550466874166296,0.0648521091311789,0.10655737704918034,0.19135625742485957,Moderate Value,0.6765425029699438,514,High Priority,Contract Upgrade Offer,40,0.2,148.656,108.656,2.7164,319,11080,Critical,65782.15627216893,54702.15627216891
963,46,Male,9,61.93,Month-to-Month,No Internet,557.37,No,Yes,1,Expected Range,Expected Range,45-54,7-12 Months,Moderate,743.16,61.93,743.16,Developing,1.0,Critical,61.93,743.16,0.35493552690084484,0.044890365448504985,0.07377049180327869,0.17612846161813436,Moderate Value,0.6704513846472537,536,High Priority,Contract Upgrade Offer,40,0.2,148.632,108.632,2.7158,320,11120,Critical,65930.78827216892,54810.78827216891
561,47,Female,4,61.92,Month-to-Month,DSL,247.68,Yes,Yes,1,Expected Range,Expected Range,45-54,0-6 Months,Moderate,743.04,61.92,743.04,New,1.0,Critical,61.92,743.04,0.3548243663850601,0.019948051948051947,0.03278688524590164,0.15710828604731764,Low Value,0.6628433144189271,566,High Priority,Contract Upgrade Offer,40,0.2,148.608,108.608,2.7152000000000003,321,11160,Critical,66079.39627216892,54919.39627216891
539,55,Female,10,71.32,One-Year,No Internet,713.1999999999999,No,Yes,1,Expected Range,Expected Range,55-64,7-12 Months,Moderate,855.8399999999999,71.32,855.8399999999999,Developing,1.0,Critical,71.32,855.8399999999999,0.4593152512227656,0.05744085371992348,0.0819672131147541,0.224322202569768,Moderate Value,0.6897288810279072,458,High Priority,Complimentary Tech Support,20,0.15,128.37599999999998,108.37599999999998,5.418799999999999,322,11180,Critical,66207.77227216892,55027.772272168906
525,37,Male,52,61.57,Month-to-Month,No Internet,3201.64,No,Yes,1,Expected Range,Expected Range,35-44,49-72 Months,Moderate,738.84,61.57,738.84,Loyal,1.0,Critical,61.57,738.84,0.3509337483325923,0.2578588543239706,0.42622950819672134,0.33718147539560694,High Value,0.7348725901582428,249,High Priority,Contract Upgrade Offer,40,0.2,147.768,107.768,2.6942,323,11220,Critical,66355.54027216892,55135.5402721689
10,50,Female,10,61.55,Month-to-Month,Fiber Optic,615.5,Yes,Yes,1,Expected Range,Expected Range,45-54,7-12 Months,Moderate,738.5999999999999,61.55,738.5999999999999,Developing,0.9975203252032521,Critical,61.39737601626016,736.768512195122,0.35071142730102267,0.04957213329306352,0.0819672131147541,0.17812662085166983,Moderate Value,0.6697628434626192,539,High Priority,Contract Upgrade Offer,40,0.2,147.3537024390244,107.3537024390244,2.6838425609756102,324,11260,High,66502.89397460794,55242.89397460793
374,54,Female,7,70.41,One-Year,No Internet,492.87,No,Yes,1,Expected Range,Expected Range,45-54,7-12 Months,Moderate,844.92,70.41,844.92,Developing,1.0,Critical,70.41,844.92,0.4491996442863495,0.03969556025369979,0.05737704918032787,0.2079175660984167,Moderate Value,0.6831670264393667,487,High Priority,Complimentary Tech Support,20,0.15,126.73799999999999,106.73799999999999,5.336899999999999,325,11280,Critical,66629.63197460794,55349.631974607924
622,49,Female,37,61.12,Month-to-Month,Fiber Optic,2261.44,No,Yes,1,Expected Range,Expected Range,45-54,25-48 Months,Moderate,733.4399999999999,61.12,733.4399999999999,Established,1.0,Critical,61.12,733.4399999999999,0.34593152512227654,0.18213550790294977,0.30327868852459017,0.2779397099460906,High Value,0.7111758839784362,360,High Priority,Contract Upgrade Offer,40,0.2,146.688,106.68799999999999,2.6672,326,11320,Critical,66776.31997460793,55456.319974607926
692,56,Female,14,70.51,One-Year,No Internet,987.14,No,Yes,1,Expected Range,Expected Range,55-64,13-24 Months,Moderate,846.1200000000001,70.51,846.1200000000001,Developing,0.9977777777777779,Critical,70.35331111111113,844.2397333333336,0.45031124944419754,0.07950387596899225,0.11475409836065574,0.23663938095699025,Moderate Value,0.6933224190494628,441,High Priority,Complimentary Tech Support,20,0.15,126.63596000000003,106.63596000000003,5.331798000000001,327,11340,High,66902.95593460793,55562.955934607926
993,42,Female,46,61.09,Month-to-Month,No Internet,2810.1400000000003,No,Yes,1,Expected Range,Expected Range,35-44,25-48 Months,Moderate,733.08,61.09,733.08,Established,1.0,Critical,61.09,733.08,0.3455980435749223,0.22632759488573445,0.3770491803278689,0.3117161707219432,High Value,0.7246864682887773,294,High Priority,Contract Upgrade Offer,40,0.2,146.616,106.61600000000001,2.6654000000000004,328,11380,Critical,67049.57193460793,55669.57193460793
399,43,Male,66,61.06,Month-to-Month,No Internet,4029.96,No,Yes,1,Expected Range,Expected Range,35-44,49-72 Months,Moderate,732.72,61.06,732.72,Loyal,1.0,Critical,61.06,732.72,0.34526456202756783,0.32457142857142857,0.5409836065573771,0.38695172645037146,Top Value,0.7547806905801486,163,High Priority,Contract Upgrade Offer,40,0.2,146.544,106.54400000000001,2.6636,329,11420,Critical,67196.11593460792,55776.11593460793
425,51,Male,45,60.9,Month-to-Month,DSL,2740.5,No,Yes,1,Expected Range,Expected Range,45-54,25-48 Months,Moderate,730.8,60.9,730.8,Established,1.0,Critical,60.9,730.8,0.3434859937750111,0.22071881606765328,0.36885245901639346,0.3068590978877815,High Value,0.7227436391551125,305,High Priority,Contract Upgrade Offer,40,0.2,146.16,106.16,2.654,330,11460,Critical,67342.27593460793,55882.27593460793
248,38,Male,19,60.84,Month-to-Month,No Internet,1155.96,No,Yes,1,Expected Range,Expected Range,35-44,13-24 Months,Moderate,730.08,60.84,730.08,Developing,1.0,Critical,60.84,730.08,0.3428190306803024,0.09310057384475989,0.1557377049180328,0.20864723934729512,Moderate Value,0.683458895738918,484,High Priority,Contract Upgrade Offer,40,0.2,146.01600000000002,106.01600000000002,2.6504000000000003,331,11500,Critical,67488.29193460793,55988.291934607936
796,55,Female,63,60.72,Month-to-Month,No Internet,3825.36,No,Yes,1,Expected Range,Expected Range,55-64,49-72 Months,Moderate,728.64,60.72,728.64,Loyal,1.0,Critical,60.72,728.64,0.34148510449088487,0.30809302325581395,0.5163934426229508,0.37352496059162654,High Value,0.7494099842366506,186,High Priority,Contract Upgrade Offer,40,0.2,145.728,105.72800000000001,2.6432,332,11540,Critical,67634.01993460793,56094.01993460794
370,37,Female,6,69.44,One-Year,No Internet,416.64,No,Yes,1,Expected Range,Expected Range,35-44,0-6 Months,Moderate,833.28,69.44,833.28,New,1.0,Critical,69.44,833.28,0.4384170742552246,0.033556025369978856,0.04918032786885246,0.19940652054879554,Moderate Value,0.6797626082195182,498,High Priority,Complimentary Tech Support,20,0.15,124.99199999999999,104.99199999999999,5.249599999999999,333,11560,Critical,67759.01193460793,56199.01193460794
215,41,Female,1,60.18,Month-to-Month,DSL,60.18,Yes,Yes,1,Expected Range,Expected Range,35-44,0-6 Months,Moderate,722.16,60.18,722.16,New,1.0,Critical,60.18,722.16,0.3354824366385061,0.004846874056176381,0.00819672131147541,0.13793856090293302,Low Value,0.6551754243611732,603,High Priority,Contract Upgrade Offer,40,0.2,144.432,104.43199999999999,2.6108,334,11600,Critical,67903.44393460793,56303.44393460794
701,39,Female,3,60.1,Month-to-Month,Fiber Optic,180.3,Yes,Yes,1,Expected Range,Expected Range,35-44,0-6 Months,Moderate,721.2,60.1,721.2,New,0.9975203252032521,Critical,59.95097154471545,719.4116585365854,0.33459315251222776,0.014521292660827545,0.02459016393442623,0.1450672544197873,Low Value,0.6565390968898661,598,High Priority,Contract Upgrade Offer,40,0.2,143.8823317073171,103.88233170731709,2.5970582926829273,335,11640,High,68047.32626631524,56407.326266315256
799,45,Male,4,59.88,Month-to-Month,DSL,239.52,Yes,Yes,1,Expected Range,Expected Range,45-54,0-6 Months,Moderate,718.5600000000001,59.88,718.5600000000001,New,1.0,Critical,59.88,718.5600000000001,0.3321476211649623,0.019290848686197525,0.03278688524590164,0.14780756681762947,Low Value,0.6591230267270518,587,High Priority,Contract Upgrade Offer,40,0.2,143.71200000000002,103.71200000000002,2.5928000000000004,336,11680,Critical,68191.03826631524,56511.038266315256
944,44,Male,16,59.82,Month-to-Month,No Internet,957.12,No,Yes,1,Expected Range,Expected Range,35-44,13-24 Months,Moderate,717.84,59.82,717.84,Developing,1.0,Critical,59.82,717.84,0.3314806580702535,0.0770860767139837,0.13114754098360656,0.19235927532389735,Moderate Value,0.6769437101295589,512,High Priority,Contract Upgrade Offer,40,0.2,143.568,103.56800000000001,2.5892000000000004,337,11720,Critical,68334.60626631524,56614.606266315255
751,35,Male,10,59.73,Month-to-Month,DSL,597.3,No,Yes,1,Expected Range,Expected Range,35-44,7-12 Months,Moderate,716.76,59.73,716.76,Developing,1.0,Critical,59.73,716.76,0.33048021342819034,0.0481063122923588,0.0819672131147541,0.16952109795229023,Moderate Value,0.667808439180916,543,High Priority,Contract Upgrade Offer,40,0.2,143.352,103.352,2.5838,338,11760,Critical,68477.95826631524,56717.958266315254
528,45,Female,5,59.54,Month-to-Month,No Internet,297.7,No,Yes,1,Expected Range,Expected Range,45-54,0-6 Months,Moderate,714.48,59.54,714.48,New,1.0,Critical,59.54,714.48,0.32836816362827925,0.023976643511527233,0.04098360655737705,0.1499849923196905,Low Value,0.6599939969278762,584,High Priority,Contract Upgrade Offer,40,0.2,142.89600000000002,102.89600000000002,2.5724000000000005,339,11800,Critical,68620.85426631523,56820.854266315255
56,54,Female,48,68.24,One-Year,No Internet,3275.5199999999995,No,Yes,1,Expected Range,Expected Range,45-54,25-48 Months,Moderate,818.8799999999999,68.24,818.8799999999999,Established,1.0,Critical,68.24,818.8799999999999,0.42507781236104936,0.26380912111144666,0.39344262295081966,0.360724973071131,High Value,0.7442899892284524,206,High Priority,Complimentary Tech Support,20,0.15,122.83199999999998,102.83199999999998,5.141599999999999,340,11820,Critical,68743.68626631523,56923.68626631526
194,32,Male,9,68.1,One-Year,No Internet,612.9,No,Yes,1,Expected Range,Expected Range,25-34,7-12 Months,Moderate,817.1999999999999,68.1,817.1999999999999,Developing,1.0,Critical,68.1,817.1999999999999,0.42352156514006223,0.04936273029296285,0.07377049180327869,0.20512820460938158,Moderate Value,0.6820512818437526,493,High Priority,Complimentary Tech Support,20,0.15,122.57999999999998,102.57999999999998,5.129,341,11840,Critical,68866.26626631523,57026.26626631526
108,46,Female,7,59.4,Month-to-Month,DSL,415.8,No,Yes,1,Expected Range,Expected Range,45-54,7-12 Months,Moderate,712.8,59.4,712.8,Developing,1.0,Critical,59.4,712.8,0.3268119164072921,0.03348837209302326,0.05737704918032787,0.15678995909055693,Low Value,0.6627159836362227,568,High Priority,Contract Upgrade Offer,40,0.2,142.56,102.56,2.564,342,11880,Critical,69008.82626631523,57128.826266315256
237,24,Female,6,59.36,Month-to-Month,Fiber Optic,356.15999999999997,No,Yes,1,Expected Range,Expected Range,Under 25,0-6 Months,Moderate,712.3199999999999,59.36,712.3199999999999,New,1.0,Critical,59.36,712.3199999999999,0.326367274344153,0.028684989429175474,0.04918032786885246,0.15288173800508575,Low Value,0.6611526952020342,578,High Priority,Contract Upgrade Offer,40,0.2,142.464,102.464,2.5616,343,11920,Critical,69151.29026631523,57231.290266315256
98,47,Female,3,59.28,Month-to-Month,Fiber Optic,177.84,Yes,Yes,1,Expected Range,Expected Range,45-54,0-6 Months,Moderate,711.36,59.28,711.36,New,0.9975203252032521,Critical,59.13300487804879,709.5960585365855,0.3254779902178747,0.014323165206886137,0.02459016393442623,0.1413518448931666,Low Value,0.6550529330792179,605,High Priority,Contract Upgrade Offer,40,0.2,141.9192117073171,101.91921170731709,2.547980292682927,344,11960,High,69293.20947802255,57333.209478022574
842,51,Female,26,59.12,Month-to-Month,No Internet,1537.12,No,Yes,1,Expected Range,Expected Range,45-54,25-48 Months,Moderate,709.4399999999999,59.12,709.4399999999999,Established,1.0,Critical,59.12,709.4399999999999,0.323699421965318,0.12379905365951877,0.21311475409836067,0.22608812609154894,Moderate Value,0.6904352504366196,454,High Priority,Contract Upgrade Offer,40,0.2,141.888,101.888,2.5472,345,12000,Critical,69435.09747802255,57435.09747802257
95,41,Male,9,59.07,Month-to-Month,DSL,531.63,Yes,Yes,1,Expected Range,Expected Range,35-44,7-12 Months,Moderate,708.84,59.07,708.84,Developing,1.0,Critical,59.07,708.84,0.323143619386394,0.04281727574750831,0.07377049180327869,0.16268611721700518,Moderate Value,0.6650744468868021,556,High Priority,Contract Upgrade Offer,40,0.2,141.768,101.768,2.5442,346,12040,Critical,69576.86547802255,57536.86547802257
71,48,Female,2,59.21,Month-to-Month,Fiber Optic,118.42,Yes,Yes,1,Expected Range,Expected Range,45-54,0-6 Months,Moderate,710.52,59.21,710.52,New,0.9975203252032521,Critical,59.06317845528456,708.7581414634146,0.32469986660738115,0.009537501258431492,0.01639344262295082,0.1373164327391412,Low Value,0.6534387682176077,612,High Priority,Contract Upgrade Offer,40,0.2,141.75162829268294,101.75162829268294,2.5437907073170734,347,12080,High,69718.61710631523,57638.61710631525
949,44,Female,24,67.11,One-Year,No Internet,1610.64,No,Yes,1,Expected Range,Expected Range,35-44,13-24 Months,Moderate,805.3199999999999,67.11,805.3199999999999,Developing,1.0,Critical,67.11,805.3199999999999,0.4125166740773678,0.12972032618544246,0.19672131147540983,0.25958911166470444,Moderate Value,0.7038356446658818,403,High Priority,Complimentary Tech Support,20,0.15,120.79799999999999,100.79799999999999,5.039899999999999,348,12100,Critical,69839.41510631522,57739.41510631525
940,39,Female,5,58.42,Month-to-Month,No Internet,292.1,No,Yes,1,Expected Range,Expected Range,35-44,0-6 Months,Moderate,701.04,58.42,701.04,New,1.0,Critical,58.42,701.04,0.31591818586038245,0.02352562166515655,0.04098360655737705,0.14484714356630204,Low Value,0.6579388574265208,591,High Priority,Contract Upgrade Offer,40,0.2,140.208,100.208,2.5052,349,12140,Critical,69979.62310631522,57839.62310631525
121,52,Male,9,58.15,Month-to-Month,Fiber Optic,523.35,Yes,Yes,1,Expected Range,Expected Range,45-54,7-12 Months,Moderate,697.8,58.15,697.8,Developing,0.9975203252032521,Critical,58.005806910569106,696.0696829268293,0.31291685193419305,0.042150407731803084,0.07377049180327869,0.15836200643062798,Moderate Value,0.6618569976942024,574,High Priority,Contract Upgrade Offer,40,0.2,139.21393658536587,99.21393658536587,2.480348414634147,350,12180,High,70118.83704290059,57938.83704290062
420,45,Female,7,58.07,Month-to-Month,Fiber Optic,406.49,Yes,Yes,1,Expected Range,Expected Range,45-54,7-12 Months,Moderate,696.84,58.07,696.84,Developing,0.9975203252032521,Critical,57.92600528455285,695.1120634146342,0.31202756780791463,0.03273854827343199,0.05737704918032787,0.150613781313949,Low Value,0.6587577076475308,588,High Priority,Contract Upgrade Offer,40,0.2,139.02241268292684,99.02241268292684,2.475560317073171,351,12220,High,70257.85945558352,58037.859455583544
612,44,Male,5,57.76,Month-to-Month,No Internet,288.8,No,Yes,1,Expected Range,Expected Range,35-44,0-6 Months,Moderate,693.12,57.76,693.12,New,1.0,Critical,57.76,693.12,0.308581591818586,0.023259840934259538,0.04098360655737705,0.14181948269376954,Low Value,0.6567277930775078,595,High Priority,Contract Upgrade Offer,40,0.2,138.624,98.624,2.4656,352,12260,Critical,70396.48345558351,58136.48345558355
925,56,Female,14,57.7,Month-to-Month,No Internet,807.8000000000001,No,Yes,1,Expected Range,Expected Range,55-64,13-24 Months,Moderate,692.4000000000001,57.7,692.4000000000001,Developing,1.0,Critical,57.7,692.4000000000001,0.3079146287238773,0.0650599013389711,0.11475409836065574,0.17462534154835477,Moderate Value,0.6698501366193419,537,High Priority,Contract Upgrade Offer,40,0.2,138.48000000000002,98.48000000000002,2.4620000000000006,353,12300,Critical,70534.96345558351,58234.96345558355
626,39,Male,24,66.02,One-Year,No Internet,1584.48,No,Yes,1,Expected Range,Expected Range,35-44,13-24 Months,Moderate,792.24,66.02,792.24,Developing,0.9968888888888888,Critical,65.81460444444444,789.7752533333332,0.40040017785682525,0.12761340984596797,0.19672131147540983,0.25400509245767133,Moderate Value,0.6997353703164019,421,High Priority,Complimentary Tech Support,20,0.15,118.46628799999998,98.46628799999998,4.923314399999999,354,12320,High,70653.4297435835,58333.429743583554
356,34,Male,9,65.81,One-Year,Fiber Optic,592.29,No,Yes,1,Expected Range,Expected Range,25-34,7-12 Months,Moderate,789.72,65.81,789.72,Developing,1.0,Critical,65.81,789.72,0.39806580702534466,0.04770280881908789,0.07377049180327869,0.1943649288476383,Moderate Value,0.6777459715390552,507,High Priority,Complimentary Tech Support,20,0.15,118.458,98.458,4.9229,355,12340,Critical,70771.8877435835,58431.88774358355
716,56,Male,6,65.27,One-Year,No Internet,391.62,No,Yes,1,Expected Range,Expected Range,55-64,0-6 Months,Moderate,783.24,65.27,783.24,New,1.0,Critical,65.27,783.24,0.39206313917296576,0.03154092419208698,0.04918032786885246,0.18015966110362985,Moderate Value,0.6720638644414519,529,High Priority,Complimentary Tech Support,20,0.15,117.48599999999999,97.48599999999999,4.8743,356,12360,Critical,70889.3737435835,58529.37374358355
238,46,Male,0,56.94,Month-to-Month,No Internet,0.0,No,Yes,1,Expected Range,Expected Range,45-54,0-6 Months,Moderate,683.28,56.94,683.28,New,1.0,Critical,56.94,683.28,0.29946642952423297,0.0,0.0,0.1197865718096932,Low Value,0.6479146287238773,632,High Priority,Contract Upgrade Offer,40,0.2,136.656,96.656,2.4164000000000003,357,12400,Critical,71026.02974358351,58626.02974358355
222,26,Female,12,64.7,Two-Year,No Internet,776.4000000000001,No,Yes,1,Expected Range,Expected Range,25-34,7-12 Months,Moderate,776.4000000000001,64.7,776.4000000000001,Developing,0.9979999999999999,Critical,64.5706,774.8471999999999,0.3857269897732326,0.06253095741467835,0.09836065573770492,0.2007667949388567,Moderate Value,0.6791067179755426,501,High Priority,Complimentary Tech Support,20,0.15,116.22707999999999,96.22707999999999,4.811354,358,12420,High,71142.2568235835,58722.25682358355
62,43,Male,1,64.45,One-Year,No Internet,64.45,No,Yes,1,Expected Range,Expected Range,35-44,0-6 Months,Moderate,773.4000000000001,64.45,773.4000000000001,New,1.0,Critical,64.45,773.4000000000001,0.3829479768786128,0.005190778214034028,0.00819672131147541,0.1570451434542259,Low Value,0.6628180573816903,567,High Priority,Complimentary Tech Support,20,0.15,116.01,96.01,4.8005,359,12440,Critical,71258.2668235835,58818.26682358355
1000,50,Male,1,56.67,Month-to-Month,No Internet,56.67,No,Yes,1,Expected Range,Expected Range,45-54,0-6 Months,Moderate,680.04,56.67,680.04,New,1.0,Critical,56.67,680.04,0.2964650955980437,0.004564180006040471,0.00819672131147541,0.1222326815692005,Low Value,0.6488930726276801,627,High Priority,Contract Upgrade Offer,40,0.2,136.008,96.00800000000001,2.4002000000000003,360,12480,Critical,71394.2748235835,58914.27482358355
809,57,Female,5,56.63,Month-to-Month,DSL,283.15000000000003,Yes,Yes,1,Expected Range,Expected Range,55-64,0-6 Months,Moderate,679.5600000000001,56.63,679.5600000000001,New,1.0,Critical,56.63,679.5600000000001,0.29602045353490447,0.02280479210711769,0.04098360655737705,0.13663576029079727,Low Value,0.6546543041163189,609,High Priority,Contract Upgrade Offer,40,0.2,135.912,95.912,2.3978,361,12520,Critical,71530.1868235835,59010.18682358355
825,40,Female,6,56.4,Month-to-Month,DSL,338.4,No,Yes,1,Expected Range,Expected Range,35-44,0-6 Months,Moderate,676.8,56.4,676.8,New,1.0,Critical,56.4,676.8,0.2934637616718542,0.02725460585925702,0.04918032786885246,0.13921969868669476,Low Value,0.6556878794746779,602,High Priority,Contract Upgrade Offer,40,0.2,135.35999999999999,95.35999999999999,2.3839999999999995,362,12560,Critical,71665.5468235835,59105.54682358355
535,38,Female,13,64.29,One-Year,No Internet,835.7700000000001,No,Yes,1,Expected Range,Expected Range,35-44,13-24 Months,Moderate,771.48,64.29,771.48,Developing,0.9968627450980392,Critical,64.08830588235294,769.0596705882353,0.3811694086260562,0.06731259438236183,0.10655737704918034,0.2026665157465442,Moderate Value,0.6791842533574413,500,High Priority,Complimentary Tech Support,20,0.15,115.3589505882353,95.3589505882353,4.7679475294117655,363,12580,High,71780.90577417174,59200.905774171784
468,52,Female,11,55.92,Month-to-Month,DSL,615.12,Yes,Yes,1,Expected Range,Expected Range,45-54,7-12 Months,Moderate,671.04,55.92,671.04,Developing,1.0,Critical,55.92,671.04,0.2881280569141842,0.04954152823920266,0.09016393442622951,0.15513174125595197,Low Value,0.6620526965023807,571,High Priority,Contract Upgrade Offer,40,0.2,134.208,94.208,2.3552,364,12620,Critical,71915.11377417174,59295.11377417178
13,47,Male,2,63.26,Two-Year,No Internet,126.52,No,Yes,1,Expected Range,Expected Range,45-54,0-6 Months,Moderate,759.12,63.26,759.12,New,1.0,Critical,63.26,759.12,0.36971987550022234,0.010189872143360515,0.01639344262295082,0.15555276610600283,Low Value,0.6622211064424011,569,High Priority,Complimentary Tech Support,20,0.15,113.868,93.868,4.6934,365,12640,Critical,72028.98177417174,59388.981774171785
312,55,Female,6,55.71,Month-to-Month,No Internet,334.26,No,Yes,1,Expected Range,Expected Range,55-64,0-6 Months,Moderate,668.52,55.71,668.52,New,1.0,Critical,55.71,668.52,0.2857936860827035,0.02692117185140441,0.04918032786885246,0.13603496654828606,Low Value,0.6544139866193144,610,High Priority,Contract Upgrade Offer,40,0.2,133.704,93.70400000000001,2.3426,366,12680,Critical,72162.68577417174,59482.68577417178
902,41,Female,41,55.61,Month-to-Month,No Internet,2280.01,No,Yes,1,Expected Range,Expected Range,35-44,25-48 Months,Moderate,667.3199999999999,55.61,667.3199999999999,Established,1.0,Critical,55.61,667.3199999999999,0.2846820809248556,0.18363112856136113,0.33606557377049184,0.2621601208090416,Moderate Value,0.7048640483236166,398,High Priority,Contract Upgrade Offer,40,0.2,133.464,93.464,2.3366,367,12720,Critical,72296.14977417175,59576.14977417178
931,39,Male,5,62.83,One-Year,DSL,314.15,No,Yes,1,Expected Range,Expected Range,35-44,0-6 Months,Moderate,753.96,62.83,753.96,New,0.9969811320754718,Critical,62.64032452830189,751.6838943396226,0.3649399733214762,0.02530152018524111,0.04098360655737705,0.16507742303276915,Moderate Value,0.6642196484583908,561,High Priority,Complimentary Tech Support,20,0.15,112.75258415094339,92.75258415094339,4.637629207547169,368,12740,High,72408.9023583227,59668.902358322724
287,43,Female,13,62.53,One-Year,No Internet,812.89,No,Yes,1,Expected Range,Expected Range,35-44,13-24 Months,Moderate,750.36,62.53,750.36,Developing,1.0,Critical,62.53,750.36,0.36160515784793246,0.06546984798147588,0.10655737704918034,0.19419585419498464,Moderate Value,0.6776783416779939,508,High Priority,Complimentary Tech Support,20,0.15,112.554,92.554,4.6277,369,12760,Critical,72521.4563583227,59761.45635832272
308,39,Male,7,55.08,Month-to-Month,Fiber Optic,385.56,No,Yes,1,Expected Range,Expected Range,35-44,7-12 Months,Moderate,660.96,55.08,660.96,Developing,1.0,Critical,55.08,660.96,0.2787905735882614,0.031052854122621563,0.05737704918032787,0.13672899067330407,Low Value,0.6546915962693216,607,High Priority,Contract Upgrade Offer,40,0.2,132.192,92.19200000000001,2.3048,370,12800,Critical,72653.6483583227,59853.648358322724
242,43,Female,3,61.98,One-Year,No Internet,185.94,No,Yes,1,Expected Range,Expected Range,35-44,0-6 Months,Moderate,743.76,61.98,743.76,New,1.0,Critical,61.98,743.76,0.3554913294797688,0.01497553609181516,0.02459016393442623,0.1535855104076494,Low Value,0.6614342041630598,577,High Priority,Complimentary Tech Support,20,0.15,111.564,91.564,4.5782,371,12820,Critical,72765.2123583227,59945.21235832272
412,33,Male,6,54.97,Month-to-Month,DSL,329.82,Yes,Yes,1,Expected Range,Expected Range,25-34,0-6 Months,Moderate,659.64,54.97,659.64,New,0.9971111111111111,Critical,54.81119777777777,657.7343733333332,0.27756780791462876,0.026563575958924796,0.04918032786885246,0.1326194567186883,Low Value,0.651314449354142,617,High Priority,Contract Upgrade Offer,40,0.2,131.54687466666664,91.54687466666664,2.288671866666666,372,12860,High,72896.75923298937,60036.75923298939
165,54,Male,101,54.78,Month-to-Month,No Internet,5532.78,No,Yes,1,Expected Range,Expected Range,45-54,73+ Months,Moderate,657.36,54.78,657.36,Loyal,0.9988888888888887,Critical,54.719133333333325,656.6295999999999,0.2754557581147177,0.4456079734219269,0.8278688524590164,0.47311230705831553,Top Value,0.7885782561566594,71,High Priority,Contract Upgrade Offer,40,0.2,131.32591999999997,91.32591999999997,2.2831479999999993,373,12900,High,73028.08515298937,60128.08515298939
782,31,Male,2,54.83,Month-to-Month,Fiber Optic,109.66,Yes,Yes,1,Expected Range,Expected Range,25-34,0-6 Months,Moderate,657.96,54.83,657.96,New,0.9970387596899225,Critical,54.667635193798446,656.0116223255814,0.27601156069364163,0.008831974227323064,0.01639344262295082,0.11759417591275745,Low Value,0.6452609261790565,644,High Priority,Contract Upgrade Offer,40,0.2,131.20232446511628,91.20232446511628,2.280058111627907,374,12940,High,73159.28747745449,60219.287477454505
679,54,Male,9,54.43,Month-to-Month,DSL,489.87,Yes,Yes,1,Expected Range,Expected Range,45-54,7-12 Months,Moderate,653.16,54.43,653.16,Developing,1.0,Critical,54.43,653.16,0.27156514006224997,0.03945394140742978,0.07377049180327869,0.1408775584683201,Low Value,0.656351023387328,600,High Priority,Contract Upgrade Offer,40,0.2,130.632,90.632,2.2658,375,12980,Critical,73289.91947745449,60309.9194774545
512,44,Male,3,61.28,Two-Year,No Internet,183.84,No,Yes,1,Expected Range,Expected Range,35-44,0-6 Months,Moderate,735.36,61.28,735.36,New,1.0,Critical,61.28,735.36,0.3477100933748333,0.014806402899426155,0.02459016393442623,0.15041381934833906,Low Value,0.6601655277393356,582,High Priority,Complimentary Tech Support,20,0.15,110.304,90.304,4.5152,376,13000,Critical,73400.22347745449,60400.2234774545
710,61,Female,35,54.14,Month-to-Month,No Internet,1894.9,No,Yes,1,Expected Range,Expected Range,55-64,25-48 Months,Moderate,649.6800000000001,54.14,649.6800000000001,Established,1.0,Critical,54.14,649.6800000000001,0.26834148510449096,0.15261451726568007,0.2868852459016394,0.23247298656019427,Moderate Value,0.6929891946240777,444,High Priority,Contract Upgrade Offer,40,0.2,129.936,89.936,2.2484,377,13040,Critical,73530.1594774545,60490.1594774545
820,55,Male,41,60.69,One-Year,No Internet,2488.29,No,Yes,1,Expected Range,Expected Range,55-64,25-48 Months,Moderate,728.28,60.69,728.28,Established,1.0,Critical,60.69,728.28,0.3411516229435305,0.2004059196617336,0.33606557377049184,0.2906191145016419,High Value,0.7162476458006568,332,High Priority,Complimentary Tech Support,20,0.15,109.24199999999999,89.24199999999999,4.4620999999999995,378,13060,Critical,73639.40147745449,60579.4014774545
77,45,Female,23,53.82,Month-to-Month,Fiber Optic,1237.86,No,Yes,1,Expected Range,Expected Range,45-54,13-24 Months,Moderate,645.84,53.82,645.84,Developing,1.0,Critical,53.82,645.84,0.2647843485993776,0.09969676834793113,0.18852459016393444,0.18793875590251055,Moderate Value,0.6751755023610042,522,High Priority,Contract Upgrade Offer,40,0.2,129.168,89.168,2.2292,379,13100,Critical,73768.5694774545,60668.5694774545
720,44,Male,8,53.38,Month-to-Month,No Internet,427.04,No,Yes,1,Expected Range,Expected Range,35-44,7-12 Months,Moderate,640.5600000000001,53.38,640.5600000000001,Developing,1.0,Critical,53.38,640.5600000000001,0.2598932859048467,0.034393637370381556,0.06557377049180328,0.13238853006452306,Low Value,0.6529554120258092,613,High Priority,Contract Upgrade Offer,40,0.2,128.11200000000002,88.11200000000002,2.2028000000000008,380,13140,Critical,73896.68147745449,60756.6814774545
803,45,Female,0,53.27,Month-to-Month,DSL,0.0,Yes,Yes,1,Expected Range,Expected Range,45-54,0-6 Months,Moderate,639.24,53.27,639.24,New,1.0,Critical,53.27,639.24,0.25867052023121395,0.0,0.0,0.10346820809248558,Low Value,0.6413872832369942,662,High Priority,Contract Upgrade Offer,40,0.2,127.84800000000001,87.84800000000001,2.1962,381,13180,Critical,74024.52947745449,60844.5294774545
775,51,Female,24,59.19,One-Year,No Internet,1420.56,No,Yes,1,Expected Range,Expected Range,45-54,13-24 Months,Moderate,710.28,59.19,710.28,Developing,1.0,Critical,59.19,710.28,0.32447754557581154,0.11441135608577468,0.19672131147540983,0.21901532072919822,Moderate Value,0.6876061282916792,473,High Priority,Complimentary Tech Support,20,0.15,106.54199999999999,86.54199999999999,4.3271,382,13200,Critical,74131.07147745449,60931.0714774545
768,62,Male,19,52.77,Month-to-Month,Fiber Optic,1002.63,No,Yes,1,Expected Range,Expected Range,55-64,13-24 Months,Moderate,633.24,52.77,633.24,Developing,0.997142857142857,Critical,52.619228571428565,631.4307428571428,0.25311249444197426,0.08075143461189972,0.1557377049180328,0.16844242612046278,Moderate Value,0.6656626847338993,553,High Priority,Contract Upgrade Offer,40,0.2,126.28614857142857,86.28614857142857,2.1571537142857142,383,13240,High,74257.35762602591,61017.35762602593
924,37,Male,26,52.71,Month-to-Month,DSL,1370.46,No,Yes,1,Expected Range,Expected Range,35-44,25-48 Months,Moderate,632.52,52.71,632.52,Established,0.996923076923077,Critical,52.54781538461539,630.5737846153847,0.25244553134726555,0.11037632135306553,0.21311475409836067,0.19288861353706932,Moderate Value,0.6753092915686739,521,High Priority,Contract Upgrade Offer,40,0.2,126.11475692307695,86.11475692307695,2.152868923076924,384,13280,High,74383.472382949,61103.472382949
8,52,Female,6,58.9,One-Year,No Internet,353.4,No,Yes,1,Expected Range,Expected Range,45-54,0-6 Months,Moderate,706.8,58.9,706.8,New,1.0,Critical,58.9,706.8,0.32125389061805254,0.028462700090607064,0.04918032786885246,0.1507585832461466,Low Value,0.6603034332984586,581,High Priority,Complimentary Tech Support,20,0.15,106.02,86.02,4.301,385,13300,Critical,74489.492382949,61189.492382949
608,32,Male,10,52.61,Month-to-Month,Fiber Optic,526.1,Yes,Yes,1,Expected Range,Expected Range,25-34,7-12 Months,Moderate,631.3199999999999,52.61,631.3199999999999,Developing,0.9970387596899225,Critical,52.454209147286825,629.4505097674419,0.2513339261894175,0.04237189167421725,0.0819672131147541,0.13585553584043158,Low Value,0.6525654701501261,614,High Priority,Contract Upgrade Offer,40,0.2,125.89010195348838,85.89010195348838,2.1472525488372094,386,13340,High,74615.38248490248,61275.38248490249
888,41,Male,5,58.37,Two-Year,No Internet,291.84999999999997,No,Yes,1,Expected Range,Expected Range,35-44,0-6 Months,Moderate,700.4399999999999,58.37,700.4399999999999,New,1.0,Critical,58.37,700.4399999999999,0.3153623832814585,0.023505486761300712,0.04098360655737705,0.14461777531838294,Low Value,0.6578471101273532,592,High Priority,Complimentary Tech Support,20,0.15,105.06599999999999,85.06599999999999,4.253299999999999,387,13360,Critical,74720.44848490249,61360.44848490249
275,35,Female,10,58.25,One-Year,No Internet,582.5,No,Yes,1,Expected Range,Expected Range,35-44,7-12 Months,Moderate,699.0,58.25,699.0,Developing,1.0,Critical,58.25,699.0,0.31402845709204097,0.046914325984093425,0.0819672131147541,0.1625232002099376,Moderate Value,0.665009280083975,557,High Priority,Complimentary Tech Support,20,0.15,104.85,84.85,4.2425,388,13380,Critical,74825.2984849025,61445.29848490249
726,43,Female,11,51.65,Month-to-Month,No Internet,568.15,No,Yes,1,Expected Range,Expected Range,35-44,7-12 Months,Moderate,619.8,51.65,619.8,Developing,1.0,Critical,51.65,619.8,0.24066251667407734,0.04575858250276855,0.09016393442622951,0.13482149415215733,Low Value,0.6539285976608629,611,High Priority,Contract Upgrade Offer,40,0.2,123.96,83.96,2.0989999999999998,389,13420,Critical,74949.2584849025,61529.258484902486
671,57,Male,25,57.58,Two-Year,No Internet,1439.5,No,Yes,1,Expected Range,Expected Range,55-64,25-48 Months,Moderate,690.96,57.58,690.96,Established,1.0,Critical,57.58,690.96,0.3065807025344598,0.11593677640189268,0.20491803278688525,0.21443966095116768,Moderate Value,0.685775864380467,478,High Priority,Complimentary Tech Support,20,0.15,103.644,83.644,4.1822,390,13440,Critical,75052.9024849025,61612.902484902486
375,66,Male,20,51.37,Month-to-Month,No Internet,1027.4,No,Yes,1,Expected Range,Expected Range,65+,13-24 Months,Moderate,616.4399999999999,51.37,616.4399999999999,Developing,1.0,Critical,51.37,616.4399999999999,0.2375500222321032,0.08274640088593578,0.1639344262295082,0.16496485576029585,Moderate Value,0.6659859423041183,552,High Priority,Contract Upgrade Offer,40,0.2,123.288,83.288,2.0822,391,13480,Critical,75176.1904849025,61696.19048490249
388,63,Female,9,51.32,Month-to-Month,DSL,461.88,Yes,Yes,1,Expected Range,Expected Range,55-64,7-12 Months,Moderate,615.84,51.32,615.84,Developing,1.0,Critical,51.32,615.84,0.23699421965317924,0.037199637571730594,0.07377049180327869,0.12626018396219707,Low Value,0.6505040735848788,622,High Priority,Contract Upgrade Offer,40,0.2,123.168,83.168,2.0792,392,13520,Critical,75299.3584849025,61779.358484902485
470,39,Male,63,56.99,Two-Year,No Internet,3590.3700000000003,No,Yes,1,Expected Range,Expected Range,35-44,49-72 Months,Moderate,683.88,56.99,683.88,Loyal,1.0,Critical,56.99,683.88,0.30002223210315704,0.28916701902748415,0.5163934426229508,0.35031571015662,High Value,0.740126284062648,225,High Priority,Complimentary Tech Support,20,0.15,102.582,82.582,4.129099999999999,393,13540,Critical,75401.9404849025,61861.94048490249
786,55,Male,42,51.0,Month-to-Month,No Internet,2142.0,No,Yes,1,Expected Range,Expected Range,55-64,25-48 Months,Moderate,612.0,51.0,612.0,Established,1.0,Critical,51.0,612.0,0.23343708314806588,0.17251585623678647,0.3442622950819672,0.2398209567125934,Moderate Value,0.6959283826850373,432,High Priority,Contract Upgrade Offer,40,0.2,122.4,82.4,2.06,394,13580,Critical,75524.3404849025,61944.34048490249
123,59,Male,0,50.88,Month-to-Month,Fiber Optic,0.0,No,Yes,1,Expected Range,Expected Range,55-64,0-6 Months,Moderate,610.5600000000001,50.88,610.5600000000001,New,1.0,Critical,50.88,610.5600000000001,0.23210315695864836,0.0,0.0,0.09284126278345935,Low Value,0.6371365051133837,679,High Priority,Contract Upgrade Offer,40,0.2,122.11200000000002,82.11200000000002,2.0528000000000004,395,13620,Critical,75646.45248490249,62026.45248490249
659,46,Female,50,50.83,Month-to-Month,DSL,2541.5,No,Yes,1,Expected Range,Expected Range,45-54,49-72 Months,Moderate,609.96,50.83,609.96,Loyal,0.9976190476190476,Critical,50.708976190476186,608.5077142857142,0.2315473543797244,0.20469143259840933,0.4098360655737705,0.2667199595547757,Moderate Value,0.7052594123933388,394,High Priority,Contract Upgrade Offer,40,0.2,121.70154285714284,81.70154285714284,2.042538571428571,396,13660,High,75768.15402775964,62108.15402775963
141,47,Male,9,50.6,Month-to-Month,DSL,455.4,Yes,Yes,1,Expected Range,Expected Range,45-54,7-12 Months,Moderate,607.2,50.6,607.2,Developing,1.0,Critical,50.6,607.2,0.2289906625166741,0.036677740863787375,0.07377049180327869,0.12287609725981491,Low Value,0.649150438903926,625,High Priority,Contract Upgrade Offer,40,0.2,121.44000000000001,81.44000000000001,2.0360000000000005,397,13700,Critical,75889.59402775964,62189.59402775963
517,50,Male,21,50.39,Month-to-Month,No Internet,1058.19,No,Yes,1,Expected Range,Expected Range,45-54,13-24 Months,Moderate,604.6800000000001,50.39,604.6800000000001,Developing,1.0,Critical,50.39,604.6800000000001,0.22665629168519352,0.0852262156448203,0.1721311475409836,0.1635244790350104,Moderate Value,0.6654097916140042,554,High Priority,Contract Upgrade Offer,40,0.2,120.93600000000002,80.93600000000002,2.0234000000000005,398,13740,Critical,76010.53002775964,62270.53002775963
784,51,Female,57,50.36,Month-to-Month,Fiber Optic,2870.52,No,Yes,1,Expected Range,Expected Range,45-54,49-72 Months,Moderate,604.3199999999999,50.36,604.3199999999999,Loyal,1.0,Critical,50.36,604.3199999999999,0.22632281013783906,0.23119057686499547,0.4672131147540984,0.2882491046464086,High Value,0.7152996418585634,341,High Priority,Contract Upgrade Offer,40,0.2,120.86399999999999,80.86399999999999,2.0216,399,13780,Critical,76131.39402775964,62351.394027759634
638,45,Female,15,50.04,Month-to-Month,No Internet,750.6,No,Yes,1,Expected Range,Expected Range,45-54,13-24 Months,Moderate,600.48,50.04,600.48,Developing,1.0,Critical,50.04,600.48,0.2227656736327257,0.06045303533675627,0.12295081967213116,0.14100253673898777,Low Value,0.6564010146955951,599,High Priority,Contract Upgrade Offer,40,0.2,120.096,80.096,2.0024,400,13820,Critical,76251.49002775965,62431.49002775963
588,36,Female,1,49.84,Month-to-Month,No Internet,49.84,No,Yes,1,Expected Range,Expected Range,35-44,0-6 Months,Low,598.08,49.84,598.08,New,1.0,Critical,49.84,598.08,0.22054246331702987,0.004014094432699084,0.00819672131147541,0.09167109870612548,Low Value,0.6366684394824502,680,High Priority,Contract Upgrade Offer,40,0.2,119.61600000000001,79.61600000000001,1.9904000000000004,401,13860,Critical,76371.10602775964,62511.10602775963
327,56,Female,11,49.64,Month-to-Month,No Internet,546.04,No,Yes,1,Expected Range,Expected Range,55-64,7-12 Months,Low,595.6800000000001,49.64,595.6800000000001,Developing,1.0,Critical,49.64,595.6800000000001,0.21831925300133392,0.04397785160575858,0.09016393442622951,0.12526093286910644,Low Value,0.6501043731476426,624,High Priority,Contract Upgrade Offer,40,0.2,119.13600000000002,79.13600000000002,1.9784000000000006,402,13900,Critical,76490.24202775964,62590.24202775963
495,60,Male,24,49.32,Month-to-Month,DSL,1183.68,No,Yes,1,Expected Range,Expected Range,55-64,13-24 Months,Low,591.84,49.32,591.84,Developing,1.0,Critical,49.32,591.84,0.21476211649622057,0.09533313198429477,0.19672131147540983,0.16845177066184386,Moderate Value,0.6673807082647375,545,High Priority,Contract Upgrade Offer,40,0.2,118.36800000000001,78.36800000000001,1.9592000000000003,403,13940,Critical,76608.61002775964,62668.610027759634
677,33,Male,30,54.77,One-Year,No Internet,1643.1,No,Yes,1,Expected Range,Expected Range,25-34,25-48 Months,Moderate,657.24,54.77,657.24,Established,0.9968888888888888,Critical,54.599604444444445,655.1952533333333,0.2753445975989329,0.13233464210208395,0.24590163934426232,0.21793037361136813,Moderate Value,0.6853054827778806,480,High Priority,Complimentary Tech Support,20,0.15,98.279288,78.279288,3.9139644,404,13960,High,76706.88931575965,62746.88931575963
616,46,Female,0,54.48,One-Year,No Internet,0.0,No,Yes,1,Expected Range,Expected Range,45-54,0-6 Months,Moderate,653.76,54.48,653.76,New,1.0,Critical,54.48,653.76,0.2721209426411738,0.0,0.0,0.10884837705646953,Low Value,0.6435393508225878,651,High Priority,Complimentary Tech Support,20,0.15,98.064,78.064,3.9031999999999996,405,13980,Critical,76804.95331575965,62824.95331575963
459,39,Female,49,54.45,Two-Year,No Internet,2668.05,No,Yes,1,Expected Range,Expected Range,35-44,49-72 Months,Moderate,653.4000000000001,54.45,653.4000000000001,Loyal,0.9979999999999999,Critical,54.3411,652.0932,0.27178746109381957,0.21488372093023256,0.4016393442622951,0.284334122828683,High Value,0.7125336491314731,354,High Priority,Complimentary Tech Support,20,0.15,97.81398,77.81398,3.890699,406,14000,High,76902.76729575965,62902.76729575963
147,32,Female,28,49.05,Month-to-Month,DSL,1373.4,No,Yes,1,Expected Range,Expected Range,25-34,25-48 Months,Low,588.5999999999999,49.05,588.5999999999999,Established,0.9989583333333333,Critical,48.99890625,587.9868749999999,0.21176078257003117,0.11061310782241016,0.22950819672131148,0.1807959499461839,Moderate Value,0.6716933799784736,532,High Priority,Contract Upgrade Offer,40,0.2,117.597375,77.597375,1.939934375,407,14040,High,77020.36467075965,62980.36467075963
987,60,Male,38,48.79,Month-to-Month,No Internet,1854.02,No,Yes,1,Expected Range,Expected Range,55-64,25-48 Months,Low,585.48,48.79,585.48,Established,1.0,Critical,48.79,585.48,0.20887060915962652,0.14932205778717406,0.3114754098360656,0.21367981634837793,Moderate Value,0.6854719265393512,479,High Priority,Contract Upgrade Offer,40,0.2,117.096,77.096,1.9274,408,14080,Critical,77137.46067075965,63057.460670759625
330,51,Female,66,53.69,One-Year,No Internet,3543.54,No,Yes,1,Expected Range,Expected Range,45-54,49-72 Months,Moderate,644.28,53.69,644.28,Loyal,0.9970000000000001,Critical,53.52893,642.34716,0.2633392618941752,0.2853953488372093,0.5409836065573771,0.3404699784900376,High Value,0.7343879913960151,251,High Priority,Complimentary Tech Support,20,0.15,96.352074,76.352074,3.8176037000000003,409,14100,High,77233.81274475965,63133.81274475963
360,36,Female,10,48.4,Month-to-Month,DSL,484.0,Yes,Yes,1,Expected Range,Expected Range,35-44,7-12 Months,Low,580.8,48.4,580.8,Developing,1.0,Critical,48.4,580.8,0.2045353490440196,0.038981173864894796,0.0819672131147541,0.11594935374900955,Low Value,0.6463797414996038,640,High Priority,Contract Upgrade Offer,40,0.2,116.16,76.16,1.904,410,14140,Critical,77349.97274475965,63209.97274475963
73,44,Male,8,47.18,Month-to-Month,No Internet,377.44,No,Yes,1,Expected Range,Expected Range,35-44,7-12 Months,Low,566.16,47.18,566.16,Developing,1.0,Critical,47.18,566.16,0.19097376611827488,0.030398872445384074,0.06557377049180328,0.10342255442614522,Low Value,0.6413690217704581,663,High Priority,Contract Upgrade Offer,40,0.2,113.232,73.232,1.8308,411,14180,Critical,77463.20474475966,63283.204744759634
461,64,Female,12,46.62,Month-to-Month,Fiber Optic,559.4399999999999,No,Yes,1,Expected Range,Expected Range,55-64,7-12 Months,Low,559.4399999999999,46.62,559.4399999999999,Developing,1.0,Critical,46.62,559.4399999999999,0.18474877723432637,0.045057082452431285,0.09836065573770492,0.11425965368650773,Low Value,0.6457038614746031,642,High Priority,Contract Upgrade Offer,40,0.2,111.88799999999999,71.88799999999999,1.7971999999999997,412,14220,Critical,77575.09274475966,63355.09274475963
654,33,Male,54,51.04,Two-Year,No Internet,2756.16,No,Yes,1,Expected Range,Expected Range,25-34,49-72 Months,Moderate,612.48,51.04,612.48,Loyal,1.0,Critical,51.04,612.48,0.23388172521120498,0.2219800664451827,0.4426229508196722,0.28190145104521397,High Value,0.7127605804180855,353,High Priority,Complimentary Tech Support,20,0.15,91.872,71.872,3.5936,413,14240,Critical,77666.96474475967,63426.964744759636
687,42,Male,24,50.19,One-Year,No Internet,1204.56,No,Yes,1,Expected Range,Expected Range,35-44,13-24 Months,Moderate,602.28,50.19,602.28,Developing,0.9968888888888888,Critical,50.033853333333326,600.4062399999999,0.22443308136949758,0.09701479915433403,0.19672131147540983,0.1729087401206684,Moderate Value,0.6672968293816006,546,High Priority,Complimentary Tech Support,20,0.15,90.06093599999998,70.06093599999998,3.503046799999999,414,14260,High,77757.02568075966,63497.02568075964
808,40,Female,11,45.72,Month-to-Month,No Internet,502.92,No,Yes,1,Expected Range,Expected Range,35-44,7-12 Months,Low,548.64,45.72,548.64,Developing,1.0,Critical,45.72,548.64,0.174744330813695,0.04050498338870432,0.09016393442622951,0.1066154601180819,Low Value,0.6426461840472327,656,High Priority,Contract Upgrade Offer,40,0.2,109.72800000000001,69.72800000000001,1.7432000000000003,415,14300,Critical,77866.75368075966,63566.75368075964
326,32,Male,44,49.85,One-Year,No Internet,2193.4,No,Yes,1,Expected Range,Expected Range,25-34,25-48 Months,Low,598.2,49.85,598.2,Established,0.9968888888888888,Critical,49.69491111111111,596.3389333333333,0.22065362383281462,0.17665559246954596,0.36065573770491804,0.24025484132369646,Moderate Value,0.6942352698628119,438,High Priority,Complimentary Tech Support,20,0.15,89.45084,69.45084,3.472542,416,14320,High,77956.20452075967,63636.20452075964
836,47,Male,34,49.61,One-Year,No Internet,1686.74,No,Yes,1,Expected Range,Expected Range,45-54,25-48 Months,Low,595.3199999999999,49.61,595.3199999999999,Established,1.0,Critical,49.61,595.3199999999999,0.21798577145397957,0.13584939091915835,0.27868852459016397,0.20441372655083823,Moderate Value,0.6817654906203353,495,High Priority,Complimentary Tech Support,20,0.15,89.29799999999999,69.29799999999999,3.464899999999999,417,14340,Critical,78045.50252075966,63705.50252075964
381,36,Male,9,45.61,Month-to-Month,Fiber Optic,410.49,Yes,Yes,1,Expected Range,Expected Range,35-44,7-12 Months,Low,547.3199999999999,45.61,547.3199999999999,Developing,0.9983720930232558,Critical,45.535751162790696,546.4290139534884,0.17352156514006223,0.03306070673512534,0.07377049180327869,0.09942249636413844,Low Value,0.6387922543596088,676,High Priority,Contract Upgrade Offer,40,0.2,109.28580279069769,69.28580279069769,1.732145069767442,418,14380,High,78154.78832355035,63774.78832355034
503,31,Male,79,45.53,Month-to-Month,No Internet,3596.87,No,Yes,1,Expected Range,Expected Range,25-34,73+ Months,Low,546.36,45.53,546.36,Loyal,1.0,Critical,45.53,546.36,0.17263228101378392,0.2896905265277358,0.6475409836065574,0.3323298425918605,High Value,0.7329319370367442,257,High Priority,Contract Upgrade Offer,40,0.2,109.272,69.272,1.7318000000000002,419,14420,Critical,78264.06032355035,63844.06032355034
55,55,Female,20,49.34,One-Year,No Internet,986.8,No,Yes,1,Expected Range,Expected Range,55-64,13-24 Months,Low,592.08,49.34,592.08,Developing,1.0,Critical,49.34,592.08,0.21498443752779017,0.07947649249974831,0.1639344262295082,0.15479415394340504,Low Value,0.661917661577362,573,High Priority,Complimentary Tech Support,20,0.15,88.812,68.812,3.4406,420,14440,Critical,78352.87232355036,63912.872323550335
160,51,Female,2,45.06,Month-to-Month,DSL,90.12,Yes,Yes,1,Expected Range,Expected Range,45-54,0-6 Months,Low,540.72,45.06,540.72,New,1.0,Critical,45.06,540.72,0.16740773677189869,0.0072582301419510725,0.01639344262295082,0.07360183591418007,Low Value,0.629440734365672,706,High Priority,Contract Upgrade Offer,40,0.2,108.144,68.144,1.7036000000000002,421,14480,Critical,78461.01632355036,63981.016323550335
549,48,Female,17,44.51,Month-to-Month,No Internet,756.67,No,Yes,1,Expected Range,Expected Range,45-54,13-24 Months,Low,534.12,44.51,534.12,Developing,1.0,Critical,44.51,534.12,0.16129390840373503,0.06094191080237591,0.13934426229508198,0.1206832977160961,Low Value,0.6482733190864384,630,High Priority,Contract Upgrade Offer,40,0.2,106.82400000000001,66.82400000000001,1.6706000000000003,422,14520,Critical,78567.84032355035,64047.840323550336
754,55,Male,6,48.14,One-Year,No Internet,288.84000000000003,No,Yes,1,Expected Range,Expected Range,55-64,0-6 Months,Low,577.6800000000001,48.14,577.6800000000001,New,1.0,Critical,48.14,577.6800000000001,0.20164517563361495,0.023263062518876474,0.04918032786885246,0.10109522410226586,Low Value,0.6404380896409063,667,High Priority,Complimentary Tech Support,20,0.15,86.652,66.652,3.3326000000000002,423,14540,Critical,78654.49232355035,64114.49232355034
52,41,Male,8,48.2,One-Year,DSL,385.6,No,Yes,1,Expected Range,Expected Range,35-44,7-12 Months,Low,578.4000000000001,48.2,578.4000000000001,Developing,0.9969811320754718,Critical,48.05449056603774,576.6538867924529,0.20231213872832376,0.0310560757072385,0.06557377049180328,0.10818792461181381,Low Value,0.6414638490900086,660,High Priority,Complimentary Tech Support,20,0.15,86.49808301886793,66.49808301886793,3.3249041509433965,424,14560,High,78740.99040656922,64180.9904065692
732,35,Female,20,44.07,Month-to-Month,DSL,881.4,No,Yes,1,Expected Range,Expected Range,35-44,13-24 Months,Low,528.84,44.07,528.84,Developing,0.9989583333333333,Critical,44.02409375,528.289125,0.15640284570920415,0.07098761703412866,0.1639344262295082,0.12839041080300373,Low Value,0.6507311643212015,621,High Priority,Contract Upgrade Offer,40,0.2,105.657825,65.657825,1.641445625,425,14600,High,78846.64823156923,64246.648231569205
739,61,Female,6,44.06,Month-to-Month,Fiber Optic,264.36,Yes,Yes,1,Expected Range,Expected Range,55-64,0-6 Months,Low,528.72,44.06,528.72,New,0.9986666666666667,Critical,44.00125333333334,528.01504,0.15629168519341935,0.0212914527333132,0.04918032786885246,0.08226376450124048,Low Value,0.6321055058004962,695,High Priority,Contract Upgrade Offer,40,0.2,105.603008,65.603008,1.6400752,426,14640,High,78952.25123956923,64312.2512395692
185,42,Female,6,43.83,Month-to-Month,No Internet,262.98,No,Yes,1,Expected Range,Expected Range,35-44,0-6 Months,Low,525.96,43.83,525.96,New,1.0,Critical,43.83,525.96,0.15373499333036905,0.021180308064028996,0.04918032786885246,0.08120218712177088,Low Value,0.6324808748487083,693,High Priority,Contract Upgrade Offer,40,0.2,105.19200000000001,65.19200000000001,1.6298000000000001,427,14680,Critical,79057.44323956923,64377.443239569206
435,60,Male,27,43.54,Month-to-Month,No Internet,1175.58,No,Yes,1,Expected Range,Expected Range,55-64,25-48 Months,Low,522.48,43.54,522.48,Established,1.0,Critical,43.54,522.48,0.15051133837261005,0.09468076109936574,0.2213114754098361,0.14867067058628106,Low Value,0.6594682682345124,586,High Priority,Contract Upgrade Offer,40,0.2,104.49600000000001,64.49600000000001,1.6124000000000003,428,14720,Critical,79161.93923956923,64441.939239569205
230,51,Male,6,43.25,Month-to-Month,DSL,259.5,No,Yes,1,Expected Range,Expected Range,45-54,0-6 Months,Low,519.0,43.25,519.0,New,1.0,Critical,43.25,519.0,0.1472876834148511,0.020900030202355785,0.04918032786885246,0.07852516590397808,Low Value,0.6314100663615912,696,High Priority,Contract Upgrade Offer,40,0.2,103.80000000000001,63.80000000000001,1.5950000000000002,429,14760,Critical,79265.73923956923,64505.73923956921
247,40,Female,37,43.22,Month-to-Month,No Internet,1599.14,No,Yes,1,Expected Range,Expected Range,35-44,25-48 Months,Low,518.64,43.22,518.64,Established,1.0,Critical,43.22,518.64,0.1469542018674967,0.1287941206080741,0.30327868852459017,0.17967929509097216,Moderate Value,0.6718717180363889,531,High Priority,Contract Upgrade Offer,40,0.2,103.72800000000001,63.72800000000001,1.5932000000000002,430,14800,Critical,79369.46723956923,64569.46723956921
601,52,Female,15,43.18,Month-to-Month,No Internet,647.7,No,Yes,1,Expected Range,Expected Range,45-54,13-24 Months,Low,518.16,43.18,518.16,Developing,1.0,Critical,43.18,518.16,0.14650955980435754,0.05216550890969496,0.12295081967213116,0.10759945695816904,Low Value,0.6430397827832676,654,High Priority,Contract Upgrade Offer,40,0.2,103.632,63.632000000000005,1.5908000000000002,431,14840,Critical,79473.09923956923,64633.09923956921
259,49,Male,1,42.97,Month-to-Month,No Internet,42.97,No,Yes,1,Expected Range,Expected Range,45-54,0-6 Months,Low,515.64,42.97,515.64,New,1.0,Critical,42.97,515.64,0.14417518897287684,0.003460787274740763,0.00819672131147541,0.060930531463178866,Low Value,0.6243722125852715,724,High Priority,Contract Upgrade Offer,40,0.2,103.128,63.128,1.5782,432,14880,Critical,79576.22723956923,64696.227239569205
316,45,Female,0,42.87,Month-to-Month,Fiber Optic,0.0,No,Yes,1,Expected Range,Expected Range,45-54,0-6 Months,Low,514.4399999999999,42.87,514.4399999999999,New,1.0,Critical,42.87,514.4399999999999,0.14306358381502893,0.0,0.0,0.057225433526011574,Low Value,0.6228901734104046,733,High Priority,Contract Upgrade Offer,40,0.2,102.88799999999999,62.88799999999999,1.5721999999999998,433,14920,Critical,79679.11523956923,64759.115239569204
256,40,Female,2,42.34,Month-to-Month,Fiber Optic,84.68,Yes,Yes,1,Expected Range,Expected Range,35-44,0-6 Months,Low,508.08000000000004,42.34,508.08000000000004,New,0.9975203252032521,Critical,42.2350105691057,506.82012682926836,0.13717207647843493,0.006820094634048123,0.01639344262295082,0.06135422436902852,Low Value,0.6230538848695626,730,High Priority,Contract Upgrade Offer,40,0.2,101.36402536585368,61.36402536585368,1.534100634146342,434,14960,High,79780.47926493509,64820.47926493506
581,48,Female,13,45.14,One-Year,No Internet,586.82,No,Yes,1,Expected Range,Expected Range,45-54,13-24 Months,Low,541.6800000000001,45.14,541.6800000000001,Developing,1.0,Critical,45.14,541.6800000000001,0.168297020898177,0.047262257122722244,0.10655737704918034,0.11049994261451868,Low Value,0.6441999770458074,650,High Priority,Complimentary Tech Support,20,0.15,81.25200000000001,61.25200000000001,3.0626000000000007,435,14980,Critical,79861.73126493508,64881.73126493506
985,44,Male,12,44.64,Two-Year,No Internet,535.6800000000001,No,Yes,1,Expected Range,Expected Range,35-44,7-12 Months,Low,535.6800000000001,44.64,535.6800000000001,Developing,0.9985714285714286,Critical,44.57622857142857,534.9147428571429,0.16273899510893736,0.04314346118997282,0.09836065573770492,0.10478597339449165,Low Value,0.6410572465006538,664,High Priority,Complimentary Tech Support,20,0.15,80.23721142857143,60.23721142857143,3.0118605714285716,436,15000,High,79941.96847636365,64941.968476363625
116,48,Male,3,41.71,Month-to-Month,DSL,125.13,Yes,Yes,1,Expected Range,Expected Range,45-54,0-6 Months,Low,500.52,41.71,500.52,New,1.0,Critical,41.71,500.52,0.1301689639839929,0.010077922077922078,0.02459016393442623,0.061742399304476454,Low Value,0.6246969597217905,723,High Priority,Contract Upgrade Offer,40,0.2,100.104,60.104,1.5026,437,15040,Critical,80042.07247636365,65002.072476363624
771,52,Male,0,41.34,Month-to-Month,Fiber Optic,0.0,Yes,Yes,1,Expected Range,Expected Range,45-54,0-6 Months,Low,496.08000000000004,41.34,496.08000000000004,New,0.9975203252032521,Critical,41.23749024390244,494.8498829268293,0.1260560248999556,0.0,0.0,0.05042240995998224,Low Value,0.6186811591059441,748,High Priority,Contract Upgrade Offer,40,0.2,98.96997658536587,58.96997658536587,1.4742494146341467,438,15080,High,80141.04245294903,65061.04245294899
465,43,Male,3,40.79,Month-to-Month,No Internet,122.37,No,Yes,1,Expected Range,Expected Range,35-44,0-6 Months,Low,489.48,40.79,489.48,New,1.0,Critical,40.79,489.48,0.11994219653179194,0.00985563273935367,0.02459016393442623,0.05757389105509712,Low Value,0.6230295564220388,732,High Priority,Contract Upgrade Offer,40,0.2,97.89600000000002,57.896000000000015,1.4474000000000005,439,15120,Critical,80238.93845294902,65118.93845294899
493,45,Male,60,40.68,Month-to-Month,No Internet,2440.8,No,Yes,1,Expected Range,Expected Range,45-54,49-72 Months,Low,488.15999999999997,40.68,488.15999999999997,Loyal,1.0,Critical,40.68,488.15999999999997,0.11871943085815923,0.19658109332527937,0.49180327868852464,0.23924197467924263,Moderate Value,0.695696789871697,433,High Priority,Contract Upgrade Offer,40,0.2,97.632,57.632000000000005,1.4408,440,15160,Critical,80336.57045294902,65176.57045294899
542,33,Male,0,40.68,Month-to-Month,Fiber Optic,0.0,Yes,Yes,1,Expected Range,Expected Range,25-34,0-6 Months,Low,488.15999999999997,40.68,488.15999999999997,New,0.9970387596899225,Critical,40.55953674418605,486.71444093023257,0.11871943085815923,0.0,0.0,0.04748777234326369,Low Value,0.617218364751259,754,High Priority,Contract Upgrade Offer,40,0.2,97.34288818604652,57.34288818604652,1.433572204651163,441,15200,High,80433.91334113506,65233.913341135034
474,58,Male,22,40.49,Month-to-Month,No Internet,890.7800000000001,No,Yes,1,Expected Range,Expected Range,55-64,13-24 Months,Low,485.88,40.49,485.88,Developing,1.0,Critical,40.49,485.88,0.11660738105824814,0.07174307862679956,0.18032786885245902,0.11683499715579385,Low Value,0.6467339988623175,636,High Priority,Contract Upgrade Offer,40,0.2,97.176,57.176,1.4294,442,15240,Critical,80531.08934113507,65291.08934113503
556,40,Female,5,40.47,Month-to-Month,No Internet,202.35,No,Yes,1,Expected Range,Expected Range,35-44,0-6 Months,Low,485.64,40.47,485.64,New,1.0,Critical,40.47,485.64,0.11638506002667853,0.01629719118091211,0.04098360655737705,0.06250394256333491,Low Value,0.625001577025334,721,High Priority,Contract Upgrade Offer,40,0.2,97.128,57.128,1.4282,443,15280,Critical,80628.21734113507,65348.21734113503
965,44,Female,4,40.36,Month-to-Month,DSL,161.44,Yes,Yes,1,Expected Range,Expected Range,35-44,0-6 Months,Low,484.32,40.36,484.32,New,1.0,Critical,40.36,484.32,0.11516229435304581,0.013002315513943421,0.03278688524590164,0.058812449482573935,Low Value,0.6235249797930296,728,High Priority,Contract Upgrade Offer,40,0.2,96.864,56.864000000000004,1.4216000000000002,444,15320,Critical,80725.08134113507,65405.08134113503
378,46,Female,4,40.04,Month-to-Month,Fiber Optic,160.16,Yes,Yes,1,Expected Range,Expected Range,45-54,0-6 Months,Low,480.48,40.04,480.48,New,0.9975203252032521,Critical,39.94071382113821,479.2885658536585,0.11160515784793246,0.012899224806201549,0.03278688524590164,0.057353513132818945,Low Value,0.6214536003750788,739,High Priority,Contract Upgrade Offer,40,0.2,95.8577131707317,55.8577131707317,1.3964428292682924,445,15360,High,80820.9390543058,65460.93905430577
791,49,Male,10,41.79,One-Year,No Internet,417.9,No,Yes,1,Expected Range,Expected Range,45-54,7-12 Months,Low,501.48,41.79,501.48,Developing,1.0,Critical,41.79,501.48,0.13105824811027128,0.03365750528541226,0.0819672131147541,0.08469522937269133,Low Value,0.6338780917490765,690,High Priority,Complimentary Tech Support,20,0.15,75.222,55.221999999999994,2.7611,446,15380,Critical,80896.16105430579,65516.16105430577
569,26,Female,11,39.53,Month-to-Month,No Internet,434.83,No,Yes,1,Expected Range,Expected Range,25-34,7-12 Months,Low,474.36,39.53,474.36,Developing,1.0,Critical,39.53,474.36,0.10593597154290801,0.03502104097452934,0.09016393442622951,0.07717273656480586,Low Value,0.6308690946259223,698,High Priority,Contract Upgrade Offer,40,0.2,94.87200000000001,54.872000000000014,1.3718000000000004,447,15420,Critical,80991.0330543058,65571.03305430576
891,53,Female,8,41.55,One-Year,No Internet,332.4,No,Yes,1,Expected Range,Expected Range,45-54,7-12 Months,Low,498.59999999999997,41.55,498.59999999999997,Developing,1.0,Critical,41.55,498.59999999999997,0.12839039573143618,0.026771368166717,0.06557377049180328,0.07711957977387625,Low Value,0.6308478319095505,699,High Priority,Complimentary Tech Support,20,0.15,74.78999999999999,54.78999999999999,2.7394999999999996,448,15440,Critical,81065.82305430579,65625.82305430576
490,53,Female,5,39.4,Month-to-Month,No Internet,197.0,No,Yes,1,Expected Range,Expected Range,45-54,0-6 Months,Low,472.79999999999995,39.4,472.79999999999995,New,1.0,Critical,39.4,472.79999999999995,0.10449088483770569,0.01586630423839726,0.04098360655737705,0.05759546205786559,Low Value,0.6230381848231462,731,High Priority,Contract Upgrade Offer,40,0.2,94.56,54.56,1.364,449,15480,Critical,81160.38305430578,65680.38305430576
293,39,Male,5,41.34,One-Year,No Internet,206.7,No,Yes,1,Expected Range,Expected Range,35-44,0-6 Months,Low,496.08000000000004,41.34,496.08000000000004,New,1.0,Critical,41.34,496.08000000000004,0.1260560248999556,0.01664753850800362,0.04098360655737705,0.06649495007712777,Low Value,0.6265979800308511,714,High Priority,Complimentary Tech Support,20,0.15,74.412,54.412000000000006,2.7206,450,15500,Critical,81234.79505430578,65734.79505430575
983,35,Female,8,41.41,Two-Year,No Internet,331.28,No,Yes,1,Expected Range,Expected Range,35-44,7-12 Months,Low,496.91999999999996,41.41,496.91999999999996,Developing,0.9979999999999999,Critical,41.32717999999999,495.92615999999987,0.1268341485104491,0.026681163797442866,0.06557377049180328,0.07646550935623547,Low Value,0.6293862037424941,707,High Priority,Complimentary Tech Support,20,0.15,74.38892399999997,54.388923999999975,2.719446199999999,451,15520,High,81309.18397830578,65789.18397830575
907,31,Male,4,41.3,One-Year,No Internet,165.2,No,Yes,1,Expected Range,Expected Range,25-34,0-6 Months,Low,495.59999999999997,41.3,495.59999999999997,New,1.0,Critical,41.3,495.59999999999997,0.1256113828368164,0.013305144467935164,0.03278688524590164,0.06309807500997927,Low Value,0.6252392300039917,719,High Priority,Complimentary Tech Support,20,0.15,74.33999999999999,54.33999999999999,2.7169999999999996,452,15540,Critical,81383.52397830578,65843.52397830575
770,63,Female,6,39.26,Month-to-Month,No Internet,235.56,No,Yes,1,Expected Range,Expected Range,55-64,0-6 Months,Low,471.12,39.26,471.12,New,1.0,Critical,39.26,471.12,0.10293463761671856,0.01897191180912111,0.04918032786885246,0.06010910614709293,Low Value,0.6240436424588371,727,High Priority,Contract Upgrade Offer,40,0.2,94.224,54.224000000000004,1.3556000000000001,453,15580,Critical,81477.74797830578,65897.74797830575
634,40,Male,9,40.83,Two-Year,No Internet,367.47,No,Yes,1,Expected Range,Expected Range,35-44,7-12 Months,Low,489.96,40.83,489.96,Developing,1.0,Critical,40.83,489.96,0.1203868385949311,0.02959589247961341,0.07377049180327869,0.0769559207566568,Low Value,0.6307823683026627,700,High Priority,Complimentary Tech Support,20,0.15,73.494,53.494,2.6747,454,15600,Critical,81551.24197830578,65951.24197830576
952,48,Female,10,40.84,Two-Year,No Internet,408.4,No,Yes,1,Expected Range,Expected Range,45-54,7-12 Months,Low,490.08000000000004,40.84,490.08000000000004,Developing,0.9979999999999999,Critical,40.75832,489.09984,0.12049799911071596,0.03289237893889056,0.0819672131147541,0.08020333555158661,Low Value,0.6308813342206345,697,High Priority,Complimentary Tech Support,20,0.15,73.364976,53.364976,2.6682487999999998,455,15620,High,81624.60695430578,66004.60695430575
872,37,Male,2,38.55,Month-to-Month,No Internet,77.1,No,Yes,1,Expected Range,Expected Range,35-44,0-6 Months,Low,462.59999999999997,38.55,462.59999999999997,New,1.0,Critical,38.55,462.59999999999997,0.09504224099599823,0.006209604349139232,0.01639344262295082,0.044288618576335724,Low Value,0.6177154474305343,750,High Priority,Contract Upgrade Offer,40,0.2,92.52,52.519999999999996,1.313,456,15660,Critical,81717.12695430579,66057.12695430576
83,59,Male,11,37.95,Month-to-Month,No Internet,417.4500000000001,No,Yes,1,Expected Range,Expected Range,55-64,7-12 Months,Low,455.40000000000003,37.95,455.40000000000003,Developing,1.0,Critical,37.95,455.40000000000003,0.08837261004891067,0.033621262458471766,0.09016393442622951,0.06965746948658677,Low Value,0.6278629877946347,710,High Priority,Contract Upgrade Offer,40,0.2,91.08000000000001,51.08000000000001,1.2770000000000004,457,15700,Critical,81808.20695430579,66108.20695430576
320,43,Female,2,37.83,Month-to-Month,No Internet,75.66,No,Yes,1,Expected Range,Expected Range,35-44,0-6 Months,Low,453.96,37.83,453.96,New,1.0,Critical,37.83,453.96,0.0870386838594931,0.006093627302929628,0.01639344262295082,0.04104660375556031,Low Value,0.6164186415022241,758,High Priority,Contract Upgrade Offer,40,0.2,90.792,50.792,1.2698,458,15740,Critical,81898.99895430579,66158.99895430576
502,64,Male,19,39.29,One-Year,No Internet,746.51,No,Yes,1,Expected Range,Expected Range,55-64,13-24 Months,Low,471.48,39.29,471.48,Developing,1.0,Critical,39.29,471.48,0.10326811916407297,0.06012362830967482,0.1557377049180328,0.10128494380352357,Low Value,0.6405139775214094,666,High Priority,Complimentary Tech Support,20,0.15,70.722,50.721999999999994,2.5361,459,15760,Critical,81969.72095430578,66209.72095430575
195,46,Male,6,37.61,Month-to-Month,DSL,225.66,Yes,Yes,1,Expected Range,Expected Range,45-54,0-6 Months,Low,451.32,37.61,451.32,New,1.0,Critical,37.61,451.32,0.08459315251222765,0.018174569616430082,0.04918032786885246,0.052493442337854704,Low Value,0.6209973769351419,742,High Priority,Contract Upgrade Offer,40,0.2,90.26400000000001,50.26400000000001,1.2566000000000002,460,15800,Critical,82059.98495430578,66259.98495430575
649,42,Female,28,39.02,One-Year,No Internet,1092.5600000000002,No,Yes,1,Expected Range,Expected Range,35-44,25-48 Months,Low,468.24,39.02,468.24,Established,1.0,Critical,39.02,468.24,0.10026678523788357,0.08799436222692038,0.22950819672131148,0.12828179005490342,Low Value,0.6513127160219614,618,High Priority,Complimentary Tech Support,20,0.15,70.236,50.236000000000004,2.5118,461,15820,Critical,82130.22095430578,66310.22095430575
866,41,Female,0,37.66,Month-to-Month,Fiber Optic,0.0,Yes,Yes,1,Expected Range,Expected Range,35-44,0-6 Months,Low,451.91999999999996,37.66,451.91999999999996,New,0.9975203252032521,Critical,37.56661544715447,450.7993853658536,0.08514895509115161,0.0,0.0,0.034059582036460645,Low Value,0.6121360279365354,780,High Priority,Contract Upgrade Offer,40,0.2,90.15987707317072,50.15987707317072,1.2539969268292679,462,15860,High,82220.38083137895,66360.38083137892
251,32,Female,1,37.45,Month-to-Month,DSL,37.45,Yes,Yes,1,Expected Range,Expected Range,25-34,0-6 Months,Low,449.40000000000003,37.45,449.40000000000003,New,0.9971111111111111,Critical,37.34181111111111,448.10173333333336,0.08281458425967103,0.0030162085976039466,0.00819672131147541,0.03623068704089865,Low Value,0.6127589414830261,774,High Priority,Contract Upgrade Offer,40,0.2,89.62034666666668,49.62034666666668,1.240508666666667,463,15900,High,82310.00117804561,66410.00117804558
802,39,Female,2,37.34,Month-to-Month,No Internet,74.68,No,Yes,1,Expected Range,Expected Range,35-44,0-6 Months,Low,448.08000000000004,37.34,448.08000000000004,New,1.0,Critical,37.34,448.08000000000004,0.08159181858603831,0.00601469847981476,0.01639344262295082,0.038840232558088196,Low Value,0.6155360930232353,759,High Priority,Contract Upgrade Offer,40,0.2,89.61600000000001,49.616000000000014,1.2404000000000004,464,15940,Critical,82399.6171780456,66459.61717804558
106,49,Male,1,38.54,One-Year,No Internet,38.54,No,Yes,1,Expected Range,Expected Range,45-54,0-6 Months,Low,462.48,38.54,462.48,New,1.0,Critical,38.54,462.48,0.09493108048021343,0.003103996778415383,0.00819672131147541,0.04110801139239961,Low Value,0.6164432045569598,757,High Priority,Complimentary Tech Support,20,0.15,69.372,49.372,2.4686,465,15960,Critical,82468.98917804561,66508.98917804558
560,40,Male,14,36.91,Month-to-Month,No Internet,516.74,No,Yes,1,Expected Range,Expected Range,35-44,13-24 Months,Low,442.91999999999996,36.91,442.91999999999996,Developing,1.0,Critical,36.91,442.91999999999996,0.07681191640729212,0.041618040873854824,0.11475409836065574,0.07397960545892998,Low Value,0.629591842183572,704,High Priority,Contract Upgrade Offer,40,0.2,88.584,48.584,1.2146000000000001,466,16000,Critical,82557.57317804561,66557.57317804558
2,43,Male,0,36.67,Month-to-Month,Fiber Optic,0.0,Yes,Yes,1,Expected Range,Expected Range,35-44,0-6 Months,Low,440.04,36.67,440.04,New,0.9975203252032521,Critical,36.579070325203254,438.9488439024391,0.07414406402845714,0.0,0.0,0.029657625611382854,Low Value,0.6103752453665043,788,High Priority,Contract Upgrade Offer,40,0.2,87.78976878048782,47.78976878048782,1.1947442195121956,467,16040,High,82645.3629468261,66605.36294682608
221,68,Female,0,37.66,One-Year,No Internet,0.0,No,Yes,1,Expected Range,Expected Range,65+,0-6 Months,Low,451.91999999999996,37.66,451.91999999999996,New,1.0,Critical,37.66,451.91999999999996,0.08514895509115161,0.0,0.0,0.034059582036460645,Low Value,0.6136238328145842,770,High Priority,Complimentary Tech Support,20,0.15,67.788,47.788,2.3893999999999997,468,16060,Critical,82713.1509468261,66653.15094682608
223,51,Male,23,36.39,Month-to-Month,DSL,836.97,No,Yes,1,Expected Range,Expected Range,45-54,13-24 Months,Low,436.68,36.39,436.68,Developing,1.0,Critical,36.39,436.68,0.07103156958648293,0.06740924192086983,0.18852459016393444,0.09913701004788122,Low Value,0.6396548040191524,673,High Priority,Contract Upgrade Offer,40,0.2,87.33600000000001,47.33600000000001,1.1834000000000002,469,16100,Critical,82800.4869468261,66700.48694682607
737,47,Male,27,37.31,One-Year,No Internet,1007.37,No,Yes,1,Expected Range,Expected Range,45-54,25-48 Months,Low,447.72,37.31,447.72,Established,1.0,Critical,37.31,447.72,0.0812583370386839,0.08113319238900635,0.2213114754098361,0.11622782100408481,Low Value,0.6464911284016339,639,High Priority,Complimentary Tech Support,20,0.15,67.158,47.158,2.3579,470,16120,Critical,82867.6449468261,66747.64494682607
554,47,Female,8,36.16,Month-to-Month,Fiber Optic,289.28,Yes,Yes,1,Expected Range,Expected Range,45-54,7-12 Months,Low,433.91999999999996,36.16,433.91999999999996,Developing,0.9975203252032521,Critical,36.070334959349594,432.84401951219513,0.06847487772343264,0.023298499949662738,0.06557377049180328,0.05193786869470583,Low Value,0.6192873425998335,746,High Priority,Contract Upgrade Offer,40,0.2,86.56880390243903,46.56880390243903,1.1642200975609758,471,16160,High,82954.21375072854,66794.21375072851
105,43,Male,8,36.05,Month-to-Month,DSL,288.4,Yes,Yes,1,Expected Range,Expected Range,35-44,7-12 Months,Low,432.59999999999997,36.05,432.59999999999997,Developing,1.0,Critical,36.05,432.59999999999997,0.06725211204979992,0.023227625088090204,0.06557377049180328,0.051423956223702355,Low Value,0.6205695824894809,743,High Priority,Contract Upgrade Offer,40,0.2,86.52,46.519999999999996,1.1629999999999998,472,16200,Critical,83040.73375072854,66840.73375072851
216,52,Female,42,36.03,Month-to-Month,No Internet,1513.26,No,Yes,1,Expected Range,Expected Range,45-54,25-48 Months,Low,432.36,36.03,432.36,Established,1.0,Critical,36.03,432.36,0.06702979101823037,0.12187737843551796,0.3442622950819672,0.15553457263021525,Low Value,0.662213829052086,570,High Priority,Contract Upgrade Offer,40,0.2,86.47200000000001,46.47200000000001,1.1618000000000002,473,16240,Critical,83127.20575072854,66887.2057507285
817,47,Male,25,36.25,One-Year,No Internet,906.25,No,Yes,1,Expected Range,Expected Range,45-54,25-48 Months,Low,435.0,36.25,435.0,Established,1.0,Critical,36.25,435.0,0.0694753223654958,0.07298902647739856,0.20491803278688525,0.10456579641000913,Low Value,0.6418263185640036,659,High Priority,Complimentary Tech Support,20,0.15,65.25,45.25,2.2625,474,16260,Critical,83192.45575072854,66932.4557507285
714,48,Female,1,35.1,Month-to-Month,DSL,35.1,Yes,Yes,1,Expected Range,Expected Range,45-54,0-6 Months,Low,421.20000000000005,35.1,421.20000000000005,New,1.0,Critical,35.1,421.20000000000005,0.056691863050244595,0.002826940501359106,0.00819672131147541,0.025715354723442378,Low Value,0.6102861418893769,789,High Priority,Contract Upgrade Offer,40,0.2,84.24000000000001,44.24000000000001,1.1060000000000003,475,16300,Critical,83276.69575072854,66976.69575072851
914,60,Female,18,35.13,Month-to-Month,DSL,632.34,No,Yes,1,Expected Range,Expected Range,55-64,13-24 Months,Low,421.56000000000006,35.13,421.56000000000006,Developing,0.9976190476190476,Critical,35.04635714285715,420.55628571428576,0.057025344597599004,0.05092842041679251,0.14754098360655737,0.07752033088655633,Low Value,0.629579560926051,705,High Priority,Contract Upgrade Offer,40,0.2,84.11125714285716,44.111257142857156,1.1027814285714288,476,16340,High,83360.8070078714,67020.80700787136
988,53,Male,42,35.27,Two-Year,No Internet,1481.34,No,Yes,1,Expected Range,Expected Range,45-54,25-48 Months,Low,423.24,35.27,423.24,Established,1.0,Critical,35.27,423.24,0.058581591818586076,0.11930655391120507,0.3442622950819672,0.15125550436684798,Low Value,0.6605022017467391,579,High Priority,Complimentary Tech Support,20,0.15,63.486,43.486,2.1742999999999997,477,16360,Critical,83424.2930078714,67064.29300787137
448,35,Male,3,35.0,Two-Year,No Internet,105.0,No,Yes,1,Expected Range,Expected Range,35-44,0-6 Months,Low,420.0,35.0,420.0,New,1.0,Critical,35.0,420.0,0.05558025789239662,0.008456659619450317,0.02459016393442623,0.031339475007372816,Low Value,0.6125357900029491,777,High Priority,Complimentary Tech Support,20,0.15,63.0,43.0,2.15,478,16380,Critical,83487.2930078714,67107.29300787137
663,44,Female,6,34.56,Month-to-Month,No Internet,207.36,No,Yes,1,Expected Range,Expected Range,35-44,0-6 Months,Low,414.72,34.56,414.72,New,1.0,Critical,34.56,414.72,0.050689195197865744,0.016700694654183026,0.04918032786885246,0.03841600317532347,Low Value,0.6153664012701293,761,High Priority,Contract Upgrade Offer,40,0.2,82.94400000000002,42.94400000000002,1.0736000000000003,479,16420,Critical,83570.2370078714,67150.23700787137
812,40,Female,0,34.54,Month-to-Month,DSL,0.0,Yes,Yes,1,Expected Range,Expected Range,35-44,0-6 Months,Low,414.48,34.54,414.48,New,1.0,Critical,34.54,414.48,0.05046687416629614,0.0,0.0,0.020186749666518455,Low Value,0.6080746998666073,792,High Priority,Contract Upgrade Offer,40,0.2,82.89600000000002,42.896000000000015,1.0724000000000005,480,16460,Critical,83653.1330078714,67193.13300787137
367,47,Female,4,34.52,Month-to-Month,No Internet,138.08,No,Yes,1,Expected Range,Expected Range,45-54,0-6 Months,Low,414.24,34.52,414.24,New,1.0,Critical,34.52,414.24,0.05024455313472659,0.011120910097654285,0.03278688524590164,0.03218686109954504,Low Value,0.612874744439818,772,High Priority,Contract Upgrade Offer,40,0.2,82.84800000000001,42.84800000000001,1.0712000000000004,481,16500,Critical,83735.98100787139,67235.98100787136
794,32,Male,5,34.05,Month-to-Month,DSL,170.25,Yes,Yes,1,Expected Range,Expected Range,25-34,0-6 Months,Low,408.59999999999997,34.05,408.59999999999997,New,0.9971111111111111,Critical,33.95163333333333,407.41959999999995,0.045020008892841246,0.013711869525823013,0.04098360655737705,0.03305305953051882,Low Value,0.6114878904788741,783,High Priority,Contract Upgrade Offer,40,0.2,81.48392,41.48392,1.0370979999999999,482,16540,High,83817.46492787139,67277.46492787136
921,55,Female,3,33.74,Month-to-Month,DSL,101.22,Yes,Yes,1,Expected Range,Expected Range,55-64,0-6 Months,Low,404.88,33.74,404.88,New,1.0,Critical,33.74,404.88,0.04157403290351269,0.008152219873150105,0.02459016393442623,0.025630431100614172,Low Value,0.6102521724402457,790,High Priority,Contract Upgrade Offer,40,0.2,80.976,40.976,1.0244,483,16580,Critical,83898.44092787139,67318.44092787136
207,50,Male,17,119.75,Month-to-Month,DSL,2035.75,Yes,Yes,1,Expected Range,Expected Range,45-54,13-24 Months,Premium,1437.0,119.75,1437.0,Developing,0.9906401205383765,Critical,118.62915443447058,1423.5498532136469,0.9976656291685195,0.16395852209805697,0.13934426229508198,0.49128779997549826,Top Value,0.7908991923132251,65,High Priority,Personalized Retention Email,2,0.03,42.706495596409404,40.706495596409404,20.353247798204702,484,16582,Medium,83941.1474234678,67359.14742346777
961,51,Female,23,119.8,Month-to-Month,Fiber Optic,2755.4,Yes,Yes,1,Expected Range,Expected Range,45-54,13-24 Months,Premium,1437.6,119.8,1437.6,Developing,0.9891754385964912,Critical,118.50321754385963,1422.0386105263156,0.9982214317474434,0.221918856337461,0.18852459016393444,0.5240913199580723,Top Value,0.8031417911411236,50,Immediate Action,Personalized Retention Email,2,0.03,42.661158315789464,40.661158315789464,20.330579157894732,485,16584,Medium,83983.8085817836,67399.80858178357
876,62,Male,6,118.86,One-Year,Fiber Optic,713.16,No,Yes,1,Expected Range,Expected Range,55-64,0-6 Months,Premium,1426.32,118.86,1426.32,New,0.9967236467236467,Critical,118.47057264957265,1421.6468717948717,0.9877723432636729,0.05743763213530655,0.04918032786885246,0.4275071905200396,Top Value,0.7690370642422037,109,High Priority,Personalized Retention Email,2,0.03,42.64940615384615,40.64940615384615,20.324703076923075,486,16586,Medium,84026.45798793744,67440.4579879374
136,60,Female,35,119.16,One-Year,DSL,4170.599999999999,No,Yes,1,Expected Range,Expected Range,55-64,25-48 Months,Premium,1429.92,119.16,1429.92,Established,0.9908440170940169,Critical,118.06897307692306,1416.8276769230768,0.9911071587372167,0.33589852008456655,0.2868852459016394,0.5857286569998947,Top Value,0.8287978730563681,29,Immediate Action,Personalized Retention Email,2,0.03,42.5048303076923,40.5048303076923,20.25241515384615,487,16588,Medium,84068.96281824513,67480.9628182451
342,47,Male,28,33.61,One-Year,No Internet,941.08,No,Yes,1,Expected Range,Expected Range,45-54,25-48 Months,Low,403.32,33.61,403.32,Established,1.0,Critical,33.61,403.32,0.04012894619831037,0.07579422128259337,0.22950819672131148,0.09995660510855969,Low Value,0.6399826420434238,670,High Priority,Complimentary Tech Support,20,0.15,60.498,40.498,2.0248999999999997,488,16608,Critical,84129.46081824513,67521.4608182451
762,46,Male,1,33.61,Month-to-Month,Fiber Optic,33.61,Yes,Yes,1,Expected Range,Expected Range,45-54,0-6 Months,Low,403.32,33.61,403.32,New,0.9975203252032521,Critical,33.5266581300813,402.3198975609756,0.04012894619831037,0.002706936474378335,0.00819672131147541,0.019048186573225417,Low Value,0.6061314697512413,796,High Priority,Contract Upgrade Offer,40,0.2,80.46397951219512,40.463979512195124,1.0115994878048782,489,16648,High,84209.92479775732,67561.9247977573
278,38,Female,12,119.05,One-Year,Fiber Optic,1428.6,No,Yes,1,Expected Range,Expected Range,35-44,7-12 Months,Premium,1428.6,119.05,1428.6,Developing,0.9892222222222222,Critical,117.76690555555555,1413.2028666666665,0.9898843930635839,0.1150588945937783,0.09836065573770492,0.46081453426768226,Top Value,0.7778591470404063,90,High Priority,Personalized Retention Email,2,0.03,42.396086,40.396086,20.198043,490,16650,Medium,84252.32088375732,67602.32088375729
664,39,Female,32,33.55,One-Year,No Internet,1073.6,No,Yes,1,Expected Range,Expected Range,35-44,25-48 Months,Low,402.59999999999997,33.55,402.59999999999997,Established,1.0,Critical,33.55,402.59999999999997,0.039461983103601606,0.0864673311184939,0.26229508196721313,0.11162212962471679,Low Value,0.6446488518498867,647,High Priority,Complimentary Tech Support,20,0.15,60.38999999999999,40.38999999999999,2.0195,491,16670,Critical,84312.71088375732,67642.71088375729
618,52,Male,68,118.05,Month-to-Month,Fiber Optic,8027.4,Yes,Yes,1,Expected Range,Expected Range,45-54,49-72 Months,Premium,1416.6,118.05,1416.6,Loyal,0.9892030075187969,Critical,116.77541503759397,1401.3049804511277,0.9787683414851045,0.6465237088492902,0.5573770491803279,0.7571348969863754,Top Value,0.8963757633058282,4,Immediate Action,Personalized Retention Email,2,0.03,42.03914941353383,40.03914941353383,20.019574706766914,492,16672,Medium,84354.75003317086,67682.75003317083
510,36,Female,75,117.28,One-Year,DSL,8796.0,No,Yes,1,Expected Range,Expected Range,35-44,73+ Months,Premium,1407.3600000000001,117.28,1407.3600000000001,Loyal,0.995050505050505,Critical,116.69952323232323,1400.3942787878786,0.9702089817696755,0.7084264572636666,0.6147540983606558,0.7897213773403174,Top Value,0.9129188539664299,3,Immediate Action,Personalized Retention Email,2,0.03,42.01182836363636,40.01182836363636,20.00591418181818,493,16674,Medium,84396.7618615345,67722.76186153447
494,36,Female,105,118.25,Month-to-Month,DSL,12416.25,Yes,Yes,1,Expected Range,Expected Range,35-44,73+ Months,Premium,1419.0,118.25,1419.0,Loyal,0.9859842810075369,Critical,116.59264122914124,1399.1116947496948,0.9809915518008006,1.0,0.8606557377049181,0.9575605551465497,Top Value,0.9746147906631419,1,Immediate Action,Personalized Retention Email,2,0.03,41.973350842490845,39.973350842490845,19.986675421245423,494,16676,Medium,84438.735212377,67762.73521237697
772,39,Male,67,118.12,Month-to-Month,Fiber Optic,7914.04,Yes,Yes,1,Expected Range,Expected Range,35-44,49-72 Months,Premium,1417.44,118.12,1417.44,Loyal,0.9840657526168362,Critical,116.23784669910069,1394.8541603892081,0.9795464650955983,0.6373937380449008,0.5491803278688525,0.7522014763211677,Top Value,0.8913200420985687,6,Immediate Action,Personalized Retention Email,2,0.03,41.845624811676245,39.845624811676245,19.922812405838123,495,16678,Medium,84480.58083718867,67802.58083718864
211,50,Female,38,117.6,One-Year,Fiber Optic,4468.8,No,Yes,1,Expected Range,Expected Range,45-54,25-48 Months,Premium,1411.1999999999998,117.6,1411.1999999999998,Established,0.9878042328042327,Critical,116.16577777777776,1393.9893333333332,0.9737661182747888,0.3599154334038055,0.3114754098360656,0.5933457014602639,Top Value,0.8300208202666451,27,Immediate Action,Personalized Retention Email,2,0.03,41.81968,39.81968,19.90984,496,16680,Medium,84522.40051718867,67842.40051718864
231,37,Male,4,117.58,One-Year,Fiber Optic,470.32,Yes,Yes,1,Expected Range,Expected Range,35-44,0-6 Months,Premium,1410.96,117.58,1410.96,New,0.9853484848484849,Critical,115.85727484848485,1390.2872981818182,0.9735437972432193,0.037879391925903554,0.03278688524590164,0.41087202738282935,Top Value,0.7555579018622227,161,High Priority,Personalized Retention Email,2,0.03,41.708618945454546,39.708618945454546,19.854309472727273,497,16682,Medium,84564.10913613412,67882.1091361341
436,45,Female,12,117.13,Month-to-Month,Fiber Optic,1405.56,Yes,Yes,1,Expected Range,Expected Range,45-54,7-12 Months,Premium,1405.56,117.13,1405.56,Developing,0.9884907407407407,Critical,115.78192046296296,1389.3830455555556,0.9685415740329035,0.11320326185442464,0.09836065573770492,0.45162793519663624,Top Value,0.7737456185230989,101,High Priority,Personalized Retention Email,2,0.03,41.68149136666666,39.68149136666666,19.84074568333333,498,16684,Medium,84605.79062750078,67921.79062750076
811,43,Female,25,116.88,Month-to-Month,Fiber Optic,2922.0,Yes,Yes,1,Expected Range,Expected Range,35-44,25-48 Months,Premium,1402.56,116.88,1402.56,Established,0.9901516290726817,Critical,115.72892240601503,1388.7470688721803,0.9657625611382838,0.23533675626698883,0.20491803278688525,0.5199023973454809,Top Value,0.8020519363818015,53,Immediate Action,Personalized Retention Email,2,0.03,41.66241206616541,39.66241206616541,19.831206033082704,499,16686,Medium,84647.45303956694,67961.45303956691
863,60,Male,34,116.19,Month-to-Month,DSL,3950.46,Yes,Yes,1,Expected Range,Expected Range,55-64,25-48 Months,Premium,1394.28,116.19,1394.28,Established,0.9944418604651162,Critical,115.54419976744185,1386.5303972093022,0.9580924855491331,0.3181685291452733,0.27868852459016397,0.5642681105680398,Top Value,0.8223723605062856,32,Immediate Action,Personalized Retention Email,2,0.03,41.595911916279064,39.595911916279064,19.797955958139532,500,16688,Medium,84689.04895148322,68001.04895148319
715,44,Male,15,33.12,Month-to-Month,No Internet,496.7999999999999,No,Yes,1,Expected Range,Expected Range,35-44,13-24 Months,Low,397.43999999999994,33.12,397.43999999999994,Developing,1.0,Critical,33.12,397.43999999999994,0.034682080924855474,0.04001208094231349,0.12295081967213116,0.0586147656177847,Low Value,0.6234459062471138,729,High Priority,Contract Upgrade Offer,40,0.2,79.488,39.488,0.9872,501,16728,Critical,84768.53695148321,68040.53695148318
100,42,Female,8,119.65,Two-Year,Fiber Optic,957.2,Yes,Yes,1,Expected Range,Expected Range,35-44,7-12 Months,Premium,1435.8000000000002,119.65,1435.8000000000002,Developing,0.9586055939680063,Critical,114.69715931827196,1376.3659118192636,0.9965540240106716,0.07709251988321755,0.06557377049180328,0.4419974341863457,Top Value,0.751962330055342,176,High Priority,Personalized Retention Email,2,0.03,41.290977354577905,39.290977354577905,19.645488677288952,502,16730,Medium,84809.8279288378,68079.82792883777
233,45,Female,0,117.1,One-Year,Fiber Optic,0.0,Yes,Yes,1,Expected Range,Expected Range,45-54,0-6 Months,Premium,1405.1999999999998,117.1,1405.1999999999998,New,0.9781502866746208,Critical,114.54139856959809,1374.496782835177,0.9682080924855492,0.0,0.0,0.3872832369942197,Top Value,0.7418034668024603,218,High Priority,Personalized Retention Email,2,0.03,41.23490348505531,39.23490348505531,19.617451742527656,503,16732,Medium,84851.06283232284,68119.06283232282
880,56,Female,4,119.6,Two-Year,Fiber Optic,478.4,Yes,Yes,1,Expected Range,Expected Range,55-64,0-6 Months,Premium,1435.1999999999998,119.6,1435.1999999999998,New,0.9567736544501253,Critical,114.43012907223498,1373.1615488668197,0.9959982214317475,0.03853015201852411,0.03278688524590164,0.42008156309065786,Top Value,0.7420968179063383,216,High Priority,Personalized Retention Email,2,0.03,41.19484646600459,39.19484646600459,19.597423233002296,504,16734,Medium,84892.25767878885,68158.25767878882
974,38,Female,23,114.65,Month-to-Month,Fiber Optic,2636.9500000000003,Yes,Yes,1,Expected Range,Expected Range,35-44,13-24 Months,Premium,1375.8000000000002,114.65,1375.8000000000002,Developing,0.9916315789473685,Critical,113.6905605263158,1364.2867263157896,0.9409737661182749,0.2123789388905668,0.18852459016393444,0.49785328259999195,Top Value,0.7941202604084179,63,High Priority,Personalized Retention Email,2,0.03,40.92860178947369,38.92860178947369,19.464300894736844,505,16736,Medium,84933.18628057833,68197.1862805783
506,40,Female,47,114.45,Month-to-Month,DSL,5379.150000000001,Yes,Yes,1,Expected Range,Expected Range,35-44,25-48 Months,Premium,1373.4,114.45,1373.4,Established,0.9921939972172531,Critical,113.55660298151462,1362.6792357781753,0.938750555802579,0.4332346723044398,0.3852459016393443,0.6234438330374217,Top Value,0.8446939315453206,18,Immediate Action,Personalized Retention Email,2,0.03,40.88037707334526,38.88037707334526,19.44018853667263,506,16738,Medium,84974.06665765168,68236.06665765165
499,36,Male,11,32.92,Month-to-Month,Fiber Optic,362.12,Yes,Yes,1,Expected Range,Expected Range,35-44,7-12 Months,Low,395.04,32.92,395.04,Developing,0.9983720930232558,Critical,32.866409302325586,394.396911627907,0.032458870609159696,0.02916500553709856,0.09016393442622951,0.04573228378820575,Low Value,0.6173161693292357,752,High Priority,Contract Upgrade Offer,40,0.2,78.8793823255814,38.8793823255814,0.9719845581395351,507,16778,High,85052.94603997727,68274.94603997724
543,50,Female,28,114.04,Month-to-Month,Fiber Optic,3193.1200000000003,Yes,Yes,1,Expected Range,Expected Range,45-54,25-48 Months,Premium,1368.48,114.04,1368.48,Established,0.9903659147869674,Critical,112.94132892230577,1355.2959470676692,0.9341929746554025,0.2571726568005638,0.22950819672131148,0.5210646689226862,Top Value,0.8026454164412549,52,Immediate Action,Personalized Retention Email,2,0.03,40.65887841203008,38.65887841203008,19.32943920601504,508,16780,Medium,85093.60491838929,68313.60491838926
69,48,Female,17,114.52,Month-to-Month,Fiber Optic,1946.84,Yes,Yes,1,Expected Range,Expected Range,45-54,13-24 Months,Premium,1374.24,114.52,1374.24,Developing,0.9848716931216931,Critical,112.78750629629629,1353.4500755555555,0.9395286794130726,0.15679774489076814,0.13934426229508198,0.4655267480507684,Top Value,0.7771337150933233,93,High Priority,Personalized Retention Email,2,0.03,40.603502266666666,38.603502266666666,19.301751133333333,509,16782,Medium,85134.20842065595,68352.20842065592
635,34,Female,17,114.47,Month-to-Month,DSL,1945.99,Yes,Yes,1,Expected Range,Expected Range,25-34,13-24 Months,Premium,1373.6399999999999,114.47,1373.6399999999999,Developing,0.9852836594069152,Critical,112.78542049230958,1353.425045907715,0.9389728768341485,0.1567292862176583,0.13934426229508198,0.4652804664836104,Top Value,0.7772823822375933,92,High Priority,Personalized Retention Email,2,0.03,40.60275137723145,38.60275137723145,19.301375688615725,510,16784,Medium,85174.81117203318,68390.81117203315
798,51,Female,36,113.6,Month-to-Month,Fiber Optic,4089.6,Yes,Yes,1,Expected Range,Expected Range,45-54,25-48 Months,Premium,1363.1999999999998,113.6,1363.1999999999998,Established,0.9896516290726817,Critical,112.42442506265664,1349.0931007518798,0.9293019119608716,0.32937481123527634,0.29508196721311475,0.5607724405199741,Top Value,0.8180999536515986,36,Immediate Action,Personalized Retention Email,2,0.03,40.472793022556395,38.472793022556395,19.236396511278198,511,16786,Medium,85215.28396505574,68429.28396505571
690,49,Male,68,113.74,Month-to-Month,DSL,7734.32,Yes,Yes,1,Expected Range,Expected Range,45-54,49-72 Months,Premium,1364.8799999999999,113.74,1364.8799999999999,Loyal,0.9880332829315387,Critical,112.3789056006332,1348.5468672075986,0.9308581591818588,0.6229191583610187,0.5573770491803279,0.7297092313941821,Top Value,0.884703662316596,9,Immediate Action,Personalized Retention Email,2,0.03,40.45640601622795,38.45640601622795,19.228203008113976,512,16788,Medium,85255.74037107197,68467.74037107194
661,39,Female,26,113.38,Month-to-Month,Fiber Optic,2947.88,Yes,Yes,1,Expected Range,Expected Range,35-44,25-48 Months,Premium,1360.56,113.38,1360.56,Established,0.9906633249791145,Critical,112.321407786132,1347.856893433584,0.9268563806136061,0.23742112151414477,0.21311475409836067,0.5071186332999833,Top Value,0.797245448307462,57,High Priority,Personalized Retention Email,2,0.03,40.43570680300752,38.43570680300752,19.21785340150376,513,16790,Medium,85296.17607787497,68506.17607787494
950,47,Female,3,114.13,One-Year,Fiber Optic,342.39,Yes,Yes,1,Expected Range,Expected Range,45-54,0-6 Months,Premium,1369.56,114.13,1369.56,New,0.9826231274303562,Critical,112.14677753362655,1345.7613304035185,0.9351934192974656,0.027575958924796133,0.02459016393442623,0.3898764943262714,Top Value,0.7455244741887223,201,High Priority,Personalized Retention Email,2,0.03,40.372839912105555,38.372839912105555,19.186419956052777,514,16792,Medium,85336.54891778708,68544.54891778705
667,42,Female,8,32.58,Month-to-Month,Fiber Optic,260.64,No,Yes,1,Expected Range,Expected Range,35-44,7-12 Months,Low,390.96,32.58,390.96,Developing,1.0,Critical,32.58,390.96,0.028679413072476678,0.020991845363938385,0.06557377049180328,0.035212353729319926,Low Value,0.614084941491728,766,High Priority,Contract Upgrade Offer,40,0.2,78.19200000000001,38.19200000000001,0.9548000000000002,515,16832,Critical,85414.74091778707,68582.74091778704
313,53,Male,24,113.44,Two-Year,Fiber Optic,2722.56,No,Yes,1,Expected Range,Expected Range,45-54,13-24 Months,Premium,1361.28,113.44,1361.28,Developing,0.9834730846495555,Critical,111.56518672264558,1338.7822406717469,0.9275233437083148,0.2192739353669586,0.19672131147540983,0.4969355427306139,Top Value,0.7888580678819788,70,High Priority,Personalized Retention Email,2,0.03,40.163467220152405,38.163467220152405,19.081733610076203,516,16834,Medium,85454.90438500722,68620.90438500719
591,45,Male,14,112.48,Month-to-Month,Fiber Optic,1574.72,Yes,Yes,1,Expected Range,Expected Range,45-54,13-24 Months,Premium,1349.76,112.48,1349.76,Developing,0.9913389355742297,Critical,111.50580347338936,1338.0696416806722,0.9168519341929748,0.12682734319943623,0.11475409836065574,0.4398188683871565,Top Value,0.7707309086994004,105,High Priority,Personalized Retention Email,2,0.03,40.14208925042016,38.14208925042016,19.07104462521008,517,16836,Medium,85495.04647425764,68659.04647425762
804,40,Male,11,32.51,Month-to-Month,No Internet,357.60999999999996,No,Yes,1,Expected Range,Expected Range,35-44,7-12 Months,Low,390.12,32.51,390.12,Developing,1.0,Critical,32.51,390.12,0.027901289461983114,0.02880177187153931,0.09016393442622951,0.043782119546389386,Low Value,0.6175128478185558,751,High Priority,Contract Upgrade Offer,40,0.2,78.024,38.024,0.9506,518,16876,Critical,85573.07047425765,68697.07047425762
57,36,Male,18,111.71,Month-to-Month,DSL,2010.78,Yes,Yes,1,Expected Range,Expected Range,35-44,13-24 Months,Premium,1340.52,111.71,1340.52,Developing,0.9940748570981128,Critical,111.04810228643018,1332.577227437162,0.9082925744775456,0.16194744790093626,0.14754098360655737,0.4568838824579853,Top Value,0.7791984672420618,87,High Priority,Personalized Retention Email,2,0.03,39.97731682311486,37.97731682311486,18.98865841155743,519,16878,Medium,85613.04779108077,68735.04779108074
587,40,Female,4,116.23,Two-Year,Fiber Optic,464.92,Yes,Yes,1,Expected Range,Expected Range,35-44,0-6 Months,Premium,1394.76,116.23,1394.76,New,0.9533383816145867,Critical,110.80652009506342,1329.678241140761,0.9585371276122723,0.03744447800261754,0.03278688524590164,0.4047171396573005,Top Value,0.7338898848316722,254,High Priority,Personalized Retention Email,2,0.03,39.89034723422283,37.89034723422283,18.945173617111415,520,16880,Medium,85652.93813831499,68772.93813831496
590,36,Male,56,114.09,Two-Year,Fiber Optic,6389.04,No,Yes,1,Expected Range,Expected Range,35-44,49-72 Months,Premium,1369.08,114.09,1369.08,Loyal,0.9643700897867565,Critical,110.02498354377106,1320.2998025252527,0.9347487772343266,0.5145708245243129,0.45901639344262296,0.6687533978378959,Top Value,0.8461234130072123,16,Immediate Action,Personalized Retention Email,2,0.03,39.60899407575758,37.60899407575758,18.80449703787879,521,16882,Medium,85692.54713239074,68810.54713239071
630,55,Male,46,32.32,Month-to-Month,No Internet,1486.72,No,Yes,1,Expected Range,Expected Range,55-64,25-48 Months,Low,387.84000000000003,32.32,387.84000000000003,Established,1.0,Critical,32.32,387.84000000000003,0.025789239662072083,0.11973985704218262,0.3770491803278689,0.14648694091155998,Low Value,0.6585947763646239,590,High Priority,Contract Upgrade Offer,40,0.2,77.56800000000001,37.56800000000001,0.9392000000000003,522,16922,Critical,85770.11513239074,68848.11513239071
117,44,Male,13,32.02,One-Year,No Internet,416.2600000000001,No,Yes,1,Expected Range,Expected Range,35-44,13-24 Months,Low,384.24,32.02,384.24,Developing,0.9979999999999999,Critical,31.95596,383.47152,0.022454424188528277,0.033525420316118,0.10655737704918034,0.047355011048347696,Low Value,0.617742004419339,749,High Priority,Complimentary Tech Support,20,0.15,57.520728,37.520728,1.8760363999999998,523,16942,High,85827.63586039074,68885.63586039071
998,51,Female,15,111.72,Month-to-Month,Fiber Optic,1675.8,Yes,Yes,1,Expected Range,Expected Range,45-54,13-24 Months,Premium,1340.6399999999999,111.72,1340.6399999999999,Developing,0.9796335978835979,Critical,109.44466555555556,1313.3359866666667,0.9084037349933305,0.13496828752642706,0.12295081967213116,0.44133809954961445,Top Value,0.7643153985500045,126,High Priority,Personalized Retention Email,2,0.03,39.4000796,37.4000796,18.7000398,524,16944,Medium,85867.03593999075,68923.03593999072
655,70,Male,35,32.13,Month-to-Month,DSL,1124.5500000000002,No,Yes,1,Expected Range,Expected Range,65+,25-48 Months,Low,385.56000000000006,32.13,385.56000000000006,Established,1.0,Critical,32.13,385.56000000000006,0.023677189862160997,0.0905708245243129,0.2868852459016394,0.11289197600378376,Low Value,0.6451567904015135,646,High Priority,Contract Upgrade Offer,40,0.2,77.11200000000002,37.11200000000002,0.9278000000000006,525,16984,Critical,85944.14793999074,68960.14793999071
721,48,Male,26,109.75,Month-to-Month,DSL,2853.5,Yes,Yes,1,Expected Range,Expected Range,45-54,25-48 Months,Premium,1317.0,109.75,1317.0,Established,0.9895205641688198,Critical,108.59988191752798,1303.1985830103358,0.8865051133837263,0.2298197926104903,0.21311475409836067,0.4883176612917523,Top Value,0.7890394030179928,69,High Priority,Personalized Retention Email,2,0.03,39.09595749031007,37.09595749031007,18.547978745155035,526,16986,Medium,85983.24389748105,68997.24389748102
279,45,Male,5,110.06,One-Year,Fiber Optic,550.3,Yes,Yes,1,Expected Range,Expected Range,45-54,0-6 Months,Premium,1320.72,110.06,1320.72,New,0.9825327776798366,Critical,108.13755751144282,1297.6506901373139,0.8899510893730549,0.04432095036746199,0.04098360655737705,0.38173867001717793,Top Value,0.7422151346147731,215,High Priority,Personalized Retention Email,2,0.03,38.92952070411941,36.92952070411941,18.464760352059706,527,16988,Medium,86022.17341818516,69034.17341818514
96,30,Male,3,110.81,One-Year,Fiber Optic,332.43,Yes,Yes,1,Expected Range,Expected Range,25-34,0-6 Months,Premium,1329.72,110.81,1329.72,New,0.9723164964120845,Critical,107.74239096742309,1292.908691609077,0.8982881280569144,0.026773784355179703,0.02459016393442623,0.37483361673068516,High Value,0.7333233445395247,256,High Priority,Personalized Retention Email,2,0.03,38.78726074827231,36.78726074827231,18.393630374136155,528,16990,Medium,86060.96067893344,69070.9606789334
198,46,Male,9,109.46,One-Year,DSL,985.14,Yes,Yes,1,Expected Range,Expected Range,45-54,7-12 Months,Premium,1313.52,109.46,1313.52,Developing,0.9737888549359136,Critical,106.5909280612851,1279.091136735421,0.8832814584259672,0.07934279673814558,0.07377049180327869,0.39952518517955754,Top Value,0.7440833870333712,208,High Priority,Personalized Retention Email,2,0.03,38.37273410206263,36.37273410206263,18.186367051031315,529,16992,Medium,86099.33341303549,69107.33341303546
201,48,Female,17,107.67,Month-to-Month,Fiber Optic,1830.39,Yes,Yes,1,Expected Range,Expected Range,45-54,13-24 Months,Premium,1292.04,107.67,1292.04,Developing,0.9848716931216931,Critical,106.0411351984127,1272.4936223809525,0.8633837261004893,0.14741890667472063,0.13934426229508198,0.4317861733501185,Top Value,0.7636374852130633,128,High Priority,Personalized Retention Email,2,0.03,38.17480867142857,36.17480867142857,18.087404335714286,530,16994,Medium,86137.50822170691,69143.50822170688
582,40,Female,4,109.14,One-Year,Fiber Optic,436.56,Yes,Yes,1,Expected Range,Expected Range,35-44,0-6 Months,Premium,1309.68,109.14,1309.68,New,0.9703792333815087,Critical,105.90718953125786,1270.8862743750942,0.8797243219208539,0.035160374509211716,0.03278688524590164,0.3723925811580411,High Value,0.7311845724921217,269,High Priority,Personalized Retention Email,2,0.03,38.126588231252825,36.126588231252825,18.063294115626412,531,16996,Medium,86175.63480993817,69179.63480993814
213,54,Female,37,106.26,One-Year,DSL,3931.62,No,Yes,1,Expected Range,Expected Range,45-54,25-48 Months,Premium,1275.1200000000001,106.26,1275.1200000000001,Established,0.9948611111111111,Critical,105.71394166666667,1268.5673000000002,0.8477100933748334,0.31665116279069766,0.30327868852459017,0.5257316164578251,Top Value,0.8072093132497967,49,Immediate Action,Personalized Retention Email,2,0.03,38.057019000000004,36.057019000000004,18.028509500000002,532,16998,Medium,86213.69182893817,69215.69182893814
774,54,Male,22,106.22,Month-to-Month,DSL,2336.84,Yes,Yes,1,Expected Range,Expected Range,45-54,13-24 Months,Premium,1274.6399999999999,106.22,1274.6399999999999,Developing,0.9951341681574241,Critical,105.70315134168158,1268.437816100179,0.8472654513116942,0.18820819490586932,0.18032786885245902,0.4498610159548467,Top Value,0.7770249072763931,94,High Priority,Personalized Retention Email,2,0.03,38.053134483005365,36.053134483005365,18.026567241502683,533,17000,Medium,86251.74496342118,69251.74496342115
426,58,Male,30,105.11,Month-to-Month,Fiber Optic,3153.3,Yes,Yes,1,Expected Range,Expected Range,55-64,25-48 Months,Premium,1261.32,105.11,1261.32,Established,0.9951428571428571,Critical,104.59946571428571,1255.1935885714286,0.8349266340595822,0.25396556931440656,0.24590163934426232,0.4843340127199408,Top Value,0.7908193193736905,66,High Priority,Personalized Retention Email,2,0.03,37.65580765714286,35.65580765714286,17.82790382857143,534,17002,Medium,86289.40077107832,69287.40077107829
656,45,Male,23,105.15,Month-to-Month,DSL,2418.4500000000003,Yes,Yes,1,Expected Range,Expected Range,45-54,13-24 Months,Premium,1261.8000000000002,105.15,1261.8000000000002,Developing,0.9940517089499649,Critical,104.52453719608881,1254.2944463530657,0.8353712761227214,0.1947810329205678,0.18852459016393444,0.44945301951227096,Top Value,0.7762122331748873,95,High Priority,Personalized Retention Email,2,0.03,37.62883339059197,35.62883339059197,17.814416695295986,535,17004,Medium,86327.02960446892,69323.02960446889
840,42,Female,19,31.46,Month-to-Month,DSL,597.74,No,Yes,1,Expected Range,Expected Range,35-44,13-24 Months,Low,377.52,31.46,377.52,Developing,0.9989583333333333,Critical,31.427229166666667,377.12675,0.01622943530457982,0.04814174972314507,0.1557377049180328,0.0622758127544409,Low Value,0.6242853251017764,726,High Priority,Contract Upgrade Offer,40,0.2,75.42535000000001,35.42535000000001,0.8856337500000002,536,17044,High,86402.45495446892,69358.45495446889
101,30,Male,3,104.29,Month-to-Month,DSL,312.87,Yes,Yes,1,Expected Range,Expected Range,25-34,0-6 Months,Premium,1251.48,104.29,1251.48,New,0.9959999999999999,Critical,103.87284,1246.47408,0.8258114717652292,0.025198429477499246,0.02459016393442623,0.345291580006823,High Value,0.7357166320027291,244,High Priority,Personalized Retention Email,2,0.03,37.3942224,35.3942224,17.6971112,537,17046,Medium,86439.84917686893,69393.8491768689
522,50,Female,0,104.12,Two-Year,Fiber Optic,0.0,No,Yes,1,Expected Range,Expected Range,45-54,0-6 Months,Premium,1249.44,104.12,1249.44,New,0.9931666666666669,Critical,103.40851333333336,1240.9021600000003,0.8239217429968877,0.0,0.0,0.3295686971987551,High Value,0.7277274788795022,277,High Priority,Personalized Retention Email,2,0.03,37.22706480000001,35.22706480000001,17.613532400000004,538,17048,Medium,86477.07624166892,69429.0762416689
689,52,Male,15,103.56,One-Year,DSL,1553.4,No,Yes,1,Expected Range,Expected Range,45-54,13-24 Months,Premium,1242.72,103.56,1242.72,Developing,0.9966666666666667,Critical,103.21480000000001,1238.5776,0.8176967541129392,0.1251102385986107,0.12295081967213116,0.40160499007272227,Top Value,0.7586419960290889,147,High Priority,Personalized Retention Email,2,0.03,37.157328,35.157328,17.578664,539,17050,Medium,86514.23356966893,69464.2335696689
488,34,Female,31,104.39,Month-to-Month,DSL,3236.09,Yes,Yes,1,Expected Range,Expected Range,25-34,25-48 Months,Premium,1252.68,104.39,1252.68,Established,0.98754556416882,Critical,103.08988144358312,1237.0785773229975,0.8269230769230771,0.26063344407530453,0.2540983606557377,0.4855155263595219,Top Value,0.7867335490451008,72,High Priority,Personalized Retention Email,2,0.03,37.11235731968992,35.11235731968992,17.55617865984496,540,17052,Medium,86551.34592698862,69499.3459269886
124,30,Female,9,31.29,Month-to-Month,Fiber Optic,281.61,Yes,Yes,1,Expected Range,Expected Range,25-34,7-12 Months,Low,375.48,31.29,375.48,Developing,0.9983720930232558,Critical,31.239062790697673,374.8687534883721,0.014339706536238339,0.022680761099365752,0.07377049180327869,0.03211677195009302,Low Value,0.6118699645939907,781,High Priority,Contract Upgrade Offer,40,0.2,74.97375069767442,34.97375069767442,0.8743437674418605,541,17092,High,86626.3196776863,69534.31967768628
617,46,Female,26,30.57,One-Year,No Internet,794.82,No,Yes,1,Expected Range,Expected Range,45-54,25-48 Months,Low,366.84000000000003,30.57,366.84000000000003,Established,0.9979999999999999,Critical,30.50886,366.10632,0.00633614939973326,0.0640144971307762,0.21311475409836067,0.07821822228025514,Low Value,0.630087288912102,702,High Priority,Complimentary Tech Support,20,0.15,54.91594799999999,34.91594799999999,1.7457973999999996,542,17112,High,86681.2356256863,69569.23562568627
246,41,Male,29,102.81,One-Year,Fiber Optic,2981.49,No,Yes,1,Expected Range,Expected Range,35-44,25-48 Months,Premium,1233.72,102.81,1233.72,Established,0.9939285714285715,Critical,102.18579642857144,1226.2295571428572,0.8093597154290797,0.24012805798852307,0.2377049180327869,0.4672149359758117,Top Value,0.7832431172474676,78,High Priority,Personalized Retention Email,2,0.03,36.786886714285714,34.786886714285714,17.393443357142857,543,17114,Medium,86718.02251240058,69604.02251240055
860,51,Male,20,31.16,Month-to-Month,DSL,623.2,No,Yes,1,Expected Range,Expected Range,45-54,13-24 Months,Low,373.92,31.16,373.92,Developing,1.0,Critical,31.16,373.92,0.012894619831036014,0.050192288331823216,0.1639344262295082,0.06370875540592959,Low Value,0.6254835021623718,718,High Priority,Contract Upgrade Offer,40,0.2,74.784,34.784000000000006,0.8696000000000002,544,17154,Critical,86792.80651240058,69638.80651240055
706,51,Male,31,102.49,Month-to-Month,DSL,3177.19,Yes,Yes,1,Expected Range,Expected Range,45-54,25-48 Months,Premium,1229.8799999999999,102.49,1229.8799999999999,Established,0.9922335271317829,Critical,101.69401419573643,1220.3281703488371,0.8058025789239662,0.25588966072687,0.2540983606557377,0.47540700298792543,Top Value,0.7855029174742398,76,High Priority,Personalized Retention Email,2,0.03,36.609845110465116,34.609845110465116,17.304922555232558,545,17156,Medium,86829.41635751104,69673.41635751101
730,37,Male,9,104.19,One-Year,DSL,937.71,Yes,Yes,1,Expected Range,Expected Range,35-44,7-12 Months,Premium,1250.28,104.19,1250.28,Developing,0.9735147077918476,Critical,101.4304974048326,1217.1659688579912,0.824699866607381,0.07552280277861673,0.07377049180327869,0.37475555056628795,High Value,0.7340110449016237,252,High Priority,Personalized Retention Email,2,0.03,36.51497906573973,34.51497906573973,17.257489532869865,546,17158,Medium,86865.93133657679,69707.93133657676
604,58,Female,0,106.02,Two-Year,Fiber Optic,0.0,Yes,Yes,1,Expected Range,Expected Range,55-64,0-6 Months,Premium,1272.24,106.02,1272.24,New,0.9551069877834586,Critical,101.26044284480227,1215.1253141376274,0.8450422409959983,0.0,0.0,0.3380168963983994,High Value,0.708270951229435,374,High Priority,Personalized Retention Email,2,0.03,36.45375942412882,34.45375942412882,17.22687971206441,547,17160,Medium,86902.38509600091,69742.38509600089
323,36,Female,36,101.63,Month-to-Month,Fiber Optic,3658.68,Yes,Yes,1,Expected Range,Expected Range,35-44,25-48 Months,Premium,1219.56,101.63,1219.56,Established,0.9961428571428572,Critical,101.23799857142858,1214.8559828571429,0.796242774566474,0.2946686801570522,0.29508196721311475,0.49540163968483664,Top Value,0.795846370159649,61,High Priority,Personalized Retention Email,2,0.03,36.44567948571429,34.44567948571429,17.222839742857143,548,17162,Medium,86938.83077548663,69776.8307754866
464,47,Female,1,104.79,Two-Year,Fiber Optic,104.79,Yes,Yes,1,Expected Range,Expected Range,45-54,0-6 Months,Premium,1257.48,104.79,1257.48,New,0.9658251706875829,Critical,101.20881963635182,1214.505835636222,0.8313694975544688,0.008439746300211416,0.00819672131147541,0.33755089055473037,High Value,0.7145154586344419,347,High Priority,Personalized Retention Email,2,0.03,36.435175069086654,34.435175069086654,17.217587534543327,549,17164,Medium,86975.26595055571,69811.26595055568
322,50,Female,6,106.06,Two-Year,DSL,636.36,Yes,Yes,1,Expected Range,Expected Range,45-54,0-6 Months,Premium,1272.72,106.06,1272.72,New,0.9541820586820586,Critical,101.20054914381915,1214.4065897258297,0.8454868830591376,0.05125218967079432,0.04918032786885246,0.3684281015756462,High Value,0.7198804758394937,315,High Priority,Personalized Retention Email,2,0.03,36.43219769177489,34.43219769177489,17.216098845887444,550,17166,Medium,87011.69814824748,69845.69814824745
742,32,Male,78,101.44,Two-Year,No Internet,7912.32,No,Yes,1,Expected Range,Expected Range,25-34,73+ Months,Premium,1217.28,101.44,1217.28,Loyal,0.9942424242424241,Critical,100.8559515151515,1210.271418181818,0.794130724766563,0.6372552099063726,0.639344262295082,0.7005276789476261,Top Value,0.8767565261245049,11,Immediate Action,Personalized Retention Email,2,0.03,36.30814254545454,34.30814254545454,17.15407127272727,551,17168,Medium,87048.00629079294,69880.00629079291
564,41,Female,3,105.03,Two-Year,Fiber Optic,315.09000000000003,Yes,Yes,1,Expected Range,Expected Range,35-44,0-6 Months,Premium,1260.3600000000001,105.03,1260.3600000000001,New,0.9589086242710365,Critical,100.71417280718697,1208.5700736862436,0.8340373499333038,0.025377227423739053,0.02459016393442623,0.34864451055523676,High Value,0.7148029787847167,345,High Priority,Personalized Retention Email,2,0.03,36.257102210587306,34.257102210587306,17.128551105293653,552,17170,Medium,87084.26339300352,69914.2633930035
318,41,Male,27,101.8,Month-to-Month,DSL,2748.6,Yes,Yes,1,Expected Range,Expected Range,35-44,25-48 Months,Premium,1221.6,101.8,1221.6,Established,0.98861436987292,Critical,100.64094285306325,1207.691314236759,0.7981325033348154,0.2213711869525823,0.2213114754098361,0.452060785619789,Top Value,0.7739929361716675,100,High Priority,Personalized Retention Email,2,0.03,36.23073942710277,34.23073942710277,17.115369713551384,553,17172,Medium,87120.49413243063,69948.4941324306
119,56,Female,14,100.54,Month-to-Month,DSL,1407.5600000000002,Yes,Yes,1,Expected Range,Expected Range,55-64,13-24 Months,Premium,1206.48,100.54,1206.48,Developing,0.9899348576639958,Critical,99.52805058953814,1194.3366070744578,0.7841262783459317,0.11336434108527133,0.11475409836065574,0.38201655530838163,Top Value,0.7467675367217501,195,High Priority,Personalized Retention Email,2,0.03,35.83009821223373,33.83009821223373,16.915049106116864,554,17174,Medium,87156.32423064286,69982.32423064283
783,48,Female,3,99.17,Month-to-Month,Fiber Optic,297.51,Yes,Yes,1,Expected Range,Expected Range,45-54,0-6 Months,High,1190.04,99.17,1190.04,New,0.9966666666666667,Critical,98.83943333333333,1186.0732,0.768897287683415,0.023961340984596798,0.02459016393442623,0.32209292540158146,High Value,0.7268371701606325,283,High Priority,Personalized Retention Email,2,0.03,35.582196,33.582196,16.791098,555,17176,Medium,87191.90642664286,70015.90642664283
22,42,Female,10,30.48,Month-to-Month,No Internet,304.8,No,Yes,1,Expected Range,Expected Range,35-44,7-12 Months,Low,365.76,30.48,365.76,Developing,1.0,Critical,30.48,365.76,0.00533570475767009,0.02454847478103292,0.0819672131147541,0.031218051355118084,Low Value,0.6124872205420472,778,High Priority,Contract Upgrade Offer,40,0.2,73.152,33.152,0.8288,556,17216,Critical,87265.05842664286,70049.05842664283
255,29,Female,8,102.34,Two-Year,DSL,818.72,Yes,Yes,1,Expected Range,Expected Range,25-34,7-12 Months,Premium,1228.08,102.34,1228.08,Developing,0.9506913919235518,Critical,97.29375704945629,1167.5250845934754,0.8041351711871945,0.06593939393939394,0.06557377049180328,0.3611262989766165,High Value,0.7148653547447776,343,High Priority,Personalized Retention Email,2,0.03,35.02575253780426,33.02575253780426,16.51287626890213,557,17218,Medium,87300.08417918067,70082.08417918065
895,58,Male,7,97.81,Month-to-Month,Fiber Optic,684.6700000000001,Yes,Yes,1,Expected Range,Expected Range,55-64,7-12 Months,High,1173.72,97.81,1173.72,Developing,0.9888997821350763,Critical,96.72428769063183,1160.6914522875818,0.7537794575366832,0.055143058491895706,0.05737704918032787,0.33515611578191873,High Value,0.7274023155938133,280,High Priority,Personalized Retention Email,2,0.03,34.82074356862745,32.82074356862745,16.410371784313725,558,17220,Medium,87334.90492274931,70114.90492274928
385,37,Male,6,97.57,Month-to-Month,DSL,585.42,Yes,Yes,1,Expected Range,Expected Range,35-44,0-6 Months,High,1170.84,97.57,1170.84,New,0.9896616868969811,Critical,96.56129079053844,1158.7354894864611,0.7511116051578479,0.047149501661129564,0.04918032786885246,0.3292420496117477,High Value,0.7254938319828876,289,High Priority,Personalized Retention Email,2,0.03,34.76206468459383,32.76206468459383,16.381032342296916,559,17222,Medium,87369.6669874339,70147.66698743387
942,53,Male,64,98.99,One-Year,Fiber Optic,6335.36,No,Yes,1,Expected Range,Expected Range,45-54,49-72 Months,High,1187.8799999999999,98.99,1187.8799999999999,Loyal,0.9724430199430202,Critical,96.26213454415957,1155.1456145299148,0.7668963983992887,0.5102474579683882,0.5245901639344263,0.616492710632258,Top Value,0.8300628962187152,26,Immediate Action,Personalized Retention Email,2,0.03,34.654368435897446,32.654368435897446,16.327184217948723,560,17224,Medium,87404.32135586979,70180.32135586976
176,53,Female,66,100.12,Two-Year,Fiber Optic,6607.92,No,Yes,1,Expected Range,Expected Range,45-54,49-72 Months,Premium,1201.44,100.12,1201.44,Loyal,0.9604573843005217,Critical,96.16099331616824,1153.931919794019,0.7794575366829704,0.5321993355481728,0.5409836065573771,0.6332986837543929,Top Value,0.8295939040820701,28,Immediate Action,Personalized Retention Email,2,0.03,34.61795759382057,32.61795759382057,16.308978796910285,561,17226,Medium,87438.9393134636,70212.93931346358
292,40,Male,22,98.62,Month-to-Month,Fiber Optic,2169.6400000000003,Yes,Yes,1,Expected Range,Expected Range,35-44,13-24 Months,High,1183.44,98.62,1183.44,Developing,0.9651646092328948,Critical,95.18453376254809,1142.214405150577,0.7627834593152514,0.1747419712070875,0.18032786885245902,0.41135504086169594,Top Value,0.7436407818844152,212,High Priority,Personalized Retention Email,2,0.03,34.26643215451731,32.26643215451731,16.133216077258655,562,17228,Medium,87473.20574561812,70245.20574561809
599,40,Female,3,95.83,Month-to-Month,Fiber Optic,287.49,Yes,Yes,1,Expected Range,Expected Range,35-44,0-6 Months,High,1149.96,95.83,1149.96,New,0.9925925925925926,Critical,95.12014814814815,1141.4417777777778,0.7317696754112939,0.023154334038054968,0.02459016393442623,0.30695942806144333,High Value,0.7183393267801328,319,High Priority,Personalized Retention Email,2,0.03,34.243253333333335,32.243253333333335,16.121626666666668,563,17230,Medium,87507.44899895145,70277.44899895143
795,34,Female,11,96.07,Month-to-Month,Fiber Optic,1056.77,Yes,Yes,1,Expected Range,Expected Range,25-34,7-12 Months,High,1152.84,96.07,1152.84,Developing,0.9892592592592593,Critical,95.03813703703703,1140.4576444444444,0.7344375277901289,0.08511184939091916,0.09016393442622951,0.34610514200943066,High Value,0.7319976123593278,263,High Priority,Personalized Retention Email,2,0.03,34.21372933333333,32.21372933333333,16.106864666666667,564,17232,Medium,87541.66272828479,70309.66272828476
986,33,Male,4,96.09,Month-to-Month,Fiber Optic,384.36,Yes,Yes,1,Expected Range,Expected Range,25-34,0-6 Months,High,1153.08,96.09,1153.08,New,0.9883283535636476,Critical,94.96847149393089,1139.6216579271706,0.7346598488216987,0.03095620658411356,0.03278688524590164,0.3128953331445946,High Value,0.7181551453960264,321,High Priority,Personalized Retention Email,2,0.03,34.18864973781512,32.18864973781512,16.09432486890756,565,17234,Medium,87575.8513780226,70341.85137802258
232,47,Male,63,98.34,Two-Year,DSL,6195.42,No,Yes,1,Expected Range,Expected Range,45-54,49-72 Months,High,1180.08,98.34,1180.08,Loyal,0.9651838589252382,Critical,94.91618068670792,1138.9941682404951,0.7596709648732771,0.4989767441860465,0.5163934426229508,0.6076086070701648,Top Value,0.8221537581832088,33,Immediate Action,Personalized Retention Email,2,0.03,34.16982504721485,32.16982504721485,16.084912523607425,566,17236,Medium,87610.02120306982,70374.02120306979
331,44,Male,1,30.06,Month-to-Month,Fiber Optic,30.06,No,Yes,1,Expected Range,Expected Range,35-44,0-6 Months,Low,360.71999999999997,30.06,360.71999999999997,New,1.0,Critical,30.06,360.71999999999997,0.0006669630947087613,0.0024210208396254905,0.00819672131147541,0.0031633228596212788,Low Value,0.6012653291438484,806,High Priority,Contract Upgrade Offer,40,0.2,72.14399999999999,32.14399999999999,0.8035999999999998,567,17276,Critical,87682.16520306982,70406.16520306979
856,39,Male,5,30.0,Month-to-Month,Fiber Optic,150.0,Yes,Yes,1,Expected Range,Expected Range,35-44,0-6 Months,Low,360.0,30.0,360.0,New,0.9975203252032521,Critical,29.92560975609756,359.10731707317075,0.0,0.012080942313500452,0.04098360655737705,0.014474231449069421,Low Value,0.604301887701579,800,High Priority,Contract Upgrade Offer,40,0.2,71.82146341463415,31.821463414634152,0.7955365853658538,568,17316,High,87753.98666648444,70437.98666648442
824,41,Female,4,94.32,Month-to-Month,Fiber Optic,377.28,Yes,Yes,1,Expected Range,Expected Range,35-44,0-6 Months,High,1131.84,94.32,1131.84,New,0.9922222222222221,Critical,93.58639999999998,1123.0367999999999,0.7149844375277901,0.030385986106916337,0.03278688524590164,0.3048255914600122,High Value,0.7172635699173382,326,High Priority,Personalized Retention Email,2,0.03,33.691103999999996,31.691103999999996,15.845551999999998,569,17318,Medium,87787.67777048444,70469.67777048441
442,44,Male,15,97.61,Month-to-Month,DSL,1464.15,Yes,Yes,1,Expected Range,Expected Range,35-44,13-24 Months,High,1171.32,97.61,1171.32,Developing,0.9574052148548797,Critical,93.45232302198481,1121.4278762638178,0.7515562472209871,0.11792207792207793,0.12295081967213116,0.37263293107915496,High Value,0.7234963013445899,302,High Priority,Personalized Retention Email,2,0.03,33.642836287914534,31.642836287914534,15.821418143957267,570,17320,Medium,87821.32060677235,70501.32060677232
841,44,Male,27,95.59,One-Year,Fiber Optic,2580.9300000000003,No,Yes,1,Expected Range,Expected Range,35-44,25-48 Months,High,1147.08,95.59,1147.08,Established,0.9734484126984128,Critical,93.05193376984128,1116.6232052380954,0.7291018230324591,0.20786710963455152,0.2213114754098361,0.4197220864375356,Top Value,0.7519578821940619,177,High Priority,Personalized Retention Email,2,0.03,33.49869615714286,31.49869615714286,15.74934807857143,571,17322,Medium,87854.81930292949,70532.81930292946
586,47,Female,38,95.83,Month-to-Month,Fiber Optic,3641.54,Yes,Yes,1,Expected Range,Expected Range,45-54,25-48 Months,High,1149.96,95.83,1149.96,Established,0.9695726470946395,Critical,92.9141467710793,1114.9697612529517,0.7317696754112939,0.29328823114869623,0.3114754098360656,0.4732276035255776,Top Value,0.7710346296670147,104,High Priority,Personalized Retention Email,2,0.03,33.44909283758855,31.44909283758855,15.724546418794276,572,17324,Medium,87888.26839576708,70564.26839576705
170,37,Male,4,93.46,Month-to-Month,Fiber Optic,373.84,Yes,Yes,1,Expected Range,Expected Range,35-44,0-6 Months,High,1121.52,93.46,1121.52,New,0.992624649859944,Critical,92.77069977591036,1113.2483973109242,0.705424633170298,0.03010892982986006,0.03278688524590164,0.30090470002004566,High Value,0.7159366699239846,336,High Priority,Personalized Retention Email,2,0.03,33.39745191932773,31.39745191932773,15.698725959663864,573,17326,Medium,87921.66584768641,70595.66584768638
857,36,Female,24,94.09,Two-Year,DSL,2258.16,No,Yes,1,Expected Range,Expected Range,35-44,13-24 Months,High,1129.08,94.09,1129.08,Developing,0.9859259259259259,Critical,92.76577037037036,1113.1892444444443,0.7124277456647401,0.1818713379643612,0.19672131147540983,0.39780639442227494,Top Value,0.7506781133244655,180,High Priority,Personalized Retention Email,2,0.03,33.395677333333325,31.395677333333325,15.697838666666662,574,17328,Medium,87955.06152501974,70627.06152501972
788,49,Female,17,97.24,Month-to-Month,DSL,1653.08,Yes,Yes,1,Expected Range,Expected Range,45-54,13-24 Months,High,1166.8799999999999,97.24,1166.8799999999999,Developing,0.9523139153591684,Critical,92.60300512952553,1111.2360615543064,0.7474433081369498,0.13313842746400886,0.13934426229508198,0.38041183844095355,Top Value,0.7235530845918825,301,High Priority,Personalized Retention Email,2,0.03,33.33708184662919,31.33708184662919,15.668540923314595,575,17330,Medium,87988.39860686638,70658.39860686635
827,60,Female,1,92.8,Month-to-Month,DSL,92.8,Yes,Yes,1,Expected Range,Expected Range,55-64,0-6 Months,High,1113.6,92.8,1113.6,New,0.9947350427350428,Critical,92.31141196581197,1107.7369435897435,0.6980880391285016,0.007474076311285613,0.00819672131147541,0.2839003226882194,High Value,0.7104011547163134,363,High Priority,Personalized Retention Email,2,0.03,33.23210830769231,31.232108307692307,15.616054153846154,576,17332,Medium,88021.63071517408,70689.63071517405
50,27,Male,22,94.48,Month-to-Month,Fiber Optic,2078.56,Yes,Yes,1,Expected Range,Expected Range,25-34,13-24 Months,High,1133.76,94.48,1133.76,Developing,0.968182501184997,Critical,91.47388271195852,1097.6865925435022,0.7167630057803469,0.16740642303433,0.18032786885245902,0.390379417587269,Top Value,0.7370612677459059,237,High Priority,Personalized Retention Email,2,0.03,32.93059777630506,30.930597776305063,15.465298888152532,577,17334,Medium,88054.56131295038,70720.56131295035
84,39,Female,32,92.91,One-Year,DSL,2973.12,No,Yes,1,Expected Range,Expected Range,35-44,25-48 Months,High,1114.92,92.91,1114.92,Established,0.9829166666666667,Critical,91.32278749999999,1095.8734499999998,0.6993108048021344,0.23945394140742976,0.26229508196721313,0.4291069719052575,Top Value,0.761392788762103,137,High Priority,Personalized Retention Email,2,0.03,32.876203499999995,30.876203499999995,15.438101749999998,578,17336,Medium,88087.43751645037,70751.43751645034
15,27,Male,14,95.05,Month-to-Month,Fiber Optic,1330.7,Yes,Yes,1,Expected Range,Expected Range,25-34,13-24 Months,High,1140.6,95.05,1140.6,Developing,0.9550246064481551,Critical,90.77508884289715,1089.3010661147657,0.72309915518008,0.10717406624383369,0.11475409836065574,0.35543910984753774,High Value,0.7151904078079081,342,High Priority,Personalized Retention Email,2,0.03,32.67903198344297,30.679031983442968,15.339515991721484,579,17338,Medium,88120.11654843381,70782.11654843378
61,40,Female,46,92.65,Month-to-Month,DSL,4261.900000000001,Yes,Yes,1,Expected Range,Expected Range,35-44,25-48 Months,High,1111.8000000000002,92.65,1111.8000000000002,Established,0.9770784632439209,Critical,90.52631961954927,1086.3158354345912,0.6964206313917298,0.34325178697271724,0.3770491803278689,0.49296867307911013,Top Value,0.7834345471779967,77,High Priority,Personalized Retention Email,2,0.03,32.58947506303774,30.58947506303774,15.29473753151887,580,17340,Medium,88152.70602349685,70812.70602349682
894,56,Female,31,93.06,Month-to-Month,DSL,2884.86,Yes,Yes,1,Expected Range,Expected Range,55-64,25-48 Months,High,1116.72,93.06,1116.72,Established,0.970724510953649,Critical,90.33562298934658,1084.027475872159,0.7009782125389064,0.23234551495016612,0.2540983606557377,0.4252368054120551,Top Value,0.7525294287370113,172,High Priority,Personalized Retention Email,2,0.03,32.52082427616477,30.520824276164767,15.260412138082383,581,17342,Medium,88185.22684777301,70843.22684777298
735,55,Male,4,90.41,Month-to-Month,Fiber Optic,361.64,Yes,Yes,1,Expected Range,Expected Range,55-64,0-6 Months,High,1084.92,90.41,1084.92,New,0.995,Critical,89.95795,1079.4954,0.671520675855936,0.029126346521695358,0.03278688524590164,0.2869992129364432,High Value,0.7117996851745773,355,High Priority,Personalized Retention Email,2,0.03,32.384862,30.384862,15.192431,582,17344,Medium,88217.61170977302,70873.61170977299
785,50,Male,26,92.31,Month-to-Month,Fiber Optic,2400.06,Yes,Yes,1,Expected Range,Expected Range,45-54,25-48 Months,High,1107.72,92.31,1107.72,Established,0.9663979744490581,Critical,89.20819702139255,1070.4983642567106,0.6926411738550469,0.19329990939293265,0.21311475409836067,0.39799012635413533,Top Value,0.7390348352110889,228,High Priority,Personalized Retention Email,2,0.03,32.114950927701315,30.114950927701315,15.057475463850658,583,17346,Medium,88249.72666070072,70903.72666070069
969,44,Female,31,89.37,Two-Year,No Internet,2770.4700000000003,No,Yes,1,Expected Range,Expected Range,35-44,25-48 Months,High,1072.44,89.37,1072.44,Established,0.9955757575757574,Critical,88.97460545454545,1067.6952654545455,0.6599599822143176,0.22313258834189068,0.2540983606557377,0.4056049889693232,Top Value,0.7595874501331836,144,High Priority,Personalized Retention Email,2,0.03,32.030857963636365,30.030857963636365,15.015428981818182,584,17348,Medium,88281.75751866435,70933.75751866432
64,33,Female,3,89.36,Month-to-Month,Fiber Optic,268.08,Yes,Yes,1,Expected Range,Expected Range,25-34,0-6 Months,High,1072.32,89.36,1072.32,New,0.9950387596899225,Critical,88.91666356589147,1066.9999627906977,0.6598488216985328,0.02159106010268801,0.02459016393442623,0.2776439406989605,High Value,0.7080808320935377,377,High Priority,Personalized Retention Email,2,0.03,32.00999888372093,30.009998883720932,15.004999441860466,585,17350,Medium,88313.76751754807,70963.76751754804
162,52,Female,19,92.18,Month-to-Month,Fiber Optic,1751.42,Yes,Yes,1,Expected Range,Expected Range,45-54,13-24 Months,High,1106.16,92.18,1106.16,Developing,0.9642011566006838,Critical,88.88006261545104,1066.5607513854125,0.6911960871498446,0.14105869324473977,0.1557377049180328,0.364783403725105,High Value,0.7244340554504523,296,High Priority,Personalized Retention Email,2,0.03,31.996822541562373,29.996822541562373,14.998411270781187,586,17352,Medium,88345.76434008963,70993.7643400896
156,37,Female,67,90.73,One-Year,DSL,6078.91,No,Yes,1,Expected Range,Expected Range,35-44,49-72 Months,High,1088.76,90.73,1088.76,Loyal,0.9773995726495726,Critical,88.67946322649573,1064.1535587179487,0.6750778123610495,0.4895930735930736,0.5491803278688525,0.5786837826692086,Top Value,0.817913256657427,37,Immediate Action,Personalized Retention Email,2,0.03,31.92460676153846,29.92460676153846,14.96230338076923,587,17354,Medium,88377.68894685117,71023.68894685114
713,39,Male,22,91.17,Month-to-Month,Fiber Optic,2005.74,Yes,Yes,1,Expected Range,Expected Range,35-44,13-24 Months,High,1094.04,91.17,1094.04,Developing,0.970429159497445,Critical,88.47402647138206,1061.6883176565848,0.6799688750555803,0.16154152823920265,0.18032786885245902,0.3736090521190678,High Value,0.731701116546094,264,High Priority,Personalized Retention Email,2,0.03,31.85064952969754,29.85064952969754,14.92532476484877,588,17356,Medium,88409.53959638087,71053.53959638084
850,39,Female,9,88.48,Two-Year,DSL,796.32,No,Yes,1,Expected Range,Expected Range,35-44,7-12 Months,High,1061.76,88.48,1061.76,Developing,0.9957777777777777,Critical,88.10641777777776,1057.2770133333331,0.650066696309471,0.06413530655391121,0.07377049180327869,0.300916658768477,High Value,0.7178333301740574,322,High Priority,Personalized Retention Email,2,0.03,31.718310399999993,29.718310399999993,14.859155199999996,589,17358,Medium,88441.25790678087,71083.25790678084
837,60,Female,53,89.57,Month-to-Month,Fiber Optic,4747.21,Yes,Yes,1,Expected Range,Expected Range,55-64,49-72 Months,High,1074.84,89.57,1074.84,Loyal,0.9770070868210877,Critical,87.51052476656481,1050.1262971987778,0.6621831925300133,0.3823384677338166,0.43442622950819676,0.5072982980958903,Top Value,0.7891235713310087,68,High Priority,Personalized Retention Email,2,0.03,31.503788915963334,29.503788915963334,14.751894457981667,590,17360,Medium,88472.76169569683,71112.7616956968
243,50,Male,28,90.66,Month-to-Month,Fiber Optic,2538.48,Yes,Yes,1,Expected Range,Expected Range,45-54,25-48 Months,High,1087.92,90.66,1087.92,Established,0.9633313077823914,Critical,87.3356163635516,1048.0273963626191,0.6742996887505559,0.20444820295983088,0.22950819672131148,0.398653795716491,Top Value,0.7374603029560312,234,High Priority,Personalized Retention Email,2,0.03,31.440821890878574,29.440821890878574,14.720410945439287,591,17362,Medium,88504.2025175877,71142.20251758768
572,61,Male,28,90.82,Month-to-Month,DSL,2542.96,Yes,Yes,1,Expected Range,Expected Range,55-64,25-48 Months,High,1089.84,90.82,1089.84,Established,0.956179710812174,Critical,86.84024133596164,1042.0828960315396,0.6760782570031125,0.20480902043692742,0.22950819672131148,0.39949150913449744,Top Value,0.7335044301411033,255,High Priority,Personalized Retention Email,2,0.03,31.262486880946184,29.262486880946184,14.631243440473092,592,17364,Medium,88535.46500446866,71171.46500446863
632,60,Female,83,89.36,Month-to-Month,Fiber Optic,7416.88,Yes,Yes,1,Expected Range,Expected Range,55-64,73+ Months,High,1072.32,89.36,1072.32,Loyal,0.9717867516007526,Critical,86.83886412304325,1042.066369476519,0.6598488216985328,0.5973526628410349,0.6803278688524591,0.64309492788689,Top Value,0.8403100221152076,20,Immediate Action,Personalized Retention Email,2,0.03,31.261991084295566,29.261991084295566,14.630995542147783,593,17366,Medium,88566.72699555295,71200.72699555292
597,42,Female,29,90.97,One-Year,Fiber Optic,2638.13,No,Yes,1,Expected Range,Expected Range,35-44,25-48 Months,High,1091.6399999999999,90.97,1091.6399999999999,Established,0.954252762923351,Critical,86.80837384313725,1041.700486117647,0.6777456647398845,0.21247397563676634,0.2377049180327869,0.4048903868770187,Top Value,0.7345078125048181,250,High Priority,Personalized Retention Email,2,0.03,31.251014583529408,29.251014583529408,14.625507291764704,594,17368,Medium,88597.97801013647,71229.97801013644
451,44,Male,17,89.72,Month-to-Month,Fiber Optic,1525.24,Yes,Yes,1,Expected Range,Expected Range,35-44,13-24 Months,High,1076.6399999999999,89.72,1076.6399999999999,Developing,0.9632823101995123,Critical,86.42568887110023,1037.1082664532028,0.6638506002667853,0.12284224302828954,0.13934426229508198,0.34337109074038596,High Value,0.7153178224158618,340,High Priority,Personalized Retention Email,2,0.03,31.113247993596083,29.113247993596083,14.556623996798042,595,17370,Medium,88629.09125813007,71259.09125813004
479,75,Female,15,89.28,Month-to-Month,DSL,1339.2,Yes,Yes,1,Expected Range,Expected Range,65+,13-24 Months,High,1071.3600000000001,89.28,1071.3600000000001,Developing,0.9609510810541324,Critical,85.79371251651294,1029.5245501981553,0.6589595375722545,0.10785865297493205,0.12295081967213116,0.3320720484881608,High Value,0.7093994680277438,370,High Priority,Personalized Retention Email,2,0.03,30.88573650594466,28.88573650594466,14.44286825297233,596,17372,Medium,88659.976994636,71287.97699463597
199,45,Female,14,89.31,One-Year,Fiber Optic,1250.34,No,Yes,1,Expected Range,Expected Range,45-54,13-24 Months,High,1071.72,89.31,1071.72,Developing,0.9604980635866441,Critical,85.7820820589232,1029.3849847070783,0.6592930191196088,0.10070190274841437,0.11475409836065574,0.3276513981999524,High Value,0.7073593974319674,379,High Priority,Personalized Retention Email,2,0.03,30.881549541212348,28.881549541212348,14.440774770606174,597,17374,Medium,88690.85854417722,71316.85854417719
441,48,Male,94,89.57,One-Year,Fiber Optic,8419.58,No,Yes,1,Expected Range,Expected Range,45-54,73+ Months,High,1074.84,89.57,1074.84,Loyal,0.9556588689088691,Critical,85.5983648881674,1027.1803786580087,0.6621831925300133,0.6781097352260143,0.7704918032786886,0.6948346351607825,Top Value,0.8513291754096344,15,Immediate Action,Personalized Retention Email,2,0.03,30.81541135974026,28.81541135974026,14.40770567987013,598,17376,Medium,88721.67395553696,71345.67395553693
719,41,Female,19,87.74,Month-to-Month,Fiber Optic,1667.06,Yes,Yes,1,Expected Range,Expected Range,35-44,13-24 Months,High,1052.8799999999999,87.74,1052.8799999999999,Developing,0.9625917583164143,Critical,84.45780087468219,1013.4936104961863,0.6418408181413962,0.13426437128762708,0.1557377049180328,0.3426632834367362,High Value,0.7146203683645431,346,High Priority,Personalized Retention Email,2,0.03,30.40480831488559,28.40480831488559,14.202404157442794,599,17378,Medium,88752.07876385184,71374.07876385181
838,35,Female,15,87.03,Month-to-Month,DSL,1305.45,Yes,Yes,1,Expected Range,Expected Range,35-44,13-24 Months,High,1044.3600000000001,87.03,1044.3600000000001,Developing,0.9633217804622382,Critical,83.83789455362859,1006.054734643543,0.633948421520676,0.10514044095439444,0.12295081967213116,0.3211162278603413,High Value,0.7064395594214794,384,High Priority,Personalized Retention Email,2,0.03,30.18164203930629,28.18164203930629,14.090821019653145,600,17380,Medium,88782.26040589114,71402.26040589111
167,53,Male,19,87.23,Two-Year,DSL,1657.37,No,Yes,1,Expected Range,Expected Range,45-54,13-24 Months,High,1046.76,87.23,1046.76,Developing,0.958783155860742,Critical,83.63465468573253,1003.6158562287903,0.6361716318363718,0.13348394241417497,0.1557377049180328,0.34012245880901815,High Value,0.7113188770400525,359,High Priority,Personalized Retention Email,2,0.03,30.10847568686371,28.10847568686371,14.054237843431855,601,17382,Medium,88812.368881578,71430.36888157798
130,39,Female,46,85.76,Month-to-Month,Fiber Optic,3944.96,Yes,Yes,1,Expected Range,Expected Range,35-44,25-48 Months,High,1029.1200000000001,85.76,1029.1200000000001,Established,0.9737016360512922,Critical,83.50465230775883,1002.055827693106,0.6198310360160073,0.317725561260445,0.3770491803278689,0.4533986559295259,Top Value,0.7655804440025856,121,High Priority,Personalized Retention Email,2,0.03,30.06167483079318,28.06167483079318,14.03083741539659,602,17384,Medium,88842.4305564088,71458.43055640877
566,40,Female,6,85.06,Two-Year,Fiber Optic,510.36,No,Yes,1,Expected Range,Expected Range,35-44,0-6 Months,High,1020.72,85.06,1020.72,New,0.9784203703703703,Critical,83.2244367037037,998.6932404444444,0.6120497999110717,0.041104198127453945,0.04918032786885246,0.2715014712762507,High Value,0.6956528107327224,434,High Priority,Personalized Retention Email,2,0.03,29.960797213333333,27.960797213333333,13.980398606666666,603,17386,Medium,88872.39135362214,71486.39135362211
153,38,Female,1,83.38,Month-to-Month,Fiber Optic,83.38,Yes,Yes,1,Expected Range,Expected Range,35-44,0-6 Months,High,1000.56,83.38,1000.56,New,0.9941869918699187,Critical,82.89531138211382,994.7437365853658,0.5933748332592264,0.006715393133997784,0.00819672131147541,0.24174950122845865,Moderate Value,0.6932119956133347,442,High Priority,Personalized Retention Email,2,0.03,29.842312097560974,27.842312097560974,13.921156048780487,604,17388,Medium,88902.2336657197,71514.23366571967
190,29,Male,79,83.36,One-Year,No Internet,6585.44,No,Yes,1,Expected Range,Expected Range,25-34,73+ Months,High,1000.3199999999999,83.36,1000.3199999999999,Loyal,0.9937777777777778,Critical,82.84131555555555,994.0957866666666,0.5931525122276569,0.5303888049934561,0.6475409836065574,0.5847823325404117,Top Value,0.8301795996828313,25,Immediate Action,Personalized Retention Email,2,0.03,29.822873599999998,27.822873599999998,13.911436799999999,605,17390,Medium,88932.0565393197,71542.05653931967
177,45,Female,48,84.87,Month-to-Month,DSL,4073.76,Yes,Yes,1,Expected Range,Expected Range,45-54,25-48 Months,High,1018.44,84.87,1018.44,Established,0.972934651071616,Critical,82.57296383644805,990.8755660373766,0.6099377501111607,0.32809906372697073,0.39344262295081966,0.45717042808660896,Top Value,0.7666289618776132,119,High Priority,Personalized Retention Email,2,0.03,29.7262669811213,27.7262669811213,13.86313349056065,606,17392,Medium,88961.78280630082,71569.78280630079
979,29,Female,36,84.16,Month-to-Month,Fiber Optic,3029.76,Yes,Yes,1,Expected Range,Expected Range,25-34,25-48 Months,High,1009.92,84.16,1009.92,Established,0.9760626979398004,Critical,82.14543665861359,985.7452399033631,0.6020453534904402,0.24401570522500757,0.29508196721311475,0.3999941300282074,Top Value,0.7456352707751632,200,High Priority,Personalized Retention Email,2,0.03,29.572357197100892,27.572357197100892,13.786178598550446,607,17394,Medium,88991.35516349792,71597.3551634979
405,40,Female,14,85.03,Month-to-Month,DSL,1190.42,Yes,Yes,1,Expected Range,Expected Range,35-44,13-24 Months,High,1020.36,85.03,1020.36,Developing,0.9646291878696457,Critical,82.02241984455597,984.2690381346716,0.6117163183637173,0.09587596899224807,0.11475409836065574,0.3069316410829377,High Value,0.7015501691549624,415,High Priority,Personalized Retention Email,2,0.03,29.528071144040148,27.528071144040148,13.764035572020074,608,17396,Medium,89020.88323464197,71624.88323464194
471,42,Female,15,83.65,Two-Year,DSL,1254.75,No,Yes,1,Expected Range,Expected Range,35-44,13-24 Months,High,1003.8000000000001,83.65,1003.8000000000001,Developing,0.9749427910052911,Critical,81.5539644675926,978.6475736111113,0.5963761671854159,0.1010570824524313,0.12295081967213116,0.30465815065055013,High Value,0.7068289348633947,382,High Priority,Personalized Retention Email,2,0.03,29.359427208333337,27.359427208333337,13.679713604166668,609,17398,Medium,89050.2426618503,71652.24266185026
76,53,Male,37,83.58,Month-to-Month,Fiber Optic,3092.46,Yes,Yes,1,Expected Range,Expected Range,45-54,25-48 Months,High,1002.96,83.58,1002.96,Established,0.9711597896255793,Critical,81.16953521690591,974.034422602871,0.5955980435749223,0.24906553911205073,0.30327868852459017,0.4012318282503342,Top Value,0.7431886050754812,213,High Priority,Personalized Retention Email,2,0.03,29.22103267808613,27.22103267808613,13.610516339043064,610,17400,Medium,89079.46369452839,71679.46369452836
189,36,Male,12,82.49,Month-to-Month,Fiber Optic,989.88,Yes,Yes,1,Expected Range,Expected Range,35-44,7-12 Months,High,989.8799999999999,82.49,989.8799999999999,Developing,0.9731117932012104,Critical,80.27199182116784,963.2639018540142,0.5834815473543797,0.07972455451525219,0.09836065573770492,0.2858863769565164,High Value,0.6982216267033329,428,High Priority,Personalized Retention Email,2,0.03,28.897917055620425,26.897917055620425,13.448958527810213,611,17402,Medium,89108.36161158401,71706.36161158398
881,70,Male,21,82.44,Two-Year,Fiber Optic,1731.24,No,Yes,1,Expected Range,Expected Range,65+,13-24 Months,High,989.28,82.44,989.28,Developing,0.9674992660033229,Critical,79.76063948931395,957.1276738717673,0.5829257447754558,0.13943340380549682,0.1721311475409836,0.3250047761273521,High Value,0.7105014700529346,362,High Priority,Personalized Retention Email,2,0.03,28.71383021615302,26.71383021615302,13.35691510807651,612,17404,Medium,89137.07544180016,71733.07544180013
168,63,Female,16,83.94,Month-to-Month,Fiber Optic,1343.04,Yes,Yes,1,Expected Range,Expected Range,55-64,13-24 Months,High,1007.28,83.94,1007.28,Developing,0.9483507424344803,Critical,79.60456131995026,955.2547358394031,0.5995998221431748,0.10816792509815765,0.13114754098360656,0.3104855878875267,High Value,0.6932046806156988,443,High Priority,Personalized Retention Email,2,0.03,28.657642075182093,26.657642075182093,13.328821037591046,613,17406,Medium,89165.73308387534,71759.73308387531
135,35,Male,18,82.29,One-Year,Fiber Optic,1481.22,No,Yes,1,Expected Range,Expected Range,35-44,13-24 Months,High,987.48,82.29,987.48,Developing,0.967063492063492,Critical,79.57965476190476,954.9558571428572,0.581258337038684,0.11929688915735427,0.14754098360655737,0.3111424919221869,High Value,0.7046950920069699,401,High Priority,Personalized Retention Email,2,0.03,28.648675714285716,26.648675714285716,13.324337857142858,614,17408,Medium,89194.38175958963,71786.3817595896
916,47,Female,22,82.7,Month-to-Month,DSL,1819.4,Yes,Yes,1,Expected Range,Expected Range,45-54,13-24 Months,High,992.4000000000001,82.7,992.4000000000001,Developing,0.9617057199665979,Critical,79.53306304123765,954.3967564948518,0.5858159181858605,0.14653377630121817,0.18032786885245902,0.3306951561928853,High Value,0.7093014944571129,373,High Priority,Personalized Retention Email,2,0.03,28.631902694845554,26.631902694845554,13.315951347422777,615,17410,Medium,89223.01366228447,71813.01366228444
992,24,Male,32,81.93,Month-to-Month,Fiber Optic,2621.76,Yes,Yes,1,Expected Range,Expected Range,Under 25,25-48 Months,High,983.1600000000001,81.93,983.1600000000001,Established,0.9657207918994505,Critical,79.12150448032199,949.4580537638639,0.5772565584704314,0.21115554213228632,0.26229508196721313,0.3703808336262761,High Value,0.7275848085901807,278,High Priority,Personalized Retention Email,2,0.03,28.483741612915914,26.483741612915914,13.241870806457957,616,17412,Medium,89251.49740389739,71839.49740389736
705,29,Male,22,81.48,Month-to-Month,Fiber Optic,1792.5600000000002,Yes,Yes,1,Expected Range,Expected Range,25-34,13-24 Months,High,977.76,81.48,977.76,Developing,0.9698771665705314,Critical,79.0255915321669,948.3070983860027,0.5722543352601157,0.14437209302325582,0.18032786885245902,0.3245139338753006,High Value,0.711731873492439,356,High Priority,Personalized Retention Email,2,0.03,28.44921295158008,26.44921295158008,13.22460647579004,617,17414,Medium,89279.94661684897,71865.94661684895
491,44,Female,64,81.92,Two-Year,DSL,5242.88,No,Yes,1,Expected Range,Expected Range,35-44,49-72 Months,High,983.04,81.92,983.04,Loyal,0.9640100223850224,Critical,78.97170103378104,947.6604124053725,0.5771453979546466,0.4222595389107017,0.5245901639344263,0.5097965387842108,Top Value,0.7823246289446977,79,High Priority,Personalized Retention Email,2,0.03,28.429812372161177,26.429812372161177,13.214906186080588,618,17416,Medium,89308.37642922114,71892.37642922111
120,52,Female,66,80.96,Month-to-Month,Fiber Optic,5343.36,Yes,Yes,1,Expected Range,Expected Range,45-54,49-72 Months,High,971.52,80.96,971.52,Loyal,0.9746181984309156,Critical,78.90508934496692,946.861072139603,0.5664739884393064,0.4303521594684385,0.5409836065573771,0.5124587528290203,Top Value,0.7897544201901574,67,High Priority,Personalized Retention Email,2,0.03,28.40583216418809,26.40583216418809,13.202916082094045,619,17418,Medium,89336.78226138534,71918.7822613853
186,52,Male,41,81.53,Month-to-Month,DSL,3342.73,Yes,Yes,1,Expected Range,Expected Range,45-54,25-48 Months,High,978.36,81.53,978.36,Established,0.960234202296996,Critical,78.28789451327408,939.454734159289,0.5728101378390397,0.2692221886640491,0.33606557377049184,0.40736821461065603,Top Value,0.73908780722246,227,High Priority,Personalized Retention Email,2,0.03,28.18364202477867,26.18364202477867,13.091821012389335,620,17420,Medium,89364.96590341012,71944.96590341009
989,42,Male,12,79.71,Month-to-Month,DSL,956.52,Yes,Yes,1,Expected Range,Expected Range,35-44,7-12 Months,High,956.52,79.71,956.52,Developing,0.9771662235084254,Critical,77.88991967585659,934.6790361102791,0.5525789239662072,0.07703775294472968,0.09836065573770492,0.27258494705156455,High Value,0.695333712925681,435,High Priority,Personalized Retention Email,2,0.03,28.040371083308372,26.040371083308372,13.020185541654186,621,17422,Medium,89393.00627449343,71971.0062744934
302,39,Male,13,79.74,Month-to-Month,Fiber Optic,1036.62,Yes,Yes,1,Expected Range,Expected Range,35-44,13-24 Months,High,956.8799999999999,79.74,956.8799999999999,Developing,0.9617934808146621,Critical,76.69341216016115,920.3209459219338,0.5529124055135616,0.08348897614013892,0.10655737704918034,0.2770254481167683,High Value,0.6878862677355045,471,High Priority,Personalized Retention Email,2,0.03,27.609628377658012,25.609628377658012,12.804814188829006,622,17424,Medium,89420.61590287108,71996.61590287105
807,47,Male,49,79.33,One-Year,Fiber Optic,3887.17,No,Yes,1,Expected Range,Expected Range,45-54,49-72 Months,High,951.96,79.33,951.96,Loyal,0.9637571225071226,Critical,76.45485252849004,917.4582303418804,0.5483548243663852,0.31307117688513036,0.4016393442622951,0.42932667772192346,Top Value,0.749984944593043,184,High Priority,Personalized Retention Email,2,0.03,27.52374691025641,25.52374691025641,12.761873455128205,623,17426,Medium,89448.13964978134,72022.13964978131
545,20,Male,9,77.84,Two-Year,Fiber Optic,700.5600000000001,No,Yes,1,Expected Range,Expected Range,Under 25,7-12 Months,High,934.08,77.84,934.08,Developing,0.9807530864197531,Critical,76.34182024691358,916.101842962963,0.5317919075144509,0.05642283298097252,0.07377049180327869,0.2509073774999404,Moderate Value,0.6888148028518281,466,High Priority,Personalized Retention Email,2,0.03,27.483055288888888,25.483055288888888,12.741527644444444,624,17428,Medium,89475.62270507023,72047.6227050702
912,47,Female,27,78.72,Month-to-Month,Fiber Optic,2125.44,Yes,Yes,1,Expected Range,Expected Range,45-54,25-48 Months,High,944.64,78.72,944.64,Established,0.9667368084417276,Critical,76.1015215605328,913.2182587263936,0.5415740329035127,0.17118212020537601,0.2213114754098361,0.33187122408574565,High Value,0.7127905746993348,352,High Priority,Personalized Retention Email,2,0.03,27.39654776179181,25.39654776179181,12.698273880895904,625,17430,Medium,89503.01925283202,72073.01925283199
182,36,Female,31,78.23,Month-to-Month,Fiber Optic,2425.13,Yes,Yes,1,Expected Range,Expected Range,35-44,25-48 Months,High,938.76,78.23,938.76,Established,0.9716075821096847,Critical,76.00886114844063,912.1063337812875,0.536127167630058,0.1953190375515957,0.2540983606557377,0.3463371203590161,High Value,0.7214993974094173,309,High Priority,Personalized Retention Email,2,0.03,27.363190013438626,25.363190013438626,12.681595006719313,626,17432,Medium,89530.38244284545,72098.38244284542
369,45,Female,18,79.6,Two-Year,Fiber Optic,1432.8,No,Yes,1,Expected Range,Expected Range,45-54,13-24 Months,High,955.1999999999999,79.6,955.1999999999999,Developing,0.9534639040801506,Critical,75.89572676477998,910.7487211773598,0.5513561582925744,0.11539716097855632,0.14754098360655737,0.29781671556116385,High Value,0.6912050286725558,449,High Priority,Personalized Retention Email,2,0.03,27.322461635320792,25.322461635320792,12.661230817660396,627,17434,Medium,89557.70490448078,72123.70490448075
865,38,Female,11,76.3,One-Year,DSL,839.3,No,Yes,1,Expected Range,Expected Range,35-44,7-12 Months,High,915.5999999999999,76.3,915.5999999999999,Developing,0.9933333333333333,Critical,75.79133333333333,909.4959999999999,0.5146731880835927,0.0675968992248062,0.09016393442622951,0.2520691735686767,Moderate Value,0.6968276694274707,431,High Priority,Personalized Retention Email,2,0.03,27.284879999999994,25.284879999999994,12.642439999999997,628,17436,Medium,89584.98978448079,72148.98978448076
396,40,Female,18,77.23,Month-to-Month,DSL,1390.14,Yes,Yes,1,Expected Range,Expected Range,35-44,13-24 Months,High,926.76,77.23,926.76,Developing,0.9554871936671894,Critical,73.79227596691705,885.5073116030046,0.5250111160515786,0.1119613409845968,0.14754098360655737,0.28607616166687966,High Value,0.6877227808670655,472,High Priority,Personalized Retention Email,2,0.03,26.56521934809014,24.56521934809014,12.28260967404507,629,17438,Medium,89611.55500382888,72173.55500382885
816,30,Male,5,75.03,Two-Year,Fiber Optic,375.15,No,Yes,1,Expected Range,Expected Range,25-34,0-6 Months,High,900.36,75.03,900.36,New,0.9824197530864198,Critical,73.71095407407408,884.5314488888889,0.5005558025789241,0.03021443672606463,0.04098360655737705,0.22104327552503653,Moderate Value,0.6778691620618665,506,High Priority,Personalized Retention Email,2,0.03,26.535943466666666,24.535943466666666,12.267971733333333,630,17440,Medium,89638.09094729554,72198.09094729551
610,59,Male,1,73.56,Month-to-Month,Fiber Optic,73.56,Yes,Yes,1,Expected Range,Expected Range,55-64,0-6 Months,Moderate,882.72,73.56,882.72,New,0.9953333333333334,Critical,73.21672000000001,878.6006400000001,0.48421520675855945,0.005924494110540622,0.00819672131147541,0.19780883596998186,Moderate Value,0.6763235343879928,515,High Priority,Personalized Retention Email,2,0.03,26.3580192,24.3580192,12.1790096,631,17442,Medium,89664.44896649553,72222.4489664955
21,59,Female,6,73.56,One-Year,DSL,441.36,No,Yes,1,Expected Range,Expected Range,55-64,0-6 Months,Moderate,882.72,73.56,882.72,New,0.9934285714285713,Critical,73.0766057142857,876.9192685714285,0.48421520675855945,0.03554696466324373,0.04918032786885246,0.21842260230277222,Moderate Value,0.6834261837782516,485,High Priority,Personalized Retention Email,2,0.03,26.30757805714285,24.30757805714285,12.153789028571426,632,17444,Medium,89690.75654455267,72246.75654455264
532,28,Female,2,73.39,Month-to-Month,DSL,146.78,Yes,Yes,1,Expected Range,Expected Range,25-34,0-6 Months,Moderate,880.6800000000001,73.39,880.6800000000001,New,0.9945185185185185,Critical,72.98771407407408,875.852568888889,0.48232547799021797,0.01182160475183731,0.01639344262295082,0.20116611351496796,Moderate Value,0.6771775565170983,511,High Priority,Personalized Retention Email,2,0.03,26.275577066666667,24.275577066666667,12.137788533333334,633,17446,Medium,89717.03212161934,72271.03212161931
285,66,Male,2,73.49,Two-Year,DSL,146.98,No,Yes,1,Expected Range,Expected Range,65+,0-6 Months,Moderate,881.8799999999999,73.49,881.8799999999999,New,0.9914202741702742,Critical,72.85947594877345,874.3137113852814,0.48343708314806577,0.011837712674921976,0.01639344262295082,0.20161639335118672,Moderate Value,0.6754987218426391,519,High Priority,Personalized Retention Email,2,0.03,26.229411341558443,24.229411341558443,12.114705670779221,634,17448,Medium,89743.2615329609,72295.26153296087
348,30,Female,20,71.97,Month-to-Month,Fiber Optic,1439.4,No,Yes,1,Expected Range,Expected Range,25-34,13-24 Months,Moderate,863.64,71.97,863.64,Developing,0.9967543859649122,Critical,71.73641315789473,860.8369578947368,0.4665406847487773,0.11592872244035035,0.1639344262295082,0.2681749333110106,High Value,0.7053226049033515,392,High Priority,Personalized Retention Email,2,0.03,25.8251087368421,23.8251087368421,11.91255436842105,635,17450,Medium,89769.08664169774,72319.08664169771
747,46,Female,2,72.09,Month-to-Month,Fiber Optic,144.18,Yes,Yes,1,Expected Range,Expected Range,45-54,0-6 Months,Moderate,865.08,72.09,865.08,New,0.9941869918699187,Critical,71.67094024390244,860.0512829268292,0.4678746109381948,0.011612201751736636,0.01639344262295082,0.19531247564412346,Moderate Value,0.6746371853796006,524,High Priority,Personalized Retention Email,2,0.03,25.801538487804876,23.801538487804876,11.900769243902438,636,17452,Medium,89794.88818018555,72342.88818018552
516,52,Female,20,71.21,Two-Year,No Internet,1424.1999999999998,No,Yes,1,Expected Range,Expected Range,45-54,13-24 Months,Moderate,854.52,71.21,854.52,Developing,0.9946666666666666,Critical,70.83021333333332,849.9625599999998,0.45809248554913296,0.11470452028591561,0.1639344262295082,0.2643671828771007,Moderate Value,0.7025468731508402,408,High Priority,Personalized Retention Email,2,0.03,25.498876799999994,23.498876799999994,11.749438399999997,637,17454,Medium,89820.38705698555,72366.38705698552
948,38,Female,23,70.88,Two-Year,No Internet,1630.2399999999998,No,Yes,1,Expected Range,Expected Range,35-44,13-24 Months,Moderate,850.56,70.88,850.56,Developing,0.9950833333333332,Critical,70.53150666666666,846.37808,0.45442418852823474,0.13129890264773983,0.18852459016393444,0.27485543887898645,High Value,0.7069921755515944,380,High Priority,Personalized Retention Email,2,0.03,25.3913424,23.3913424,11.6956712,638,17456,Medium,89845.77839938556,72389.77839938553
351,48,Male,62,73.85,One-Year,DSL,4578.7,No,Yes,1,Expected Range,Expected Range,45-54,49-72 Months,Moderate,886.1999999999999,73.85,886.1999999999999,Loyal,0.9548405153450388,Critical,70.51497205823111,846.1796646987733,0.48743886171631834,0.3687667371388301,0.5081967213114754,0.4510930830129867,Top Value,0.753341542412218,166,High Priority,Personalized Retention Email,2,0.03,25.385389940963197,23.385389940963197,11.692694970481599,639,17458,Medium,89871.16378932651,72413.16378932649
547,50,Male,50,72.8,Month-to-Month,DSL,3640.0,Yes,Yes,1,Expected Range,Expected Range,45-54,49-72 Months,Moderate,873.5999999999999,72.8,873.5999999999999,Loyal,0.9612576149954088,Critical,69.97955437166576,839.7546524599891,0.4757670075589151,0.2931642001409443,0.4098360655737705,0.3953732894663392,Top Value,0.734903884783781,248,High Priority,Personalized Retention Email,2,0.03,25.19263957379967,23.19263957379967,11.596319786899835,640,17460,Medium,89896.35642890031,72436.35642890028
440,44,Female,30,72.39,Month-to-Month,Fiber Optic,2171.7,Yes,Yes,1,Expected Range,Expected Range,35-44,25-48 Months,Moderate,868.6800000000001,72.39,868.6800000000001,Established,0.964610753055034,Critical,69.8281724136539,837.9380689638468,0.4712094264117386,0.17490788281485953,0.24590163934426232,0.31117693938596186,High Value,0.703237227587405,407,High Priority,Personalized Retention Email,2,0.03,25.138142068915403,23.138142068915403,11.569071034457702,641,17462,Medium,89921.49457096923,72459.4945709692
437,61,Female,1,70.2,One-Year,Fiber Optic,70.2,No,Yes,1,Expected Range,Expected Range,55-64,0-6 Months,Moderate,842.4000000000001,70.2,842.4000000000001,New,0.98924652254064,Critical,69.44510588235293,833.3412705882351,0.4468652734548689,0.005653881002718212,0.00819672131147541,0.1827741480607678,Moderate Value,0.6666575727486911,549,High Priority,Personalized Retention Email,2,0.03,25.000238117647054,23.000238117647054,11.500119058823527,642,17464,Medium,89946.49480908687,72482.49480908684
423,42,Female,37,69.85,Month-to-Month,DSL,2584.45,Yes,Yes,1,Expected Range,Expected Range,35-44,25-48 Months,Moderate,838.1999999999999,69.85,838.1999999999999,Established,0.977535576997542,Critical,68.2808600532783,819.3703206393396,0.4429746554024011,0.20815060908084163,0.30327868852459017,0.32586224747040254,High Value,0.7168662451866862,330,High Priority,Personalized Retention Email,2,0.03,24.58110961918019,22.58110961918019,11.290554809590095,643,17466,Medium,89971.07591870605,72505.07591870602
750,30,Female,24,68.47,One-Year,No Internet,1643.28,No,Yes,1,Expected Range,Expected Range,25-34,13-24 Months,Moderate,821.64,68.47,821.64,Developing,0.9968627450980392,Critical,68.25519215686275,819.062305882353,0.42763450422409965,0.13234913923286015,0.19672131147540983,0.26655632828999337,Moderate Value,0.7047401783748208,399,High Priority,Personalized Retention Email,2,0.03,24.57186917647059,22.57186917647059,11.285934588235294,644,17468,Medium,89995.64778788252,72527.6477878825
806,41,Female,27,68.38,One-Year,No Internet,1846.26,No,Yes,1,Expected Range,Expected Range,35-44,25-48 Months,Moderate,820.56,68.38,820.56,Established,0.9968627450980392,Critical,68.16547450980391,817.985694117647,0.4266340595820365,0.14869707037148897,0.2213114754098361,0.27802546731529476,High Value,0.7093278339849415,372,High Priority,Personalized Retention Email,2,0.03,24.53957082352941,22.53957082352941,11.269785411764705,645,17470,Medium,90020.18735870605,72550.18735870603
86,39,Male,38,68.91,Month-to-Month,Fiber Optic,2618.58,Yes,Yes,1,Expected Range,Expected Range,35-44,25-48 Months,Moderate,826.92,68.91,826.92,Established,0.969533846774765,Critical,66.81057738124905,801.7269285749885,0.43252556691863053,0.2108994261552401,0.3114754098360656,0.32469387838080266,High Value,0.71159785941718,357,High Priority,Personalized Retention Email,2,0.03,24.051807857249653,22.051807857249653,11.025903928624826,646,17472,Medium,90044.2391665633,72572.23916656327
749,38,Female,26,67.01,One-Year,No Internet,1742.2600000000002,No,Yes,1,Expected Range,Expected Range,35-44,25-48 Months,Moderate,804.1200000000001,67.01,804.1200000000001,Established,0.9968627450980392,Critical,66.79977254901961,801.5972705882352,0.4114050689195199,0.140320950367462,0.21311475409836067,0.26695304872100983,Moderate Value,0.7048988665472274,397,High Priority,Personalized Retention Email,2,0.03,24.047918117647058,22.047918117647058,11.023959058823529,647,17474,Medium,90068.28708468095,72594.28708468092
684,49,Female,70,68.35,Month-to-Month,Fiber Optic,4784.5,Yes,Yes,1,Expected Range,Expected Range,45-54,49-72 Months,Moderate,820.1999999999999,68.35,820.1999999999999,Loyal,0.9674050019742828,Critical,66.12213188494222,793.4655826193066,0.42630057803468213,0.38534178999295277,0.5737704918032788,0.44883248066222603,Top Value,0.7599759934494601,141,High Priority,Personalized Retention Email,2,0.03,23.803967478579196,21.803967478579196,10.901983739289598,648,17476,Medium,90092.09105215954,72616.0910521595
563,53,Female,0,66.29,Two-Year,DSL,0.0,No,Yes,1,Expected Range,Expected Range,45-54,0-6 Months,Moderate,795.48,66.29,795.48,New,0.995222222222222,Critical,65.9732811111111,791.6793733333333,0.40340151178301475,0.0,0.0,0.1613606047132059,Moderate Value,0.6616775752186156,575,High Priority,Personalized Retention Email,2,0.03,23.750381199999996,21.750381199999996,10.875190599999998,649,17478,Medium,90115.84143335954,72637.84143335951
598,35,Male,21,68.56,Month-to-Month,DSL,1439.76,Yes,Yes,1,Expected Range,Expected Range,35-44,13-24 Months,Moderate,822.72,68.56,822.72,Developing,0.9570272800004678,Critical,65.61379031683207,787.3654838019847,0.4286349488661628,0.11595771670190275,0.1721311475409836,0.255071967277377,Moderate Value,0.6762451549112315,517,High Priority,Personalized Retention Email,2,0.03,23.62096451405954,21.62096451405954,10.81048225702977,650,17480,Medium,90139.4623978736,72659.46239787358
999,39,Male,68,65.67,One-Year,No Internet,4465.56,No,Yes,1,Expected Range,Expected Range,35-44,49-72 Months,Moderate,788.04,65.67,788.04,Loyal,0.9957777777777779,Critical,65.39272666666668,784.7127200000001,0.39650955980435754,0.35965448504983394,0.5573770491803279,0.4238271559842669,Top Value,0.7669975290603734,117,High Priority,Personalized Retention Email,2,0.03,23.5413816,21.5413816,10.7706908,651,17482,Medium,90163.0037794736,72681.00377947357
548,42,Female,60,66.7,Month-to-Month,DSL,4002.0,Yes,Yes,1,Expected Range,Expected Range,35-44,49-72 Months,Moderate,800.4000000000001,66.7,800.4000000000001,Loyal,0.9743623131086531,Critical,64.98996628434716,779.8795954121659,0.4079590929301913,0.32231954092419207,0.49180327868852464,0.3989462961676749,Top Value,0.7441959063322617,207,High Priority,Personalized Retention Email,2,0.03,23.39638786236498,21.39638786236498,10.69819393118249,652,17484,Medium,90186.40016733596,72702.40016733593
115,43,Male,23,67.01,Month-to-Month,Fiber Optic,1541.23,Yes,Yes,1,Expected Range,Expected Range,35-44,13-24 Months,Moderate,804.1200000000001,67.01,804.1200000000001,Developing,0.9695760253169436,Critical,64.97128945648839,779.6554734778607,0.4114050689195199,0.12413007147890869,0.18852459016393444,0.2551387001264096,Moderate Value,0.6838010952407301,483,High Priority,Personalized Retention Email,2,0.03,23.38966420433582,21.38966420433582,10.69483210216791,653,17486,Medium,90209.7898315403,72723.78983154027
981,52,Female,37,66.13,Month-to-Month,DSL,2446.81,Yes,Yes,1,Expected Range,Expected Range,45-54,25-48 Months,Moderate,793.56,66.13,793.56,Established,0.9758687498135129,Critical,64.5342004251676,774.4104051020112,0.401622943530458,0.1970651364139736,0.30327868852459017,0.30544164728822154,High Value,0.7076979088033963,378,High Priority,Personalized Retention Email,2,0.03,23.232312153060334,21.232312153060334,10.616156076530167,654,17488,Medium,90233.02214369336,72745.02214369334
575,53,Female,44,65.57,Month-to-Month,DSL,2885.08,Yes,Yes,1,Expected Range,Expected Range,45-54,25-48 Months,Moderate,786.8399999999999,65.57,786.8399999999999,Established,0.9755965275912907,Critical,63.96986431416092,767.638371769931,0.3953979546465095,0.23236323366555925,0.36065573770491804,0.32965024806777904,High Value,0.717218015781886,327,High Priority,Personalized Retention Email,2,0.03,23.02915115309793,21.02915115309793,10.514575576548966,655,17490,Medium,90256.05129484646,72766.05129484643
984,44,Male,31,65.26,Month-to-Month,DSL,2023.06,Yes,Yes,1,Expected Range,Expected Range,35-44,25-48 Months,Moderate,783.1200000000001,65.26,783.1200000000001,Established,0.9660621405103283,Critical,63.04521528970403,756.5425834764484,0.3919519786571811,0.16293647437833483,0.2540983606557377,0.27733314765922407,High Value,0.6905705433698867,452,High Priority,Personalized Retention Email,2,0.03,22.69627750429345,20.69627750429345,10.348138752146726,656,17492,Medium,90278.74757235075,72786.74757235072
606,63,Male,29,64.11,Month-to-Month,Fiber Optic,1859.19,Yes,Yes,1,Expected Range,Expected Range,55-64,25-48 Months,Moderate,769.3199999999999,64.11,769.3199999999999,Established,0.9701887834387837,Critical,62.19880290626042,746.385634875125,0.37916851934192974,0.14973844759891272,0.2377049180327869,0.26350209390458806,Moderate Value,0.6875141076251055,474,High Priority,Personalized Retention Email,2,0.03,22.39156904625375,20.39156904625375,10.195784523126875,657,17494,Medium,90301.13914139701,72807.13914139698
858,49,Female,11,62.09,One-Year,DSL,682.99,No,Yes,1,Expected Range,Expected Range,45-54,7-12 Months,Moderate,745.08,62.09,745.08,Developing,0.9934246575342466,Critical,61.681736986301374,740.1808438356165,0.3567140951534016,0.055007751937984496,0.09016393442622951,0.1844793348462126,Moderate Value,0.6698465284590329,538,High Priority,Personalized Retention Email,2,0.03,22.205425315068496,20.205425315068496,10.102712657534248,658,17496,Medium,90323.34456671208,72827.34456671205
868,48,Female,13,64.2,Month-to-Month,Fiber Optic,834.6,Yes,Yes,1,Expected Range,Expected Range,45-54,13-24 Months,Moderate,770.4000000000001,64.2,770.4000000000001,Developing,0.95180497346384,Critical,61.105879296378525,733.2705515565423,0.380168963983993,0.06721836303231653,0.10655737704918034,0.2022333569172031,Moderate Value,0.6519763268451851,616,High Priority,Personalized Retention Email,2,0.03,21.998116546696266,19.998116546696266,9.999058273348133,659,17498,Medium,90345.34268325879,72847.34268325876
85,36,Male,34,63.15,Month-to-Month,DSL,2147.1,Yes,Yes,1,Expected Range,Expected Range,35-44,25-48 Months,Moderate,757.8,63.15,757.8,Established,0.9663654044885925,Critical,61.025975293454614,732.3117035214553,0.3684971098265897,0.17292660827544548,0.27868852459016397,0.27759528797458277,High Value,0.6908573578829886,450,High Priority,Personalized Retention Email,2,0.03,21.96935110564366,19.96935110564366,9.98467555282183,660,17500,Medium,90367.31203436443,72867.3120343644
734,27,Female,20,62.44,Month-to-Month,DSL,1248.8,Yes,Yes,1,Expected Range,Expected Range,25-34,13-24 Months,Moderate,749.28,62.44,749.28,Developing,0.9688174289002558,Critical,60.49296026053197,725.9155231263837,0.3606047132058693,0.10057787174066243,0.1639344262295082,0.22042774694895662,Moderate Value,0.6694615561197361,540,High Priority,Personalized Retention Email,2,0.03,21.777465693791513,19.777465693791513,9.888732846895756,661,17502,Medium,90389.08950005822,72887.0895000582
845,46,Female,9,60.85,One-Year,Fiber Optic,547.65,No,Yes,1,Expected Range,Expected Range,45-54,7-12 Months,Moderate,730.2,60.85,730.2,Developing,0.9939475333512401,Critical,60.48170740442296,725.7804888530756,0.34293019119608725,0.04410752038659015,0.07377049180327869,0.17105233156456112,Moderate Value,0.6647894526365685,559,High Priority,Personalized Retention Email,2,0.03,21.773414665592266,19.773414665592266,9.886707332796133,662,17504,Medium,90410.86291472381,72906.86291472378
477,50,Female,32,60.96,Month-to-Month,DSL,1950.72,Yes,Yes,1,Expected Range,Expected Range,45-54,25-48 Months,Moderate,731.52,60.96,731.52,Established,0.9726933958881591,Critical,59.29538941334218,711.5446729601061,0.3441529568697199,0.1571102385986107,0.26229508196721313,0.258223536749205,Moderate Value,0.6869054522325774,477,High Priority,Personalized Retention Email,2,0.03,21.346340188803183,19.346340188803183,9.673170094401591,663,17506,Medium,90432.20925491261,72926.20925491258
486,30,Female,37,59.41,Month-to-Month,Fiber Optic,2198.17,Yes,Yes,1,Expected Range,Expected Range,25-34,25-48 Months,Moderate,712.92,59.41,712.92,Established,0.9709826951846857,Critical,57.68608192092218,692.2329830510662,0.326923076923077,0.17703976643511526,0.30327868852459017,0.26855282115266865,High Value,0.6900107455718788,457,High Priority,Personalized Retention Email,2,0.03,20.766989491531984,18.766989491531984,9.383494745765992,664,17508,Medium,90452.97624440414,72944.97624440411
982,49,Female,13,60.43,Month-to-Month,Fiber Optic,785.59,Yes,Yes,1,Expected Range,Expected Range,45-54,13-24 Months,Moderate,725.16,60.43,725.16,Developing,0.9525470369559035,Critical,57.562417443245245,690.749009318943,0.33826144953312587,0.0632711164804188,0.10655737704918034,0.18408881484369202,Moderate Value,0.6451637481110188,645,High Priority,Personalized Retention Email,2,0.03,20.722470279568288,18.722470279568288,9.361235139784144,665,17510,Medium,90473.6987146837,72963.69871468368
639,32,Female,24,57.65,Month-to-Month,Fiber Optic,1383.6,No,Yes,1,Expected Range,Expected Range,25-34,13-24 Months,Moderate,691.8,57.65,691.8,Developing,0.9967543859649122,Critical,57.46289035087719,689.5546842105263,0.30735882614495336,0.11143461189972817,0.19672131147540983,0.21112597249173864,Moderate Value,0.6825030205756427,490,High Priority,Personalized Retention Email,2,0.03,20.686640526315788,18.686640526315788,9.343320263157894,666,17512,Medium,90494.38535521002,72982.38535520999
873,31,Female,28,58.34,Month-to-Month,DSL,1633.52,Yes,Yes,1,Expected Range,Expected Range,25-34,25-48 Months,Moderate,700.08,58.34,700.08,Established,0.9680498876559704,Critical,56.47603044584932,677.7123653501918,0.31502890173410414,0.1315630725863284,0.22950819672131148,0.22943568527918448,Moderate Value,0.6726042067052561,528,High Priority,Personalized Retention Email,2,0.03,20.331370960505755,18.331370960505755,9.165685480252877,667,17514,Medium,90514.71672617052,73000.71672617049
765,56,Male,7,56.47,Two-Year,Fiber Optic,395.29,No,Yes,1,Expected Range,Expected Range,55-64,7-12 Months,Moderate,677.64,56.47,677.64,Developing,0.9900363654233623,Critical,55.90735355545726,670.8882426654872,0.29424188528234774,0.03183650458069063,0.05737704918032787,0.14318379301126277,Low Value,0.6512953364585224,619,High Priority,Personalized Retention Email,2,0.03,20.126647279964615,18.126647279964615,9.063323639982308,668,17516,Medium,90534.84337345048,73018.84337345045
540,39,Female,50,57.3,Month-to-Month,Fiber Optic,2865.0,Yes,Yes,1,Expected Range,Expected Range,35-44,49-72 Months,Moderate,687.5999999999999,57.3,687.5999999999999,Loyal,0.9675337212082652,Critical,55.43968222523359,665.2761867028031,0.30346820809248554,0.23074599818785865,0.4098360655737705,0.3046073989961874,High Value,0.7023631923234341,409,High Priority,Personalized Retention Email,2,0.03,19.958285601084093,17.958285601084093,8.979142800542046,669,17518,Medium,90554.80165905156,73036.80165905153
505,38,Female,31,56.67,Month-to-Month,DSL,1756.77,Yes,Yes,1,Expected Range,Expected Range,35-44,25-48 Months,Moderate,680.04,56.67,680.04,Established,0.9770721098781926,Critical,55.37067646679718,664.4481176015661,0.2964650955980437,0.1414895801872546,0.2540983606557377,0.23163198146869102,Moderate Value,0.6788960585143919,503,High Priority,Personalized Retention Email,2,0.03,19.933443528046983,17.933443528046983,8.966721764023491,670,17520,Medium,90574.73510257961,73054.73510257958
833,34,Female,60,56.62,Month-to-Month,DSL,3397.2,Yes,Yes,1,Expected Range,Expected Range,25-34,49-72 Months,Moderate,679.4399999999999,56.62,679.4399999999999,Loyal,0.9648739557144133,Critical,54.63116337255008,655.5739604706009,0.2959092930191196,0.27360918151615826,0.49180327868852464,0.3370777504104344,High Value,0.7137554735928217,348,High Priority,Personalized Retention Email,2,0.03,19.667218814118026,17.667218814118026,8.833609407059013,671,17522,Medium,90594.40232139373,73072.4023213937
380,36,Male,6,55.29,Two-Year,DSL,331.74,No,Yes,1,Expected Range,Expected Range,35-44,0-6 Months,Moderate,663.48,55.29,663.48,New,0.986621276871277,Critical,54.5502903982129,654.6034847785548,0.2811249444197421,0.0267182120205376,0.04918032786885246,0.13409643394229814,Low Value,0.6456113396996854,643,High Priority,Personalized Retention Email,2,0.03,19.638104543356643,17.638104543356643,8.819052271678322,672,17524,Medium,90614.04042593708,73090.04042593706
235,66,Male,22,55.05,Month-to-Month,Fiber Optic,1211.1,Yes,Yes,1,Expected Range,Expected Range,65+,13-24 Months,Moderate,660.5999999999999,55.05,660.5999999999999,Developing,0.9731938339438341,Critical,53.574320558608065,642.8918467032968,0.2784570920409071,0.09754152823920265,0.18032786885245902,0.1906043389131985,Moderate Value,0.6601580359315797,583,High Priority,Personalized Retention Email,2,0.03,19.2867554010989,17.2867554010989,8.64337770054945,673,17526,Medium,90633.32718133819,73107.32718133816
227,45,Male,7,54.17,Two-Year,Fiber Optic,379.19,No,Yes,1,Expected Range,Expected Range,45-54,7-12 Months,Moderate,650.04,54.17,650.04,Developing,0.9829091478696743,Critical,53.24418854010026,638.9302624812032,0.2686749666518453,0.03053981677237491,0.05737704918032787,0.1325031848261513,Low Value,0.642746762652265,655,High Priority,Personalized Retention Email,2,0.03,19.167907874436093,17.167907874436093,8.583953937218046,674,17528,Medium,90652.49508921262,73124.49508921259
72,60,Female,16,54.26,Month-to-Month,Fiber Optic,868.16,Yes,Yes,1,Expected Range,Expected Range,55-64,13-24 Months,Moderate,651.12,54.26,651.12,Developing,0.955089004172742,Critical,51.82312936641298,621.8775523969557,0.2696754112939085,0.06992127252592369,0.13114754098360656,0.16512949514753833,Moderate Value,0.6391052005626605,675,High Priority,Personalized Retention Email,2,0.03,18.65632657190867,16.65632657190867,8.328163285954336,675,17530,Medium,90671.15141578452,73141.1514157845
329,51,Male,9,52.47,Two-Year,DSL,472.23,No,Yes,1,Expected Range,Expected Range,45-54,7-12 Months,Moderate,629.64,52.47,629.64,Developing,0.9861485495985496,Critical,51.74321439743589,620.9185727692307,0.2497776789684304,0.038033222591362124,0.07377049180327869,0.13166532244516857,Low Value,0.6443552587371971,649,High Priority,Personalized Retention Email,2,0.03,18.62755718307692,16.62755718307692,8.31377859153846,676,17532,Medium,90689.7789729676,73157.77897296757
871,43,Female,52,51.63,Month-to-Month,Fiber Optic,2684.76,No,Yes,1,Expected Range,Expected Range,35-44,49-72 Months,Moderate,619.5600000000001,51.63,619.5600000000001,Loyal,0.9967543859649122,Critical,51.462428947368416,617.549147368421,0.24044019564250785,0.21622953790395652,0.42622950819672134,0.27841379357256824,High Value,0.7094181490079746,369,High Priority,Personalized Retention Email,2,0.03,18.52647442105263,16.52647442105263,8.263237210526315,677,17534,Medium,90708.30544738866,73174.30544738863
54,51,Male,0,51.74,One-Year,Fiber Optic,0.0,No,Yes,1,Expected Range,Expected Range,45-54,0-6 Months,Moderate,620.88,51.74,620.88,New,0.9937240829346092,Critical,51.415284051036686,616.9834086124403,0.24166296131614062,0.0,0.0,0.09666518452645625,Low Value,0.6349005235713481,686,High Priority,Personalized Retention Email,2,0.03,18.509502258373207,16.509502258373207,8.254751129186603,678,17536,Medium,90726.81494964703,73190.814949647
241,37,Male,26,53.08,Month-to-Month,DSL,1380.08,Yes,Yes,1,Expected Range,Expected Range,35-44,25-48 Months,Moderate,636.96,53.08,636.96,Established,0.9554321751053632,Critical,50.71433985459267,608.572078255112,0.25655847043130287,0.11115111245343803,0.21311475409836067,0.19480496605581463,Moderate Value,0.6511812914855437,620,High Priority,Personalized Retention Email,2,0.03,18.25716234765336,16.25716234765336,8.12858117382668,679,17538,Medium,90745.07211199468,73207.07211199465
568,34,Female,17,52.98,Month-to-Month,Fiber Optic,900.66,Yes,Yes,1,Expected Range,Expected Range,25-34,13-24 Months,Moderate,635.76,52.98,635.76,Developing,0.9563015423891712,Critical,50.66485571577829,607.9782685893395,0.25544686527345484,0.07253881002718211,0.13934426229508198,0.16240339519266617,Moderate Value,0.6387422835105692,677,High Priority,Personalized Retention Email,2,0.03,18.239348057680182,16.239348057680182,8.119674028840091,680,17540,Medium,90763.31146005237,73223.31146005234
439,27,Male,57,52.2,Month-to-Month,Fiber Optic,2975.4,Yes,Yes,1,Expected Range,Expected Range,25-34,49-72 Months,Moderate,626.4000000000001,52.2,626.4000000000001,Loyal,0.9679357816791462,Critical,50.52624780365144,606.3149736438172,0.2467763450422411,0.239637571730595,0.4672131147540984,0.29938696681112925,High Value,0.7005162557319394,419,High Priority,Personalized Retention Email,2,0.03,18.189449209314514,16.189449209314514,8.094724604657257,681,17542,Medium,90781.50090926168,73239.50090926165
225,40,Male,23,50.64,Two-Year,No Internet,1164.72,No,Yes,1,Expected Range,Expected Range,35-44,13-24 Months,Moderate,607.6800000000001,50.64,607.6800000000001,Developing,0.9966666666666667,Critical,50.4712,605.6544,0.22943530457981332,0.09380610087586831,0.18852459016393444,0.17173740467946286,Moderate Value,0.6666949618717851,548,High Priority,Personalized Retention Email,2,0.03,18.169632,16.169632,8.084816,682,17544,Medium,90799.67054126169,73255.67054126166
103,41,Female,20,52.41,Month-to-Month,Fiber Optic,1048.1999999999998,Yes,Yes,1,Expected Range,Expected Range,35-44,13-24 Months,Moderate,628.92,52.41,628.92,Developing,0.9589384963736787,Critical,50.2579665949445,603.095599139334,0.2491107158737217,0.08442162488674115,0.1639344262295082,0.17017546161722513,Moderate Value,0.6434332824710972,653,High Priority,Personalized Retention Email,2,0.03,18.09286797418002,16.09286797418002,8.04643398709001,683,17546,Medium,90817.76340923586,73271.76340923583
345,40,Female,7,51.43,Two-Year,Fiber Optic,360.01,No,Yes,1,Expected Range,Expected Range,35-44,7-12 Months,Moderate,617.16,51.43,617.16,Developing,0.9761405723905724,Critical,50.20290963804714,602.4349156565656,0.2382169853268119,0.02899506694855532,0.05737704918032787,0.1197793298578011,Low Value,0.6335960753774639,691,High Priority,Personalized Retention Email,2,0.03,18.07304746969697,16.07304746969697,8.036523734848485,684,17548,Medium,90835.83645670555,73287.83645670553
113,45,Female,88,51.73,Month-to-Month,Fiber Optic,4552.24,Yes,Yes,1,Expected Range,Expected Range,45-54,73+ Months,Moderate,620.76,51.73,620.76,Loyal,0.9626921791192581,Critical,49.80006642583922,597.6007971100706,0.24155180080035576,0.36663565891472866,0.7213114754098361,0.4052710697927564,Top Value,0.7397237353886574,226,High Priority,Personalized Retention Email,2,0.03,17.92802391330212,15.92802391330212,7.96401195665106,685,17550,Medium,90853.76448061886,73303.76448061883
398,58,Male,12,51.1,One-Year,Fiber Optic,613.2,No,Yes,1,Expected Range,Expected Range,55-64,7-12 Months,Moderate,613.2,51.1,613.2,Developing,0.9685055052160315,Critical,49.490631316539215,593.8875757984706,0.2345486883059138,0.049386892177589854,0.09836065573770492,0.1356950515189482,Low Value,0.6353813237371981,683,High Priority,Personalized Retention Email,2,0.03,17.81662727395412,15.816627273954118,7.908313636977059,686,17552,Medium,90871.58110789281,73319.58110789278
724,52,Female,30,50.7,Two-Year,DSL,1521.0,No,Yes,1,Expected Range,Expected Range,45-54,25-48 Months,Moderate,608.4000000000001,50.7,608.4000000000001,Established,0.9696386183261184,Critical,49.160677949134204,589.9281353896105,0.23010226767452213,0.12250075505889459,0.24590163934426232,0.19639158117648756,Moderate Value,0.660339803466266,580,High Priority,Personalized Retention Email,2,0.03,17.697844061688315,15.697844061688315,7.848922030844157,687,17554,Medium,90889.2789519545,73335.27895195447
450,34,Female,30,49.12,Month-to-Month,Fiber Optic,1473.6,No,Yes,1,Expected Range,Expected Range,25-34,25-48 Months,Low,589.4399999999999,49.12,589.4399999999999,Established,0.9944395711500973,Critical,48.84687173489278,586.1624608187134,0.21253890618052473,0.11868317728782844,0.24590163934426232,0.18803008435901544,Moderate Value,0.6718757764336646,530,High Priority,Personalized Retention Email,2,0.03,17.584873824561402,15.584873824561402,7.792436912280701,688,17556,Medium,90906.86382577906,73350.86382577903
688,41,Female,33,50.35,Two-Year,DSL,1661.55,No,Yes,1,Expected Range,Expected Range,35-44,25-48 Months,Moderate,604.2,50.35,604.2,Established,0.9695565476190476,Critical,48.81717217261905,585.8060660714286,0.2262116496220543,0.1338205980066445,0.27049180327868855,0.20494481997081943,Moderate Value,0.6637118565597564,563,High Priority,Personalized Retention Email,2,0.03,17.574181982142857,15.574181982142857,7.7870909910714285,689,17558,Medium,90924.4380077612,73366.43800776117
789,44,Female,24,49.68,Month-to-Month,DSL,1192.32,Yes,Yes,1,Expected Range,Expected Range,35-44,13-24 Months,Low,596.16,49.68,596.16,Developing,0.967780719966598,Critical,48.079346167940585,576.9521540152871,0.21876389506447314,0.0960289942615524,0.19672131147540983,0.17029603388618506,Moderate Value,0.6487868455344328,628,High Priority,Personalized Retention Email,2,0.03,17.30856462045861,15.308564620458611,7.654282310229306,690,17560,Medium,90941.74657238166,73381.74657238163
75,18,Female,21,49.68,Month-to-Month,Fiber Optic,1043.28,Yes,Yes,1,Expected Range,Expected Range,Under 25,13-24 Months,Low,596.16,49.68,596.16,Developing,0.9611866428155338,Critical,47.75175241507572,573.0210289809087,0.21876389506447314,0.08402536997885834,0.1721311475409836,0.15994722440363557,Moderate Value,0.6406908754507745,665,High Priority,Personalized Retention Email,2,0.03,17.19063086942726,15.19063086942726,7.59531543471363,691,17562,Medium,90958.93720325109,73396.93720325106
281,46,Male,77,47.56,Month-to-Month,Fiber Optic,3662.12,No,Yes,1,Expected Range,Expected Range,45-54,73+ Months,Low,570.72,47.56,570.72,Loyal,0.9949874686716792,Critical,47.32160401002506,567.8592481203008,0.19519786571809705,0.2949457364341085,0.6311475409836066,0.33909703928507845,High Value,0.7326312969170389,259,High Priority,Personalized Retention Email,2,0.03,17.03577744360902,15.035777443609021,7.5178887218045105,692,17564,Medium,90975.9729806947,73411.97298069467
224,28,Female,25,48.97,Month-to-Month,Fiber Optic,1224.25,Yes,Yes,1,Expected Range,Expected Range,25-34,25-48 Months,Low,587.64,48.97,587.64,Established,0.9661727539266447,Critical,47.31347975978779,567.7617571174535,0.21087149844375286,0.09860062418201952,0.20491803278688525,0.17008832603792928,Moderate Value,0.6477389827711585,634,High Priority,Personalized Retention Email,2,0.03,17.032852713523603,15.032852713523603,7.5164263567618015,693,17566,Medium,90993.00583340823,73427.0058334082
245,32,Female,21,48.95,Month-to-Month,DSL,1027.95,Yes,Yes,1,Expected Range,Expected Range,25-34,13-24 Months,Low,587.4000000000001,48.95,587.4000000000001,Developing,0.9561268107328935,Critical,46.80240738537514,561.6288886245017,0.21064917741218325,0.0827906976744186,0.1721311475409836,0.1562692020361657,Low Value,0.6361837672542023,681,High Priority,Personalized Retention Email,2,0.03,16.848866658735048,14.848866658735048,7.424433329367524,694,17568,Medium,91009.85470006696,73441.85470006694
203,55,Male,78,47.7,Month-to-Month,Fiber Optic,3720.6,Yes,Yes,1,Expected Range,Expected Range,55-64,73+ Months,Low,572.4000000000001,47.7,572.4000000000001,Loyal,0.9646274420024419,Critical,46.01272898351648,552.1527478021978,0.19675411293908407,0.2996556931440652,0.639344262295082,0.34341720334982695,High Value,0.7161433465413959,333,High Priority,Personalized Retention Email,2,0.03,16.564582434065933,14.564582434065933,7.282291217032967,695,17570,Medium,91026.41928250103,73456.419282501
294,53,Female,25,47.68,One-Year,Fiber Optic,1192.0,No,Yes,1,Expected Range,Expected Range,45-54,25-48 Months,Low,572.16,47.68,572.16,Established,0.9600506390590425,Critical,45.77521447033515,549.3025736440218,0.19653179190751446,0.09600322158461694,0.20491803278688525,0.16344335251434303,Moderate Value,0.6414077244411627,661,High Priority,Personalized Retention Email,2,0.03,16.479077209320653,14.479077209320653,7.239538604660327,696,17572,Medium,91042.89835971035,73470.89835971032
324,65,Female,7,45.76,Two-Year,DSL,320.32,No,Yes,1,Expected Range,Expected Range,65+,7-12 Months,Low,549.12,45.76,549.12,Developing,0.9943247863247863,Critical,45.50030222222222,546.0036266666666,0.17518897287683421,0.025798449612403098,0.05737704918032787,0.09344930881015674,Low Value,0.6339745953189344,688,High Priority,Personalized Retention Email,2,0.03,16.3801088,14.380108799999999,7.190054399999999,697,17574,Medium,91059.27846851035,73485.27846851033
428,51,Male,12,46.72,Month-to-Month,DSL,560.64,Yes,Yes,1,Expected Range,Expected Range,45-54,7-12 Months,Low,560.64,46.72,560.64,Developing,0.9701713549213548,Critical,45.326405701925694,543.9168684231083,0.18586038239217428,0.04515372999093929,0.09836065573770492,0.1147381223881247,Low Value,0.6279980619080627,709,High Priority,Personalized Retention Email,2,0.03,16.31750605269325,14.31750605269325,7.158753026346625,698,17576,Medium,91075.59597456305,73499.59597456302
59,48,Female,25,46.91,One-Year,Fiber Optic,1172.75,No,Yes,1,Expected Range,Expected Range,45-54,25-48 Months,Low,562.92,46.91,562.92,Established,0.9605581331467138,Critical,45.05978202591234,540.7173843109481,0.18797243219208537,0.09445283398771771,0.20491803278688525,0.15947697296925667,Moderate Value,0.6401256690757309,669,High Priority,Personalized Retention Email,2,0.03,16.22152152932844,14.221521529328442,7.110760764664221,699,17578,Medium,91091.81749609238,73513.81749609235
433,42,Female,5,44.65,One-Year,DSL,223.25,No,Yes,1,Expected Range,Expected Range,35-44,0-6 Months,Low,535.8,44.65,535.8,New,0.9966666666666667,Critical,44.50116666666667,534.014,0.1628501556247221,0.01798046914325984,0.04098360655737705,0.08167912808937405,Low Value,0.6306716512357496,701,High Priority,Personalized Retention Email,2,0.03,16.02042,14.020420000000001,7.010210000000001,700,17580,Medium,91107.83791609238,73527.83791609235
576,22,Male,58,46.36,Month-to-Month,DSL,2688.88,Yes,Yes,1,Expected Range,Expected Range,Under 25,49-72 Months,Low,556.3199999999999,46.36,556.3199999999999,Loyal,0.9594330881830202,Critical,44.479317968164814,533.7518156179777,0.18185860382392183,0.21656136111950067,0.4754098360655738,0.2673923769377874,Moderate Value,0.6826168036849272,488,High Priority,Personalized Retention Email,2,0.03,16.01255446853933,14.012554468539332,7.006277234269666,701,17582,Medium,91123.85047056092,73541.8504705609
636,28,Female,21,46.31,Month-to-Month,Fiber Optic,972.51,Yes,Yes,1,Expected Range,Expected Range,25-34,13-24 Months,Low,555.72,46.31,555.72,Developing,0.9604243203426851,Critical,44.47725027506975,533.7270033008369,0.18130280124499787,0.07832558139534883,0.1721311475409836,0.14296786087161714,Low Value,0.633441736554258,692,High Priority,Personalized Retention Email,2,0.03,16.01181009902511,14.011810099025109,7.005905049512554,702,17584,Medium,91139.86228065995,73555.86228065992
82,48,Female,31,46.9,Two-Year,Fiber Optic,1453.9,No,Yes,1,Expected Range,Expected Range,45-54,25-48 Months,Low,562.8,46.9,562.8,Established,0.9461873096039765,Critical,44.376184820426495,532.514217845118,0.18786127167630062,0.11709654686398872,0.2540983606557377,0.17965289023685072,Moderate Value,0.6395735418571261,674,High Priority,Personalized Retention Email,2,0.03,15.975426535353538,13.975426535353538,6.987713267676769,703,17586,Medium,91155.8377071953,73569.83770719527
875,44,Female,21,45.92,Month-to-Month,DSL,964.32,Yes,Yes,1,Expected Range,Expected Range,35-44,13-24 Months,Low,551.04,45.92,551.04,Developing,0.9644473866332646,Critical,44.28742399419951,531.4490879303941,0.17696754112939095,0.07766596194503171,0.1721311475409836,0.14100289001776337,Low Value,0.6350695879870641,685,High Priority,Personalized Retention Email,2,0.03,15.943472637911821,13.943472637911821,6.9717363189559105,704,17588,Medium,91171.78117983321,73583.78117983318
169,42,Female,19,46.14,One-Year,DSL,876.66,No,Yes,1,Expected Range,Expected Range,35-44,13-24 Months,Low,553.6800000000001,46.14,553.6800000000001,Developing,0.9596237353138561,Critical,44.27703914738132,531.3244697685759,0.1794130724766564,0.07060585925702205,0.1557377049180328,0.13541170596012847,Low Value,0.629938923572365,703,High Priority,Personalized Retention Email,2,0.03,15.939734093057277,13.939734093057277,6.9698670465286385,705,17590,Medium,91187.72091392627,73597.72091392624
372,49,Female,21,44.46,Two-Year,No Internet,933.66,No,Yes,1,Expected Range,Expected Range,45-54,13-24 Months,Low,533.52,44.46,533.52,Developing,0.9946666666666666,Critical,44.222879999999996,530.6745599999999,0.16073810582481107,0.07519661733615221,0.1721311475409836,0.1336468452828236,Low Value,0.6502587381131293,623,High Priority,Personalized Retention Email,2,0.03,15.920236799999998,13.920236799999998,6.960118399999999,706,17592,Medium,91203.64115072627,73611.64115072624
296,38,Female,32,45.79,Month-to-Month,Fiber Optic,1465.28,Yes,Yes,1,Expected Range,Expected Range,35-44,25-48 Months,Low,549.48,45.79,549.48,Established,0.9618424188064364,Critical,44.04276435714672,528.5131722857607,0.17552245442418857,0.11801308768750629,0.26229508196721313,0.1770873329521059,Moderate Value,0.6479403844647041,631,High Priority,Personalized Retention Email,2,0.03,15.85539516857282,13.85539516857282,6.92769758428641,707,17594,Medium,91219.49654589484,73625.49654589481
48,55,Female,8,44.08,Two-Year,DSL,352.64,No,Yes,1,Expected Range,Expected Range,55-64,7-12 Months,Low,528.96,44.08,528.96,Developing,0.9943247863247863,Critical,43.829836581196574,525.9580389743589,0.1565140062249889,0.02840148998288533,0.06557377049180328,0.08893956660695626,Low Value,0.6321706984376542,694,High Priority,Personalized Retention Email,2,0.03,15.778741169230768,13.778741169230768,6.889370584615384,708,17596,Medium,91235.27528706407,73639.27528706404
653,42,Male,9,44.67,Two-Year,Fiber Optic,402.03,No,Yes,1,Expected Range,Expected Range,35-44,7-12 Months,Low,536.04,44.67,536.04,Developing,0.9785903880070547,Critical,43.713632632275136,524.5635915873016,0.16307247665629176,0.03237934158864391,0.07377049180327869,0.09500438316936174,Low Value,0.6251559860719774,720,High Priority,Personalized Retention Email,2,0.03,15.736907747619048,13.736907747619048,6.868453873809524,709,17598,Medium,91251.01219481169,73653.01219481166
708,62,Male,19,43.85,Month-to-Month,Fiber Optic,833.15,No,Yes,1,Expected Range,Expected Range,55-64,13-24 Months,Low,526.2,43.85,526.2,Developing,0.9949874686716792,Critical,43.630200501253135,523.5624060150376,0.1539573143619387,0.06710158058995268,0.1557377049180328,0.12400290518076712,Low Value,0.6465936432753143,637,High Priority,Personalized Retention Email,2,0.03,15.706872180451127,13.706872180451127,6.853436090225563,710,17600,Medium,91266.71906699214,73666.71906699211
37,47,Male,18,45.29,Month-to-Month,DSL,815.22,Yes,Yes,1,Expected Range,Expected Range,45-54,13-24 Months,Low,543.48,45.29,543.48,Developing,0.9584032546593373,Critical,43.406083403521386,520.8730008422566,0.16996442863494887,0.06565750528541227,0.14754098360655737,0.1278511442055132,Low Value,0.6261824104778076,716,High Priority,Personalized Retention Email,2,0.03,15.626190025267697,13.626190025267697,6.813095012633848,711,17602,Medium,91282.34525701741,73680.34525701738
473,29,Male,13,44.8,One-Year,DSL,582.4,No,Yes,1,Expected Range,Expected Range,25-34,13-24 Months,Low,537.5999999999999,44.8,537.5999999999999,Developing,0.951079313583837,Critical,42.60835324855589,511.30023898267075,0.16451756336149398,0.04690627202255109,0.10655737704918034,0.10886356481478555,Low Value,0.6141930140762164,765,High Priority,Personalized Retention Email,2,0.03,15.339007169480121,13.339007169480121,6.6695035847400606,712,17604,Medium,91297.68426418689,73693.68426418686
577,47,Female,44,44.11,Month-to-Month,Fiber Optic,1940.84,Yes,Yes,1,Expected Range,Expected Range,45-54,25-48 Months,Low,529.3199999999999,44.11,529.3199999999999,Established,0.9640140133332942,Critical,42.5226581281316,510.2718975375792,0.1568474877723433,0.15631450719822812,0.36065573770491804,0.20761300705454666,Moderate Value,0.6614536108217952,576,High Priority,Personalized Retention Email,2,0.03,15.308156926127376,13.308156926127376,6.654078463063688,713,17606,Medium,91312.99242111301,73706.99242111298
642,61,Female,17,44.42,One-Year,DSL,755.14,No,Yes,1,Expected Range,Expected Range,55-64,13-24 Months,Low,533.04,44.42,533.04,Developing,0.953385496072996,Critical,42.34938373556248,508.1926048267498,0.16029346376167192,0.06081868519077821,0.13934426229508198,0.12023999089521165,Low Value,0.6201272940018823,744,High Priority,Personalized Retention Email,2,0.03,15.245778144802493,13.245778144802493,6.622889072401247,714,17608,Medium,91328.23819925782,73720.23819925779
336,43,Male,24,43.68,Month-to-Month,Fiber Optic,1048.32,Yes,Yes,1,Expected Range,Expected Range,35-44,13-24 Months,Low,524.16,43.68,524.16,Developing,0.9634840860092146,Critical,42.084984876882494,505.01981852258996,0.15206758559359718,0.08443128964059196,0.19672131147540983,0.13955831348049852,Low Value,0.6339137769977281,689,High Priority,Personalized Retention Email,2,0.03,15.150594555677698,13.150594555677698,6.575297277838849,715,17610,Medium,91343.38879381349,73733.38879381346
977,40,Female,25,43.63,Month-to-Month,DSL,1090.75,Yes,Yes,1,Expected Range,Expected Range,35-44,25-48 Months,Low,523.5600000000001,43.63,523.5600000000001,Established,0.9636577986377943,Critical,42.04438975456697,504.5326770548037,0.15151178301467327,0.08784858552300412,0.20491803278688525,0.14258122633564208,Low Value,0.6352271697169334,684,High Priority,Personalized Retention Email,2,0.03,15.13598031164411,13.13598031164411,6.567990155822055,716,17612,Medium,91358.52477412514,73746.52477412511
33,44,Female,20,42.63,Month-to-Month,Fiber Optic,852.6,Yes,Yes,1,Expected Range,Expected Range,35-44,13-24 Months,Low,511.56000000000006,42.63,511.56000000000006,Developing,0.9640871903118462,Critical,41.099036922994,493.18844307592803,0.14039573143619394,0.06866807610993658,0.1639344262295082,0.12117572577033243,Low Value,0.6269226044952407,713,High Priority,Personalized Retention Email,2,0.03,14.79565329227784,12.79565329227784,6.39782664613892,717,17614,Medium,91373.32042741742,73759.32042741739
305,44,Male,19,42.71,Month-to-Month,DSL,811.49,Yes,Yes,1,Expected Range,Expected Range,35-44,13-24 Months,Low,512.52,42.71,512.52,Developing,0.9589771048252926,Critical,40.95791214708825,491.494945765059,0.14128501556247225,0.06535709251988321,0.1557377049180328,0.11832341483645623,Low Value,0.6227156288297581,735,High Priority,Personalized Retention Email,2,0.03,14.74484837295177,12.74484837295177,6.372424186475885,718,17616,Medium,91388.06527579037,73772.06527579034
846,49,Female,50,42.11,Month-to-Month,Fiber Optic,2105.5,Yes,Yes,1,Expected Range,Expected Range,45-54,49-72 Months,Low,505.32,42.11,505.32,Loyal,0.9644468721411531,Critical,40.61285778586396,487.35429343036753,0.13461538461538464,0.16957616027383468,0.4098360655737705,0.21565682633543862,Moderate Value,0.6649308538188673,558,High Priority,Personalized Retention Email,2,0.03,14.620628802911025,12.620628802911025,6.310314401455512,719,17618,Medium,91402.68590459328,73784.68590459325
855,59,Male,19,40.64,Month-to-Month,Fiber Optic,772.16,No,Yes,1,Expected Range,Expected Range,55-64,13-24 Months,Low,487.68,40.64,487.68,Developing,0.9949874686716792,Critical,40.43629072681704,485.2354887218045,0.11827478879502007,0.0621894694452834,0.1557377049180328,0.10801065605336542,Low Value,0.6401967436243536,668,High Priority,Personalized Retention Email,2,0.03,14.557064661654133,12.557064661654133,6.278532330827066,720,17620,Medium,91417.24296925493,73797.2429692549
386,46,Female,36,41.29,Month-to-Month,Fiber Optic,1486.44,Yes,Yes,1,Expected Range,Expected Range,45-54,25-48 Months,Low,495.48,41.29,495.48,Established,0.9690237535930343,Critical,40.010990785856386,480.1318894302766,0.12550022232103158,0.11971730594986409,0.29508196721311475,0.16587163781414374,Moderate Value,0.647762907281478,633,High Priority,Personalized Retention Email,2,0.03,14.403956682908298,12.403956682908298,6.201978341454149,721,17622,Medium,91431.64692593784,73809.6469259378
909,51,Female,22,39.72,Two-Year,DSL,873.8399999999999,No,Yes,1,Expected Range,Expected Range,45-54,13-24 Months,Low,476.64,39.72,476.64,Developing,0.9663767135642134,Critical,38.384483062770556,460.6137967532467,0.10804802134281905,0.07037873754152824,0.18032786885245902,0.11293373388977726,Low Value,0.624999521694439,722,High Priority,Personalized Retention Email,2,0.03,13.818413902597399,11.818413902597399,5.9092069512986996,722,17624,Medium,91445.46533984043,73821.4653398404
851,38,Male,45,39.31,One-Year,Fiber Optic,1768.95,No,Yes,1,Expected Range,Expected Range,35-44,25-48 Months,Low,471.72,39.31,471.72,Established,0.9722910052910053,Critical,38.22075941798942,458.649113015873,0.10349044019564257,0.14247055270311085,0.36885245901639346,0.1834739842784442,Moderate Value,0.6567641968859809,594,High Priority,Personalized Retention Email,2,0.03,13.75947339047619,11.75947339047619,5.879736695238095,723,17626,Medium,91459.2248132309,73833.22481323087
530,35,Female,37,37.62,Month-to-Month,Fiber Optic,1391.9399999999998,No,Yes,1,Expected Range,Expected Range,35-44,25-48 Months,Low,451.43999999999994,37.62,451.43999999999994,Established,0.9950661375661376,Critical,37.43438809523809,449.2126571428571,0.08470431302801246,0.11210631229235879,0.30327868852459017,0.14893860664467812,Low Value,0.6566151251975538,597,High Priority,Personalized Retention Email,2,0.03,13.476379714285713,11.476379714285713,5.7381898571428565,724,17628,Medium,91472.70119294518,73844.70119294515
695,50,Female,3,37.52,Two-Year,DSL,112.56,No,Yes,1,Expected Range,Expected Range,45-54,0-6 Months,Low,450.24,37.52,450.24,New,0.9948888888888888,Critical,37.32823111111111,447.9387733333333,0.0835927078701646,0.00906553911205074,0.02459016393442623,0.04275756282089015,Low Value,0.6140363584616894,767,High Priority,Personalized Retention Email,2,0.03,13.438163199999998,11.438163199999998,5.719081599999999,725,17630,Medium,91486.13935614518,73856.13935614516
263,12,Female,1,37.4,Two-Year,DSL,37.4,No,Yes,1,Review,Expected Range,Under 25,0-6 Months,Low,448.79999999999995,37.4,448.79999999999995,New,0.9926666666666665,Critical,37.12573333333332,445.50879999999984,0.08225878168074702,0.0030121816168327794,0.00819672131147541,0.03600695656605914,Low Value,0.6100027826264236,791,High Priority,Personalized Retention Email,2,0.03,13.365263999999994,11.365263999999994,5.682631999999997,726,17632,Medium,91499.50462014518,73867.50462014515
339,49,Female,24,38.44,Month-to-Month,DSL,922.56,Yes,Yes,1,Expected Range,Expected Range,45-54,13-24 Months,Low,461.28,38.44,461.28,Developing,0.961739804050682,Critical,36.96927806770822,443.6313368124986,0.09381947532236551,0.07430262760495318,0.19672131147540983,0.11271403765953228,Low Value,0.6221294974942221,737,High Priority,Personalized Retention Email,2,0.03,13.308940104374958,11.308940104374958,5.654470052187479,727,17634,Medium,91512.81356024955,73878.81356024952
847,47,Female,17,38.5,One-Year,DSL,654.5,No,Yes,1,Expected Range,Expected Range,45-54,13-24 Months,Low,462.0,38.5,462.0,Developing,0.9595641023341464,Critical,36.94321793986463,443.31861527837555,0.09448643841707427,0.05271317829457364,0.13934426229508198,0.09108025334370098,Low Value,0.6121705627379682,779,High Priority,Personalized Retention Email,2,0.03,13.299558458351266,11.299558458351266,5.649779229175633,728,17636,Medium,91526.1131187079,73890.11311870787
60,54,Female,2,36.93,One-Year,Fiber Optic,73.86,No,Yes,1,Expected Range,Expected Range,45-54,0-6 Months,Low,443.15999999999997,36.93,443.15999999999997,New,0.9944359192952542,Critical,36.72451849957374,440.69422199488486,0.07703423743886173,0.0059486559951676225,0.01639344262295082,0.036994085229591064,Low Value,0.6114591856689889,784,High Priority,Personalized Retention Email,2,0.03,13.220826659846546,11.220826659846546,5.610413329923273,729,17638,Medium,91539.33394536775,73901.33394536772
996,42,Male,41,37.14,Month-to-Month,Fiber Optic,1522.74,Yes,Yes,1,Expected Range,Expected Range,35-44,25-48 Months,Low,445.68,37.14,445.68,Established,0.9649451249702536,Critical,35.83806194139522,430.05674329674264,0.07936860827034242,0.1226408939897312,0.33606557377049184,0.15868814964716585,Moderate Value,0.6424423348410185,657,High Priority,Personalized Retention Email,2,0.03,12.90170229890228,10.90170229890228,5.45085114945114,730,17640,Medium,91552.23564766665,73912.23564766662
574,42,Female,8,36.31,Two-Year,Fiber Optic,290.48,No,Yes,1,Expected Range,Expected Range,35-44,7-12 Months,Low,435.72,36.31,435.72,Developing,0.9756018518518518,Critical,35.42410324074074,425.0892388888889,0.07014228546020457,0.023395147488170745,0.06557377049180328,0.05263865842789241,Low Value,0.6064165744822679,795,High Priority,Personalized Retention Email,2,0.03,12.752677166666667,10.752677166666667,5.376338583333333,731,17642,Medium,91564.9883248333,73922.98832483328
956,56,Female,2,35.58,Two-Year,DSL,71.16,No,Yes,1,Expected Range,Expected Range,55-64,0-6 Months,Low,426.96,35.58,426.96,New,0.990991452991453,Critical,35.2594758974359,423.1137107692308,0.06202756780791463,0.005731199033524615,0.01639344262295082,0.030915307440637172,Low Value,0.6069609947711266,794,High Priority,Personalized Retention Email,2,0.03,12.693411323076925,10.693411323076925,5.346705661538462,732,17644,Medium,91577.68173615639,73933.68173615636
244,53,Female,29,35.63,Month-to-Month,Fiber Optic,1033.27,Yes,Yes,1,Expected Range,Expected Range,45-54,25-48 Months,Low,427.56000000000006,35.63,427.56000000000006,Established,0.969606622850775,Critical,34.54708397217312,414.56500766607746,0.06258337038683864,0.08321916842847076,0.2377049180327869,0.11358628661289694,Low Value,0.6271984883556238,712,High Priority,Personalized Retention Email,2,0.03,12.436950229982324,10.436950229982324,5.218475114991162,733,17646,Medium,91590.11868638637,73944.11868638634
683,39,Female,24,34.55,Month-to-Month,Fiber Optic,829.1999999999999,No,Yes,1,Expected Range,Expected Range,35-44,13-24 Months,Low,414.59999999999997,34.55,414.59999999999997,Developing,0.9950661375661376,Critical,34.37953505291005,412.5544206349206,0.05057803468208094,0.0667834491090305,0.19672131147540983,0.09278574892984551,Low Value,0.6341539821116208,687,High Priority,Personalized Retention Email,2,0.03,12.376632619047617,10.376632619047617,5.188316309523809,734,17648,Medium,91602.49531900542,73954.4953190054
376,37,Female,10,34.47,Two-Year,DSL,344.7,No,Yes,1,Expected Range,Expected Range,35-44,7-12 Months,Low,413.64,34.47,413.64,Developing,0.9924444444444444,Critical,34.209559999999996,410.51471999999995,0.049688750555802574,0.02776200543642404,0.0819672131147541,0.05008400540375797,Low Value,0.6155002688281698,760,High Priority,Personalized Retention Email,2,0.03,12.315441599999998,10.315441599999998,5.157720799999999,735,17650,Medium,91614.81076060543,73964.8107606054
972,38,Female,16,35.53,Month-to-Month,DSL,568.48,Yes,Yes,1,Expected Range,Expected Range,35-44,13-24 Months,Low,426.36,35.53,426.36,Developing,0.9556282171082129,Critical,33.95347055385481,407.4416466462577,0.06147176522899073,0.04578516057585825,0.13114754098360656,0.07340039753904831,Low Value,0.602737089280547,805,High Priority,Personalized Retention Email,2,0.03,12.223249399387731,10.223249399387731,5.1116246996938655,736,17652,Medium,91627.03401000482,73975.03401000479
579,30,Female,30,33.77,Month-to-Month,Fiber Optic,1013.1,No,Yes,1,Expected Range,Expected Range,25-34,25-48 Months,Low,405.24,33.77,405.24,Established,0.9950661375661376,Critical,33.60338346560847,403.2406015873016,0.0419075144508671,0.08159468438538206,0.24590163934426232,0.10679655515129613,Low Value,0.639758304600201,672,High Priority,Personalized Retention Email,2,0.03,12.097218047619048,10.097218047619048,5.048609023809524,737,17654,Medium,91639.13122805244,73985.13122805241
192,53,Female,39,34.68,Month-to-Month,Fiber Optic,1352.52,Yes,Yes,1,Expected Range,Expected Range,45-54,25-48 Months,Low,416.15999999999997,34.68,416.15999999999997,Established,0.9674498768190289,Critical,33.551161728083926,402.6139407370071,0.052023121387283267,0.10893144065237088,0.319672131147541,0.13885328557012838,Low Value,0.6360112403194687,682,High Priority,Personalized Retention Email,2,0.03,12.078418222110212,10.078418222110212,5.039209111055106,738,17656,Medium,91651.20964627455,73995.20964627452
513,42,Male,12,34.53,Month-to-Month,Fiber Optic,414.36,Yes,Yes,1,Expected Range,Expected Range,35-44,7-12 Months,Low,414.36,34.53,414.36,Developing,0.9683901412113226,Critical,33.43851157602697,401.2621389123236,0.05035571365051139,0.03337239504681365,0.09836065573770492,0.05641278766101557,Low Value,0.6035991997911998,803,High Priority,Personalized Retention Email,2,0.03,12.037864167369708,10.037864167369708,5.018932083684854,739,17658,Medium,91663.24751044193,74005.2475104419
93,37,Female,24,33.51,Month-to-Month,Fiber Optic,804.24,Yes,Yes,1,Expected Range,Expected Range,35-44,13-24 Months,Low,402.12,33.51,402.12,Developing,0.9703274008295034,Critical,32.51567120179666,390.18805442155985,0.03901734104046245,0.06477318030806403,0.19672131147540983,0.08745787739285985,Low Value,0.6171795914548459,755,High Priority,Personalized Retention Email,2,0.03,11.705641632646795,9.705641632646795,4.852820816323398,740,17660,Medium,91674.95315207458,74014.95315207455
114,69,Female,12,33.63,One-Year,Fiber Optic,403.56000000000006,No,Yes,1,Expected Range,Expected Range,65+,7-12 Months,Low,403.56000000000006,33.63,403.56000000000006,Developing,0.9590398743193774,Critical,32.252510973360664,387.03013168032794,0.04035126722987997,0.032502567200241625,0.09836065573770492,0.05210656934646279,Low Value,0.5962665523302115,810,Medium Priority,Personalized Retention Email,2,0.03,11.610903950409838,9.610903950409838,4.805451975204919,741,17662,Medium,91686.56405602499,74024.56405602496
208,50,Male,62,32.7,Month-to-Month,Fiber Optic,2027.4,Yes,Yes,1,Expected Range,Expected Range,45-54,49-72 Months,Low,392.40000000000003,32.7,392.40000000000003,Loyal,0.9605243905823175,Critical,31.409147572041785,376.9097708645014,0.030013339261894256,0.16328601630927211,0.5081967213114754,0.19620462174087178,Moderate Value,0.6547964830457391,606,High Priority,Personalized Retention Email,2,0.03,11.307293125935042,9.307293125935042,4.653646562967521,742,17664,Medium,91697.87134915093,74033.8713491509
359,48,Male,29,32.74,Month-to-Month,DSL,949.46,Yes,Yes,1,Expected Range,Expected Range,45-54,25-48 Months,Low,392.88,32.74,392.88,Established,0.9529588394649221,Critical,31.199872404081553,374.3984688489786,0.030457981325033412,0.07646914325984093,0.2377049180327869,0.09837362217915441,Low Value,0.611124752550615,786,High Priority,Personalized Retention Email,2,0.03,11.231954065469358,9.231954065469358,4.615977032734679,743,17666,Medium,91709.1033032164,74043.10330321637
400,57,Male,14,32.71,Two-Year,Fiber Optic,457.94,No,Yes,1,Expected Range,Expected Range,55-64,13-24 Months,Low,392.52,32.71,392.52,Developing,0.9523685195567869,Critical,31.1519742747025,373.82369129643,0.030124499777679004,0.03688231148696265,0.11475409836065574,0.05364713352167247,Low Value,0.5928799651427412,812,Medium Priority,Personalized Retention Email,2,0.03,11.2147107388929,9.2147107388929,4.60735536944645,744,17668,Medium,91720.31801395529,74052.31801395526
650,51,Female,2,31.49,Two-Year,Fiber Optic,62.98,No,Yes,1,Expected Range,Expected Range,45-54,0-6 Months,Low,377.88,31.49,377.88,New,0.97977849002849,Critical,30.85322465099715,370.2386958119658,0.016562916851934173,0.005072384979361723,0.01639344262295082,0.012498862139287976,Low Value,0.5928666388728092,813,Medium Priority,Personalized Retention Email,2,0.03,11.107160874358973,9.107160874358973,4.553580437179487,745,17670,Medium,91731.42517482965,74061.42517482962
18,48,Female,24,30.75,Two-Year,No Internet,738.0,No,Yes,1,Expected Range,Expected Range,45-54,13-24 Months,Low,369.0,30.75,369.0,Developing,0.9946666666666666,Critical,30.586,367.032,0.008337038683859488,0.05943823618242223,0.19672131147540983,0.07331852600624403,Low Value,0.6261274104024975,717,High Priority,Personalized Retention Email,2,0.03,11.010959999999999,9.010959999999999,4.5054799999999995,746,17672,Medium,91742.43613482965,74070.43613482962
669,18,Female,38,31.02,Month-to-Month,Fiber Optic,1178.76,Yes,Yes,1,Expected Range,Expected Range,Under 25,25-48 Months,Low,372.24,31.02,372.24,Established,0.969735495893222,Critical,30.08119508260775,360.974340991293,0.011338372610048941,0.09493687707641196,0.3114754098360656,0.11563210847978016,Low Value,0.6280941409278452,708,High Priority,Personalized Retention Email,2,0.03,10.829230229738789,8.829230229738789,4.414615114869394,747,17674,Medium,91753.26536505939,74079.26536505936
801,54,Female,75,31.23,Two-Year,DSL,2342.25,No,Yes,1,Expected Range,Expected Range,45-54,73+ Months,Low,374.76,31.23,374.76,Loyal,0.9604261648174692,Critical,29.994109127249565,359.92930952699476,0.013672743441529578,0.18864391422530957,0.6147540983606558,0.22518299194563413,Moderate Value,0.6663288956687352,550,High Priority,Personalized Retention Email,2,0.03,10.797879285809842,8.797879285809842,4.398939642904921,748,17676,Medium,91764.06324434519,74088.06324434516
415,48,Male,29,30.93,Month-to-Month,DSL,896.97,Yes,Yes,1,Expected Range,Expected Range,45-54,25-48 Months,Low,371.15999999999997,30.93,371.15999999999997,Established,0.9509588394649222,Critical,29.413156904650045,352.95788285580056,0.010337927967985772,0.07224161884627,0.2377049180327869,0.08884596729158553,Low Value,0.6061136905955875,797,High Priority,Personalized Retention Email,2,0.03,10.588736485674016,8.588736485674016,4.294368242837008,749,17678,Medium,91774.65198083087,74096.65198083084
834,37,Male,36,30.1,Two-Year,DSL,1083.6,No,Yes,1,Expected Range,Expected Range,35-44,25-48 Months,Low,361.20000000000005,30.1,361.20000000000005,Established,0.9544348156460406,Critical,28.728487950945823,344.7418554113499,0.0011116051578479724,0.08727272727272727,0.29508196721311475,0.10476058841187241,Low Value,0.6145651247523733,762,High Priority,Personalized Retention Email,2,0.03,10.342255662340497,8.342255662340497,4.171127831170248,750,17680,Medium,91784.9942364932,74104.99423649318
