CustomerID,Age,Gender,Tenure,MonthlyCharges,ContractType,InternetService,TotalCharges,TechSupport,Churn,ChurnFlag,AgeDataQualityFlag,TenureDataQualityFlag,AgeGroup,TenureSegment,MonthlyChargeBand,AnnualRevenue,ActualMonthlyRevenueLost,ActualAnnualRevenueLost,CustomerLifecycleStage,ChurnProbability,RiskBand,MonthlyRevenueAtRisk,AnnualRevenueAtRisk,MonthlyChargesNormalized,TotalChargesNormalized,TenureNormalized,CustomerValueScore,ValueTier,RetentionPriorityScore,RetentionPriorityRank,PriorityTier,RecommendedAction,InterventionCost,ExpectedSuccessRate,ExpectedRevenueProtected,ExpectedNetBenefit,ExpectedROI,CampaignRank,CumulativeCampaignCost
764,44,Female,60,119.28,Month-to-Month,No Internet,7156.8,No,Yes,1,Expected Range,Expected Range,35-44,49-72 Months,Premium,1431.3600000000001,119.28,1431.3600000000001,Loyal,1.0,Critical,119.28,1431.3600000000001,0.9924410849266343,0.5764059196617336,0.49180327868852464,0.7216693255243917,Top Value,0.8886677302097566,7,Immediate Action,Priority Retention Specialist,60,0.25,357.84000000000003,297.84000000000003,4.964,1,60
508,36,Male,64,118.52,Month-to-Month,No Internet,7585.28,No,Yes,1,Expected Range,Expected Range,35-44,49-72 Months,Premium,1422.24,118.52,1422.24,Loyal,1.0,Critical,118.52,1422.24,0.98399288572699,0.6109155340783248,0.5245901639344263,0.7385651322018162,Top Value,0.8954260528807265,5,Immediate Action,Priority Retention Specialist,60,0.25,355.56,295.56,4.926,2,120
618,52,Male,68,118.05,Month-to-Month,Fiber Optic,8027.4,Yes,Yes,1,Expected Range,Expected Range,45-54,49-72 Months,Premium,1416.6,118.05,1416.6,Loyal,0.9892030075187969,Critical,116.77541503759397,1401.3049804511277,0.9787683414851045,0.6465237088492902,0.5573770491803279,0.7571348969863754,Top Value,0.8963757633058282,4,Immediate Action,Priority Retention Specialist,60,0.25,350.3262451127819,290.3262451127819,4.838770751879698,3,180
510,36,Female,75,117.28,One-Year,DSL,8796.0,No,Yes,1,Expected Range,Expected Range,35-44,73+ Months,Premium,1407.3600000000001,117.28,1407.3600000000001,Loyal,0.995050505050505,Critical,116.69952323232323,1400.3942787878786,0.9702089817696755,0.7084264572636666,0.6147540983606558,0.7897213773403174,Top Value,0.9129188539664299,3,Immediate Action,Priority Retention Specialist,60,0.25,350.09856969696966,290.09856969696966,4.834976161616161,4,240
494,36,Female,105,118.25,Month-to-Month,DSL,12416.25,Yes,Yes,1,Expected Range,Expected Range,35-44,73+ Months,Premium,1419.0,118.25,1419.0,Loyal,0.9859842810075369,Critical,116.59264122914124,1399.1116947496948,0.9809915518008006,1.0,0.8606557377049181,0.9575605551465497,Top Value,0.9746147906631419,1,Immediate Action,Priority Retention Specialist,60,0.25,349.7779236874237,289.7779236874237,4.829632061457062,5,300
772,39,Male,67,118.12,Month-to-Month,Fiber Optic,7914.04,Yes,Yes,1,Expected Range,Expected Range,35-44,49-72 Months,Premium,1417.44,118.12,1417.44,Loyal,0.9840657526168362,Critical,116.23784669910069,1394.8541603892081,0.9795464650955983,0.6373937380449008,0.5491803278688525,0.7522014763211677,Top Value,0.8913200420985687,6,Immediate Action,Priority Retention Specialist,60,0.25,348.71354009730203,288.71354009730203,4.811892334955034,6,360
541,53,Male,99,113.93,Month-to-Month,No Internet,11279.070000000002,No,Yes,1,Expected Range,Expected Range,45-54,73+ Months,Premium,1367.16,113.93,1367.16,Loyal,0.9988888888888887,Critical,113.8034111111111,1365.6409333333331,0.93297020898177,0.9084119601328905,0.8114754098360656,0.8940011220982361,Top Value,0.9569337821726276,2,Immediate Action,Priority Retention Specialist,60,0.25,341.4102333333333,281.4102333333333,4.690170555555555,7,420
341,36,Male,67,112.87,Month-to-Month,Fiber Optic,7562.29,No,Yes,1,Expected Range,Expected Range,35-44,49-72 Months,Premium,1354.44,112.87,1354.44,Loyal,1.0,Critical,112.87,1354.44,0.9211871943085816,0.6090639283197422,0.5491803278688525,0.7189423346025556,Top Value,0.8875769338410222,8,Immediate Action,Priority Retention Specialist,60,0.25,338.61,278.61,4.6435,8,480
690,49,Male,68,113.74,Month-to-Month,DSL,7734.32,Yes,Yes,1,Expected Range,Expected Range,45-54,49-72 Months,Premium,1364.8799999999999,113.74,1364.8799999999999,Loyal,0.9880332829315387,Critical,112.3789056006332,1348.5468672075986,0.9308581591818588,0.6229191583610187,0.5573770491803279,0.7297092313941821,Top Value,0.884703662316596,9,Immediate Action,Priority Retention Specialist,60,0.25,337.13671680189964,277.13671680189964,4.618945280031661,9,540
354,43,Female,12,119.96,Month-to-Month,Fiber Optic,1439.52,No,Yes,1,Expected Range,Expected Range,35-44,7-12 Months,Premium,1439.52,119.96,1439.52,Developing,1.0,Critical,119.96,1439.52,1.0,0.11593838719420115,0.09836065573770492,0.46516859945239664,Top Value,0.7860674397809586,74,High Priority,Contract Upgrade Offer,40,0.2,287.904,247.904,6.1975999999999996,10,580
107,63,Male,10,119.9,Month-to-Month,No Internet,1199.0,No,Yes,1,Expected Range,Expected Range,55-64,7-12 Months,Premium,1438.8000000000002,119.9,1438.8000000000002,Developing,1.0,Critical,119.9,1438.8000000000002,0.9993330369052915,0.09656699889258029,0.0819672131147541,0.4540234676532083,Top Value,0.7816093870612832,81,High Priority,Contract Upgrade Offer,40,0.2,287.76000000000005,247.76000000000005,6.194000000000001,11,620
112,44,Female,4,119.79,Month-to-Month,Fiber Optic,479.16,Yes,Yes,1,Expected Range,Expected Range,35-44,0-6 Months,Premium,1437.48,119.79,1437.48,New,1.0,Critical,119.79,1437.48,0.9981102712316587,0.03859136212624585,0.03278688524590164,0.420947806548325,Top Value,0.76837912261933,113,High Priority,Contract Upgrade Offer,40,0.2,287.49600000000004,247.49600000000004,6.187400000000001,12,660
148,31,Male,35,119.61,Month-to-Month,No Internet,4186.35,No,Yes,1,Expected Range,Expected Range,25-34,25-48 Months,Premium,1435.32,119.61,1435.32,Established,1.0,Critical,119.61,1435.32,0.9961093819475324,0.3371670190274842,0.2868852459016394,0.5881735209140423,Top Value,0.8352694083656169,22,Immediate Action,Contract Upgrade Offer,40,0.2,287.064,247.06400000000002,6.1766000000000005,13,700
629,45,Female,9,119.13,Month-to-Month,DSL,1072.17,Yes,Yes,1,Expected Range,Expected Range,45-54,7-12 Months,Premium,1429.56,119.13,1429.56,Developing,1.0,Critical,119.13,1429.56,0.9907736771898623,0.08635215946843854,0.07377049180327869,0.44497534964071805,Top Value,0.7779901398562872,89,High Priority,Contract Upgrade Offer,40,0.2,285.912,245.91199999999998,6.147799999999999,14,740
740,55,Male,6,118.96,Month-to-Month,DSL,713.76,No,Yes,1,Expected Range,Expected Range,55-64,0-6 Months,Premium,1427.52,118.96,1427.52,New,1.0,Critical,118.96,1427.52,0.9888839484215208,0.05748595590456056,0.04918032786885246,0.4279687459024177,Top Value,0.771187498360967,103,High Priority,Contract Upgrade Offer,40,0.2,285.504,245.50400000000002,6.137600000000001,15,780
207,50,Male,17,119.75,Month-to-Month,DSL,2035.75,Yes,Yes,1,Expected Range,Expected Range,45-54,13-24 Months,Premium,1437.0,119.75,1437.0,Developing,0.9906401205383765,Critical,118.62915443447058,1423.5498532136469,0.9976656291685195,0.16395852209805697,0.13934426229508198,0.49128779997549826,Top Value,0.7908991923132251,65,High Priority,Contract Upgrade Offer,40,0.2,284.7099706427294,244.7099706427294,6.117749266068235,16,820
961,51,Female,23,119.8,Month-to-Month,Fiber Optic,2755.4,Yes,Yes,1,Expected Range,Expected Range,45-54,13-24 Months,Premium,1437.6,119.8,1437.6,Developing,0.9891754385964912,Critical,118.50321754385963,1422.0386105263156,0.9982214317474434,0.221918856337461,0.18852459016393444,0.5240913199580723,Top Value,0.8031417911411236,50,Immediate Action,Contract Upgrade Offer,40,0.2,284.40772210526313,244.40772210526313,6.110193052631578,17,860
149,50,Female,11,118.3,Month-to-Month,DSL,1301.3,Yes,Yes,1,Expected Range,Expected Range,45-54,7-12 Months,Premium,1419.6,118.3,1419.6,Developing,0.9973809523809524,Critical,117.99016666666667,1415.882,0.9815473543797244,0.10480620155038758,0.09016393442622951,0.4518420959010828,Top Value,0.7791654097890046,88,High Priority,Contract Upgrade Offer,40,0.2,283.1764,243.1764,6.07941,18,900
217,37,Female,11,117.78,Month-to-Month,No Internet,1295.58,No,Yes,1,Expected Range,Expected Range,35-44,7-12 Months,Premium,1413.3600000000001,117.78,1413.3600000000001,Developing,1.0,Critical,117.78,1413.3600000000001,0.9757670075589151,0.1043455149501661,0.09016393442622951,0.4493687168626816,Top Value,0.7797474867450727,85,High Priority,Contract Upgrade Offer,40,0.2,282.672,242.67200000000003,6.066800000000001,19,940
742,32,Male,78,101.44,Two-Year,No Internet,7912.32,No,Yes,1,Expected Range,Expected Range,25-34,73+ Months,Premium,1217.28,101.44,1217.28,Loyal,0.9942424242424241,Critical,100.8559515151515,1210.271418181818,0.794130724766563,0.6372552099063726,0.639344262295082,0.7005276789476261,Top Value,0.8767565261245049,11,Immediate Action,Priority Retention Specialist,60,0.25,302.5678545454545,242.5678545454545,4.042797575757575,20,1000
657,45,Female,25,117.72,Month-to-Month,No Internet,2943.0,No,Yes,1,Expected Range,Expected Range,45-54,25-48 Months,Premium,1412.6399999999999,117.72,1412.6399999999999,Established,1.0,Critical,117.72,1412.6399999999999,0.9751000444642064,0.2370280881908789,0.20491803278688525,0.5242293568492116,Top Value,0.8096917427396846,45,Immediate Action,Contract Upgrade Offer,40,0.2,282.52799999999996,242.52799999999996,6.063199999999999,21,1040
675,30,Male,9,117.64,Month-to-Month,No Internet,1058.76,No,Yes,1,Expected Range,Expected Range,25-34,7-12 Months,Premium,1411.68,117.64,1411.68,Developing,1.0,Critical,117.64,1411.68,0.9742107603379282,0.08527212322561159,0.07377049180327869,0.43797217021495505,Top Value,0.775188868085982,99,High Priority,Contract Upgrade Offer,40,0.2,282.336,242.336,6.058400000000001,22,1080
314,53,Female,1,117.29,Month-to-Month,Fiber Optic,117.29,Yes,Yes,1,Expected Range,Expected Range,45-54,0-6 Months,Premium,1407.48,117.29,1407.48,New,1.0,Critical,117.29,1407.48,0.9703201422854604,0.00944649149300312,0.00819672131147541,0.39348350926460407,Top Value,0.7573934037058416,155,High Priority,Contract Upgrade Offer,40,0.2,281.49600000000004,241.49600000000004,6.037400000000001,23,1120
954,59,Male,19,117.24,Month-to-Month,DSL,2227.56,No,Yes,1,Expected Range,Expected Range,55-64,13-24 Months,Premium,1406.8799999999999,117.24,1406.8799999999999,Developing,1.0,Critical,117.24,1406.8799999999999,0.9697643397065363,0.17940682573240713,0.1557377049180328,0.48963255111846526,Top Value,0.7958530204473862,60,High Priority,Contract Upgrade Offer,40,0.2,281.376,241.37599999999998,6.0344,24,1160
619,49,Male,5,116.92,Month-to-Month,Fiber Optic,584.6,Yes,Yes,1,Expected Range,Expected Range,45-54,0-6 Months,Premium,1403.04,116.92,1403.04,New,1.0,Critical,116.92,1403.04,0.9662072032014231,0.047083459176482434,0.04098360655737705,0.4132079936316823,Top Value,0.7652831974526729,122,High Priority,Contract Upgrade Offer,40,0.2,280.608,240.608,6.0152,25,1200
181,51,Female,2,116.48,Month-to-Month,Fiber Optic,232.96,Yes,Yes,1,Expected Range,Expected Range,45-54,0-6 Months,Premium,1397.76,116.48,1397.76,New,1.0,Critical,116.48,1397.76,0.9613161405068922,0.018762508809020438,0.01639344262295082,0.39519169494165174,Top Value,0.7580766779766607,152,High Priority,Contract Upgrade Offer,40,0.2,279.552,239.55200000000002,5.9888,26,1240
976,26,Male,0,115.91,Month-to-Month,No Internet,0.0,No,Yes,1,Expected Range,Expected Range,25-34,0-6 Months,Premium,1390.92,115.91,1390.92,New,1.0,Critical,115.91,1390.92,0.9549799911071588,0.0,0.0,0.3819919964428635,Top Value,0.7527967985771454,169,High Priority,Contract Upgrade Offer,40,0.2,278.184,238.18400000000003,5.954600000000001,27,1280
436,45,Female,12,117.13,Month-to-Month,Fiber Optic,1405.56,Yes,Yes,1,Expected Range,Expected Range,45-54,7-12 Months,Premium,1405.56,117.13,1405.56,Developing,0.9884907407407407,Critical,115.78192046296296,1389.3830455555556,0.9685415740329035,0.11320326185442464,0.09836065573770492,0.45162793519663624,Top Value,0.7737456185230989,101,High Priority,Contract Upgrade Offer,40,0.2,277.8766091111111,237.87660911111112,5.946915227777778,28,1320
811,43,Female,25,116.88,Month-to-Month,Fiber Optic,2922.0,Yes,Yes,1,Expected Range,Expected Range,35-44,25-48 Months,Premium,1402.56,116.88,1402.56,Established,0.9901516290726817,Critical,115.72892240601503,1388.7470688721803,0.9657625611382838,0.23533675626698883,0.20491803278688525,0.5199023973454809,Top Value,0.8020519363818015,53,Immediate Action,Contract Upgrade Offer,40,0.2,277.74941377443605,237.74941377443605,5.943735344360901,29,1360
863,60,Male,34,116.19,Month-to-Month,DSL,3950.46,Yes,Yes,1,Expected Range,Expected Range,55-64,25-48 Months,Premium,1394.28,116.19,1394.28,Established,0.9944418604651162,Critical,115.54419976744185,1386.5303972093022,0.9580924855491331,0.3181685291452733,0.27868852459016397,0.5642681105680398,Top Value,0.8223723605062856,32,Immediate Action,Contract Upgrade Offer,40,0.2,277.30607944186045,237.30607944186045,5.932651986046511,30,1400
409,46,Male,29,115.24,Month-to-Month,No Internet,3341.96,No,Yes,1,Expected Range,Expected Range,45-54,25-48 Months,Premium,1382.8799999999999,115.24,1382.8799999999999,Established,1.0,Critical,115.24,1382.8799999999999,0.9475322365495777,0.26916017316017316,0.2377049180327869,0.5326451847340885,Top Value,0.8130580738936354,40,Immediate Action,Contract Upgrade Offer,40,0.2,276.57599999999996,236.57599999999996,5.914399999999999,31,1440
832,35,Male,1,115.13,Month-to-Month,Fiber Optic,115.13,Yes,Yes,1,Expected Range,Expected Range,35-44,0-6 Months,Premium,1381.56,115.13,1381.56,New,1.0,Critical,115.13,1381.56,0.946309470875945,0.009272525923688714,0.00819672131147541,0.3838183527515379,Top Value,0.7535273411006151,165,High Priority,Contract Upgrade Offer,40,0.2,276.312,236.312,5.9078,32,1480
558,40,Female,50,114.46,Month-to-Month,No Internet,5723.0,No,Yes,1,Expected Range,Expected Range,35-44,49-72 Months,Premium,1373.52,114.46,1373.52,Loyal,1.0,Critical,114.46,1373.52,0.9388617163183637,0.46092821906775394,0.4098360655737705,0.6393285795945021,Top Value,0.8557314318378009,14,Immediate Action,Contract Upgrade Offer,40,0.2,274.704,234.704,5.8676,33,1520
220,45,Male,52,114.42,Month-to-Month,No Internet,5949.84,No,Yes,1,Expected Range,Expected Range,45-54,49-72 Months,Premium,1373.04,114.42,1373.04,Loyal,1.0,Critical,114.42,1373.04,0.9384170742552247,0.4791978254303836,0.42622950819672134,0.6496434456519045,Top Value,0.8598573782607617,13,Immediate Action,Contract Upgrade Offer,40,0.2,274.608,234.608,5.8652,34,1560
427,35,Male,30,114.19,Month-to-Month,No Internet,3425.7,No,Yes,1,Expected Range,Expected Range,35-44,25-48 Months,Premium,1370.28,114.19,1370.28,Established,1.0,Critical,114.19,1370.28,0.9358603823921743,0.2759045605557233,0.24590163934426232,0.5323861589874385,Top Value,0.8129544635949754,41,Immediate Action,Contract Upgrade Offer,40,0.2,274.056,234.05599999999998,5.8514,35,1600
755,35,Male,4,114.1,Month-to-Month,Fiber Optic,456.4,No,Yes,1,Expected Range,Expected Range,35-44,0-6 Months,Premium,1369.1999999999998,114.1,1369.1999999999998,New,1.0,Critical,114.1,1369.1999999999998,0.9348599377501112,0.03675828047921071,0.03278688524590164,0.3950060945792437,Top Value,0.7580024378316974,153,High Priority,Contract Upgrade Offer,40,0.2,273.84,233.83999999999997,5.845999999999999,36,1640
403,45,Female,29,113.99,Month-to-Month,No Internet,3305.71,No,Yes,1,Expected Range,Expected Range,45-54,25-48 Months,Premium,1367.8799999999999,113.99,1367.8799999999999,Established,1.0,Critical,113.99,1367.8799999999999,0.9336371720764784,0.2662406121010772,0.2377049180327869,0.5260653125741652,Top Value,0.810426125029666,43,Immediate Action,Contract Upgrade Offer,40,0.2,273.57599999999996,233.57599999999996,5.8393999999999995,37,1680
974,38,Female,23,114.65,Month-to-Month,Fiber Optic,2636.9500000000003,Yes,Yes,1,Expected Range,Expected Range,35-44,13-24 Months,Premium,1375.8000000000002,114.65,1375.8000000000002,Developing,0.9916315789473685,Critical,113.6905605263158,1364.2867263157896,0.9409737661182749,0.2123789388905668,0.18852459016393444,0.49785328259999195,Top Value,0.7941202604084179,63,High Priority,Contract Upgrade Offer,40,0.2,272.8573452631579,232.85734526315792,5.821433631578948,38,1720
144,46,Female,3,113.62,Month-to-Month,No Internet,340.86,No,Yes,1,Expected Range,Expected Range,45-54,0-6 Months,Premium,1363.44,113.62,1363.44,New,1.0,Critical,113.62,1363.44,0.9295242329924414,0.02745273331319843,0.02459016393442623,0.38756569084020254,Top Value,0.755026276336081,162,High Priority,Contract Upgrade Offer,40,0.2,272.68800000000005,232.68800000000005,5.8172000000000015,39,1760
391,36,Female,2,113.62,Month-to-Month,Fiber Optic,227.24,Yes,Yes,1,Expected Range,Expected Range,35-44,0-6 Months,Premium,1363.44,113.62,1363.44,New,1.0,Critical,113.62,1363.44,0.9295242329924414,0.018301822208798953,0.01639344262295082,0.38231369162579387,Top Value,0.7529254766503175,168,High Priority,Contract Upgrade Offer,40,0.2,272.68800000000005,232.68800000000005,5.8172000000000015,40,1800
430,27,Male,7,113.58,Month-to-Month,Fiber Optic,795.06,Yes,Yes,1,Expected Range,Expected Range,25-34,7-12 Months,Premium,1362.96,113.58,1362.96,Developing,1.0,Critical,113.58,1362.96,0.9290795909293019,0.0640338266384778,0.05737704918032787,0.40838793799027,Top Value,0.763355175196108,132,High Priority,Contract Upgrade Offer,40,0.2,272.59200000000004,232.59200000000004,5.814800000000001,41,1840
506,40,Female,47,114.45,Month-to-Month,DSL,5379.150000000001,Yes,Yes,1,Expected Range,Expected Range,35-44,25-48 Months,Premium,1373.4,114.45,1373.4,Established,0.9921939972172531,Critical,113.55660298151462,1362.6792357781753,0.938750555802579,0.4332346723044398,0.3852459016393443,0.6234438330374217,Top Value,0.8446939315453206,18,Immediate Action,Contract Upgrade Offer,40,0.2,272.53584715563505,232.53584715563505,5.813396178890876,42,1880
543,50,Female,28,114.04,Month-to-Month,Fiber Optic,3193.1200000000003,Yes,Yes,1,Expected Range,Expected Range,45-54,25-48 Months,Premium,1368.48,114.04,1368.48,Established,0.9903659147869674,Critical,112.94132892230577,1355.2959470676692,0.9341929746554025,0.2571726568005638,0.22950819672131148,0.5210646689226862,Top Value,0.8026454164412549,52,Immediate Action,Contract Upgrade Offer,40,0.2,271.05918941353383,231.05918941353383,5.776479735338346,43,1920
69,48,Female,17,114.52,Month-to-Month,Fiber Optic,1946.84,Yes,Yes,1,Expected Range,Expected Range,45-54,13-24 Months,Premium,1374.24,114.52,1374.24,Developing,0.9848716931216931,Critical,112.78750629629629,1353.4500755555555,0.9395286794130726,0.15679774489076814,0.13934426229508198,0.4655267480507684,Top Value,0.7771337150933233,93,High Priority,Contract Upgrade Offer,40,0.2,270.6900151111111,230.6900151111111,5.767250377777778,44,1960
635,34,Female,17,114.47,Month-to-Month,DSL,1945.99,Yes,Yes,1,Expected Range,Expected Range,25-34,13-24 Months,Premium,1373.6399999999999,114.47,1373.6399999999999,Developing,0.9852836594069152,Critical,112.78542049230958,1353.425045907715,0.9389728768341485,0.1567292862176583,0.13934426229508198,0.4652804664836104,Top Value,0.7772823822375933,92,High Priority,Contract Upgrade Offer,40,0.2,270.685009181543,230.68500918154302,5.767125229538576,45,2000
849,38,Male,6,112.66,Month-to-Month,No Internet,675.96,No,Yes,1,Expected Range,Expected Range,35-44,0-6 Months,Premium,1351.92,112.66,1351.92,New,1.0,Critical,112.66,1351.92,0.918852823477101,0.054441558441558444,0.04918032786885246,0.39889075681259895,Top Value,0.7595563027250396,145,High Priority,Contract Upgrade Offer,40,0.2,270.384,230.38400000000001,5.759600000000001,46,2040
821,39,Male,26,112.55,Month-to-Month,Fiber Optic,2926.2999999999997,No,Yes,1,Expected Range,Expected Range,35-44,25-48 Months,Premium,1350.6,112.55,1350.6,Established,1.0,Critical,112.55,1350.6,0.9176300578034682,0.23568307661330914,0.21311475409836067,0.5028197884606357,Top Value,0.8011279153842543,54,Immediate Action,Contract Upgrade Offer,40,0.2,270.12,230.12,5.753,47,2080
798,51,Female,36,113.6,Month-to-Month,Fiber Optic,4089.6,Yes,Yes,1,Expected Range,Expected Range,45-54,25-48 Months,Premium,1363.1999999999998,113.6,1363.1999999999998,Established,0.9896516290726817,Critical,112.42442506265664,1349.0931007518798,0.9293019119608716,0.32937481123527634,0.29508196721311475,0.5607724405199741,Top Value,0.8180999536515986,36,Immediate Action,Contract Upgrade Offer,40,0.2,269.818620150376,229.81862015037598,5.7454655037594,48,2120
607,37,Female,0,112.36,Month-to-Month,DSL,0.0,Yes,Yes,1,Expected Range,Expected Range,35-44,0-6 Months,Premium,1348.32,112.36,1348.32,New,1.0,Critical,112.36,1348.32,0.9155180080035572,0.0,0.0,0.3662072032014229,High Value,0.7464828812805692,197,High Priority,Contract Upgrade Offer,40,0.2,269.664,229.664,5.7416,49,2160
661,39,Female,26,113.38,Month-to-Month,Fiber Optic,2947.88,Yes,Yes,1,Expected Range,Expected Range,35-44,25-48 Months,Premium,1360.56,113.38,1360.56,Established,0.9906633249791145,Critical,112.321407786132,1347.856893433584,0.9268563806136061,0.23742112151414477,0.21311475409836067,0.5071186332999833,Top Value,0.797245448307462,57,High Priority,Contract Upgrade Offer,40,0.2,269.5713786867168,229.5713786867168,5.73928446716792,50,2200
938,52,Female,1,112.02,Month-to-Month,DSL,112.02,Yes,Yes,1,Expected Range,Expected Range,45-54,0-6 Months,Premium,1344.24,112.02,1344.24,New,1.0,Critical,112.02,1344.24,0.9117385504668742,0.009022047719722138,0.00819672131147541,0.3699023172165213,High Value,0.7479609268866085,193,High Priority,Contract Upgrade Offer,40,0.2,268.848,228.848,5.7212000000000005,51,2240
456,37,Male,22,111.83,Month-to-Month,No Internet,2460.26,No,Yes,1,Expected Range,Expected Range,35-44,13-24 Months,Premium,1341.96,111.83,1341.96,Developing,1.0,Critical,111.83,1341.96,0.9096265006669633,0.1981483942414175,0.18032786885245902,0.4782845054643962,Top Value,0.7913138021857584,64,High Priority,Contract Upgrade Offer,40,0.2,268.392,228.392,5.7097999999999995,52,2280
346,47,Female,2,111.76,Month-to-Month,No Internet,223.52,No,Yes,1,Expected Range,Expected Range,45-54,0-6 Months,Premium,1341.1200000000001,111.76,1341.1200000000001,New,1.0,Critical,111.76,1341.1200000000001,0.9088483770564697,0.018002214839424144,0.01639344262295082,0.3739384866721241,High Value,0.7495753946688496,185,High Priority,Contract Upgrade Offer,40,0.2,268.22400000000005,228.22400000000005,5.705600000000001,53,2320
591,45,Male,14,112.48,Month-to-Month,Fiber Optic,1574.72,Yes,Yes,1,Expected Range,Expected Range,45-54,13-24 Months,Premium,1349.76,112.48,1349.76,Developing,0.9913389355742297,Critical,111.50580347338936,1338.0696416806722,0.9168519341929748,0.12682734319943623,0.11475409836065574,0.4398188683871565,Top Value,0.7707309086994004,105,High Priority,Contract Upgrade Offer,40,0.2,267.61392833613445,227.61392833613445,5.690348208403361,54,2360
680,57,Female,0,111.38,Month-to-Month,No Internet,0.0,No,Yes,1,Expected Range,Expected Range,55-64,0-6 Months,Premium,1336.56,111.38,1336.56,New,1.0,Critical,111.38,1336.56,0.9046242774566475,0.0,0.0,0.36184971098265906,High Value,0.7447398843930636,204,High Priority,Contract Upgrade Offer,40,0.2,267.312,227.312,5.6828,55,2400
476,42,Female,6,111.22,Month-to-Month,No Internet,667.3199999999999,No,Yes,1,Expected Range,Expected Range,35-44,0-6 Months,Premium,1334.6399999999999,111.22,1334.6399999999999,New,1.0,Critical,111.22,1334.6399999999999,0.9028457092040909,0.05374569616430081,0.04918032786885246,0.39224435930635476,Top Value,0.7568977437225419,156,High Priority,Contract Upgrade Offer,40,0.2,266.928,226.928,5.6732,56,2440
57,36,Male,18,111.71,Month-to-Month,DSL,2010.78,Yes,Yes,1,Expected Range,Expected Range,35-44,13-24 Months,Premium,1340.52,111.71,1340.52,Developing,0.9940748570981128,Critical,111.04810228643018,1332.577227437162,0.9082925744775456,0.16194744790093626,0.14754098360655737,0.4568838824579853,Top Value,0.7791984672420618,87,High Priority,Contract Upgrade Offer,40,0.2,266.51544548743243,226.51544548743243,5.662886137185811,57,2480
828,39,Male,12,111.02,Month-to-Month,No Internet,1332.24,No,Yes,1,Expected Range,Expected Range,35-44,7-12 Months,Premium,1332.24,111.02,1332.24,Developing,1.0,Critical,111.02,1332.24,0.9006224988883949,0.10729809725158562,0.09836065573770492,0.42239349752783917,Top Value,0.7689573990111357,110,High Priority,Contract Upgrade Offer,40,0.2,266.44800000000004,226.44800000000004,5.661200000000001,58,2520
484,47,Female,4,110.85,Month-to-Month,DSL,443.4,Yes,Yes,1,Expected Range,Expected Range,45-54,0-6 Months,Premium,1330.1999999999998,110.85,1330.1999999999998,New,1.0,Critical,110.85,1330.1999999999998,0.8987327701200534,0.03571126547870734,0.03278688524590164,0.38018877227704434,Top Value,0.7520755089108178,175,High Priority,Contract Upgrade Offer,40,0.2,266.03999999999996,226.03999999999996,5.650999999999999,59,2560
646,42,Male,18,110.82,Month-to-Month,DSL,1994.76,No,Yes,1,Expected Range,Expected Range,35-44,13-24 Months,Premium,1329.84,110.82,1329.84,Developing,1.0,Critical,110.82,1329.84,0.898399288572699,0.16065720326185443,0.14754098360655737,0.452474982472368,Top Value,0.7809899929889472,82,High Priority,Contract Upgrade Offer,40,0.2,265.968,225.96800000000002,5.6492,60,2600
927,39,Male,1,110.81,Month-to-Month,DSL,110.81,Yes,Yes,1,Expected Range,Expected Range,35-44,0-6 Months,Premium,1329.72,110.81,1329.72,New,1.0,Critical,110.81,1329.72,0.8982881280569144,0.008924594785059902,0.00819672131147541,0.36448803972540555,High Value,0.7457952158901622,199,High Priority,Contract Upgrade Offer,40,0.2,265.944,225.94400000000002,5.6486,61,2640
209,50,Male,4,110.76,Month-to-Month,Fiber Optic,443.04,Yes,Yes,1,Expected Range,Expected Range,45-54,0-6 Months,Premium,1329.1200000000001,110.76,1329.1200000000001,New,1.0,Critical,110.76,1329.1200000000001,0.8977323254779903,0.03568227121715494,0.03278688524590164,0.3797784464286758,High Value,0.7519113785714703,179,High Priority,Contract Upgrade Offer,40,0.2,265.824,225.824,5.6456,62,2680
455,39,Female,9,110.6,Month-to-Month,DSL,995.4,Yes,Yes,1,Expected Range,Expected Range,35-44,7-12 Months,Premium,1327.1999999999998,110.6,1327.1999999999998,Developing,1.0,Critical,110.6,1327.1999999999998,0.8959537572254335,0.080169133192389,0.07377049180327869,0.4048833224583292,Top Value,0.7619533289833317,135,High Priority,Contract Upgrade Offer,40,0.2,265.44,225.44,5.636,63,2720
722,27,Female,10,110.61,Month-to-Month,Fiber Optic,1106.1,Yes,Yes,1,Expected Range,Expected Range,25-34,7-12 Months,Premium,1327.32,110.61,1327.32,Developing,0.9988888888888889,Critical,110.4871,1325.8452,0.8960649177412183,0.08908486861975233,0.0819672131147541,0.4100974743920892,Top Value,0.7633723230901691,131,High Priority,Contract Upgrade Offer,40,0.2,265.16904,225.16904,5.629226,64,2760
39,31,Female,2,110.14,Month-to-Month,No Internet,220.28,No,Yes,1,Expected Range,Expected Range,25-34,0-6 Months,Premium,1321.68,110.14,1321.68,New,1.0,Critical,110.14,1321.68,0.8908403734993331,0.01774126648545253,0.01639344262295082,0.36664395332537936,High Value,0.7466575813301517,196,High Priority,Contract Upgrade Offer,40,0.2,264.336,224.336,5.6084000000000005,65,2800
45,30,Male,27,110.02,Month-to-Month,No Internet,2970.54,No,Yes,1,Expected Range,Expected Range,25-34,25-48 Months,Premium,1320.24,110.02,1320.24,Established,1.0,Critical,110.02,1320.24,0.8895064473099157,0.23924614919963758,0.2213114754098361,0.49486659999629845,Top Value,0.7979466399985193,56,High Priority,Contract Upgrade Offer,40,0.2,264.048,224.048,5.6012,66,2840
589,53,Male,1,109.76,Month-to-Month,Fiber Optic,109.76,No,Yes,1,Expected Range,Expected Range,45-54,0-6 Months,Premium,1317.1200000000001,109.76,1317.1200000000001,New,1.0,Critical,109.76,1317.1200000000001,0.8866162738995111,0.008840028188865399,0.00819672131147541,0.35978969975377617,High Value,0.7439158799015104,209,High Priority,Contract Upgrade Offer,40,0.2,263.42400000000004,223.42400000000004,5.585600000000001,67,2880
202,50,Male,40,109.75,Month-to-Month,No Internet,4390.0,No,Yes,1,Expected Range,Expected Range,45-54,25-48 Months,Premium,1317.0,109.75,1317.0,Established,1.0,Critical,109.75,1317.0,0.8865051133837263,0.35356891170844656,0.3278688524590164,0.560318377566201,Top Value,0.8241273510264804,31,Immediate Action,Contract Upgrade Offer,40,0.2,263.40000000000003,223.40000000000003,5.585000000000001,68,2920
410,50,Male,32,109.64,Month-to-Month,DSL,3508.48,No,Yes,1,Expected Range,Expected Range,45-54,25-48 Months,Premium,1315.68,109.64,1315.68,Established,1.0,Critical,109.64,1315.68,0.8852823477100935,0.28257162992046714,0.26229508196721313,0.5185867800480042,Top Value,0.8074347120192017,47,Immediate Action,Contract Upgrade Offer,40,0.2,263.136,223.13600000000002,5.5784,69,2960
998,51,Female,15,111.72,Month-to-Month,Fiber Optic,1675.8,Yes,Yes,1,Expected Range,Expected Range,45-54,13-24 Months,Premium,1340.6399999999999,111.72,1340.6399999999999,Developing,0.9796335978835979,Critical,109.44466555555556,1313.3359866666667,0.9084037349933305,0.13496828752642706,0.12295081967213116,0.44133809954961445,Top Value,0.7643153985500045,126,High Priority,Contract Upgrade Offer,40,0.2,262.6671973333334,222.66719733333338,5.566679933333335,70,3000
879,44,Male,1,108.63,Month-to-Month,Fiber Optic,108.63,Yes,Yes,1,Expected Range,Expected Range,35-44,0-6 Months,Premium,1303.56,108.63,1303.56,New,1.0,Critical,108.63,1303.56,0.8740551356158293,0.008749018423437028,0.00819672131147541,0.35473339102240353,High Value,0.7418933564089614,217,High Priority,Contract Upgrade Offer,40,0.2,260.712,220.712,5.517799999999999,71,3040
721,48,Male,26,109.75,Month-to-Month,DSL,2853.5,Yes,Yes,1,Expected Range,Expected Range,45-54,25-48 Months,Premium,1317.0,109.75,1317.0,Established,0.9895205641688198,Critical,108.59988191752798,1303.1985830103358,0.8865051133837263,0.2298197926104903,0.21311475409836067,0.4883176612917523,Top Value,0.7890394030179928,69,High Priority,Contract Upgrade Offer,40,0.2,260.63971660206715,220.63971660206715,5.515992915051679,72,3080
249,62,Female,1,107.82,Month-to-Month,Fiber Optic,107.82,Yes,Yes,1,Expected Range,Expected Range,55-64,0-6 Months,Premium,1293.84,107.82,1293.84,New,1.0,Critical,107.82,1293.84,0.8650511338372611,0.008683781334944124,0.00819672131147541,0.35110895733000375,High Value,0.7404435829320015,223,High Priority,Contract Upgrade Offer,40,0.2,258.768,218.76799999999997,5.469199999999999,73,3120
133,34,Female,7,107.8,Month-to-Month,Fiber Optic,754.6,Yes,Yes,1,Expected Range,Expected Range,25-34,7-12 Months,Premium,1293.6,107.8,1293.6,Developing,0.9988888888888889,Critical,107.68022222222223,1292.1626666666666,0.8648288128056916,0.06077519379844961,0.05737704918032787,0.38154710524681595,Top Value,0.7519521754320597,178,High Priority,Contract Upgrade Offer,40,0.2,258.4325333333333,218.4325333333333,5.460813333333332,74,3160
753,35,Female,10,106.55,Month-to-Month,No Internet,1065.5,No,Yes,1,Expected Range,Expected Range,35-44,7-12 Months,Premium,1278.6,106.55,1278.6,Developing,1.0,Critical,106.55,1278.6,0.8509337483325923,0.08581496023356489,0.0819672131147541,0.3909005386934732,Top Value,0.7563602154773893,159,High Priority,Contract Upgrade Offer,40,0.2,255.72,215.72,5.393,75,3200
905,46,Female,16,106.5,Month-to-Month,No Internet,1704.0,No,Yes,1,Expected Range,Expected Range,45-54,13-24 Months,Premium,1278.0,106.5,1278.0,Developing,1.0,Critical,106.5,1278.0,0.8503779457536684,0.13723950468136514,0.13114754098360656,0.42097189018584685,Top Value,0.7683887560743388,112,High Priority,Contract Upgrade Offer,40,0.2,255.60000000000002,215.60000000000002,5.390000000000001,76,3240
201,48,Female,17,107.67,Month-to-Month,Fiber Optic,1830.39,Yes,Yes,1,Expected Range,Expected Range,45-54,13-24 Months,Premium,1292.04,107.67,1292.04,Developing,0.9848716931216931,Critical,106.0411351984127,1272.4936223809525,0.8633837261004893,0.14741890667472063,0.13934426229508198,0.4317861733501185,Top Value,0.7636374852130633,128,High Priority,Contract Upgrade Offer,40,0.2,254.49872447619052,214.49872447619052,5.362468111904763,77,3280
102,40,Male,0,106.04,Month-to-Month,Fiber Optic,0.0,Yes,Yes,1,Expected Range,Expected Range,35-44,0-6 Months,Premium,1272.48,106.04,1272.48,New,1.0,Critical,106.04,1272.48,0.8452645620275681,0.0,0.0,0.33810582481102724,High Value,0.7352423299244109,247,High Priority,Contract Upgrade Offer,40,0.2,254.496,214.496,5.3624,78,3320
774,54,Male,22,106.22,Month-to-Month,DSL,2336.84,Yes,Yes,1,Expected Range,Expected Range,45-54,13-24 Months,Premium,1274.6399999999999,106.22,1274.6399999999999,Developing,0.9951341681574241,Critical,105.70315134168158,1268.437816100179,0.8472654513116942,0.18820819490586932,0.18032786885245902,0.4498610159548467,Top Value,0.7770249072763931,94,High Priority,Contract Upgrade Offer,40,0.2,253.6875632200358,213.6875632200358,5.342189080500895,79,3360
533,44,Female,11,105.68,Month-to-Month,Fiber Optic,1162.48,Yes,Yes,1,Expected Range,Expected Range,35-44,7-12 Months,Premium,1268.16,105.68,1268.16,Developing,1.0,Critical,105.68,1268.16,0.8412627834593154,0.09362569213732004,0.09016393442622951,0.39181508923834557,Top Value,0.7567260356953383,158,High Priority,Contract Upgrade Offer,40,0.2,253.63200000000003,213.63200000000003,5.340800000000001,80,3400
277,46,Female,7,105.61,Month-to-Month,No Internet,739.27,No,Yes,1,Expected Range,Expected Range,45-54,7-12 Months,Premium,1267.32,105.61,1267.32,Developing,1.0,Critical,105.61,1267.32,0.8404846598488218,0.05954052149400987,0.05737704918032787,0.3713773087575142,High Value,0.7485509235030057,189,High Priority,Contract Upgrade Offer,40,0.2,253.464,213.464,5.3366,81,3440
371,45,Male,2,105.53,Month-to-Month,No Internet,211.06,No,Yes,1,Expected Range,Expected Range,45-54,0-6 Months,Premium,1266.3600000000001,105.53,1266.3600000000001,New,1.0,Critical,105.53,1266.3600000000001,0.8395953757225434,0.01699869123124937,0.01639344262295082,0.34588605287569235,High Value,0.7383544211502769,230,High Priority,Contract Upgrade Offer,40,0.2,253.27200000000005,213.27200000000005,5.331800000000001,82,3480
286,25,Male,43,105.44,Month-to-Month,Fiber Optic,4533.92,No,Yes,1,Expected Range,Expected Range,25-34,25-48 Months,Premium,1265.28,105.44,1265.28,Established,1.0,Critical,105.44,1265.28,0.8385949310804803,0.3651601731601732,0.3524590163934426,0.5513587871366135,Top Value,0.8205435148546454,34,Immediate Action,Contract Upgrade Offer,40,0.2,253.056,213.056,5.3264000000000005,83,3520
129,45,Female,6,105.34,Month-to-Month,Fiber Optic,632.04,Yes,Yes,1,Expected Range,Expected Range,45-54,0-6 Months,Premium,1264.08,105.34,1264.08,New,1.0,Critical,105.34,1264.08,0.8374833259226324,0.05090425853216551,0.04918032786885246,0.36510490282252406,High Value,0.7460419611290097,198,High Priority,Contract Upgrade Offer,40,0.2,252.816,212.816,5.3204,84,3560
602,35,Male,6,104.96,Month-to-Month,Fiber Optic,629.76,Yes,Yes,1,Expected Range,Expected Range,35-44,0-6 Months,Premium,1259.52,104.96,1259.52,New,1.0,Critical,104.96,1259.52,0.8332592263228102,0.0507206282090003,0.04918032786885246,0.36335099236948737,High Value,0.745340396947795,202,High Priority,Contract Upgrade Offer,40,0.2,251.904,211.904,5.2976,85,3600
426,58,Male,30,105.11,Month-to-Month,Fiber Optic,3153.3,Yes,Yes,1,Expected Range,Expected Range,55-64,25-48 Months,Premium,1261.32,105.11,1261.32,Established,0.9951428571428571,Critical,104.59946571428571,1255.1935885714286,0.8349266340595822,0.25396556931440656,0.24590163934426232,0.4843340127199408,Top Value,0.7908193193736905,66,High Priority,Contract Upgrade Offer,40,0.2,251.03871771428572,211.03871771428572,5.275967942857143,86,3640
656,45,Male,23,105.15,Month-to-Month,DSL,2418.4500000000003,Yes,Yes,1,Expected Range,Expected Range,45-54,13-24 Months,Premium,1261.8000000000002,105.15,1261.8000000000002,Developing,0.9940517089499649,Critical,104.52453719608881,1254.2944463530657,0.8353712761227214,0.1947810329205678,0.18852459016393444,0.44945301951227096,Top Value,0.7762122331748873,95,High Priority,Contract Upgrade Offer,40,0.2,250.85888927061316,210.85888927061316,5.271472231765329,87,3680
357,44,Male,9,104.48,Month-to-Month,DSL,940.32,Yes,Yes,1,Expected Range,Expected Range,35-44,7-12 Months,Premium,1253.76,104.48,1253.76,Developing,1.0,Critical,104.48,1253.76,0.8279235215651402,0.07573301117487165,0.07377049180327869,0.37611858548808086,High Value,0.7504474341952323,182,High Priority,Contract Upgrade Offer,40,0.2,250.752,210.752,5.268800000000001,88,3720
578,52,Female,10,104.46,Month-to-Month,No Internet,1044.6,No,Yes,1,Expected Range,Expected Range,45-54,7-12 Months,Premium,1253.52,104.46,1253.52,Developing,1.0,Critical,104.46,1253.52,0.8277012005335704,0.08413168227121715,0.0819672131147541,0.3810183722870427,Top Value,0.7524073489148171,174,High Priority,Contract Upgrade Offer,40,0.2,250.704,210.704,5.2676,89,3760
395,56,Male,15,104.42,Month-to-Month,DSL,1566.3,No,Yes,1,Expected Range,Expected Range,55-64,13-24 Months,Premium,1253.04,104.42,1253.04,Developing,1.0,Critical,104.42,1253.04,0.8272565584704314,0.12614919963757174,0.12295081967213116,0.4057925481793555,Top Value,0.7623170192717422,134,High Priority,Contract Upgrade Offer,40,0.2,250.608,210.608,5.2652,90,3800
600,48,Female,41,104.2,Month-to-Month,DSL,4272.2,No,Yes,1,Expected Range,Expected Range,45-54,25-48 Months,Premium,1250.4,104.2,1250.4,Established,1.0,Critical,104.2,1250.4,0.8248110271231659,0.34408134501157756,0.33606557377049184,0.5343692750459414,Top Value,0.8137477100183765,38,Immediate Action,Contract Upgrade Offer,40,0.2,250.08000000000004,210.08000000000004,5.252000000000001,91,3840
757,49,Male,6,104.09,Month-to-Month,Fiber Optic,624.54,No,Yes,1,Expected Range,Expected Range,45-54,0-6 Months,Premium,1249.08,104.09,1249.08,New,1.0,Critical,104.09,1249.08,0.8235882614495333,0.050300211416490485,0.04918032786885246,0.35933546054279814,High Value,0.7437341842171192,211,High Priority,Contract Upgrade Offer,40,0.2,249.816,209.816,5.2454,92,3880
266,32,Male,24,104.01,Month-to-Month,No Internet,2496.24,No,Yes,1,Expected Range,Expected Range,25-34,13-24 Months,Premium,1248.1200000000001,104.01,1248.1200000000001,Developing,1.0,Critical,104.01,1248.1200000000001,0.8226989773232549,0.20104620960434913,0.19672131147540983,0.44862609215967664,Top Value,0.7794504368638706,86,High Priority,Contract Upgrade Offer,40,0.2,249.62400000000002,209.62400000000002,5.240600000000001,93,3920
481,43,Female,0,103.89,Month-to-Month,Fiber Optic,0.0,No,Yes,1,Expected Range,Expected Range,35-44,0-6 Months,Premium,1246.68,103.89,1246.68,New,1.0,Critical,103.89,1246.68,0.8213650511338373,0.0,0.0,0.3285460204535349,High Value,0.7314184081814139,266,High Priority,Contract Upgrade Offer,40,0.2,249.336,209.336,5.2334000000000005,94,3960
101,30,Male,3,104.29,Month-to-Month,DSL,312.87,Yes,Yes,1,Expected Range,Expected Range,25-34,0-6 Months,Premium,1251.48,104.29,1251.48,New,0.9959999999999999,Critical,103.87284,1246.47408,0.8258114717652292,0.025198429477499246,0.02459016393442623,0.345291580006823,High Value,0.7357166320027291,244,High Priority,Contract Upgrade Offer,40,0.2,249.294816,209.294816,5.2323704,95,4000
761,39,Male,18,103.65,Month-to-Month,Fiber Optic,1865.7,No,Yes,1,Expected Range,Expected Range,35-44,13-24 Months,Premium,1243.8000000000002,103.65,1243.8000000000002,Developing,1.0,Critical,103.65,1243.8000000000002,0.8186971987550025,0.15026276049531864,0.14754098360655737,0.41695609157700186,Top Value,0.7667824366308007,118,High Priority,Contract Upgrade Offer,40,0.2,248.76000000000005,208.76000000000005,5.219000000000001,96,4040
446,51,Female,5,103.57,Month-to-Month,Fiber Optic,517.8499999999999,Yes,Yes,1,Expected Range,Expected Range,45-54,0-6 Months,Premium,1242.84,103.57,1242.84,New,1.0,Critical,103.57,1242.84,0.8178079146287238,0.041707439846974725,0.04098360655737705,0.35196667143727495,High Value,0.7407866685749099,221,High Priority,Contract Upgrade Offer,40,0.2,248.56799999999998,208.56799999999998,5.2142,97,4080
882,39,Female,42,103.12,Month-to-Month,DSL,4331.04,No,Yes,1,Expected Range,Expected Range,35-44,25-48 Months,Premium,1237.44,103.12,1237.44,Established,1.0,Critical,103.12,1237.44,0.8128056914184083,0.34882029598308667,0.3442622950819672,0.5332749539319355,Top Value,0.8133099815727742,39,Immediate Action,Contract Upgrade Offer,40,0.2,247.48800000000003,207.48800000000003,5.187200000000001,98,4120
488,34,Female,31,104.39,Month-to-Month,DSL,3236.09,Yes,Yes,1,Expected Range,Expected Range,25-34,25-48 Months,Premium,1252.68,104.39,1252.68,Established,0.98754556416882,Critical,103.08988144358312,1237.0785773229975,0.8269230769230771,0.26063344407530453,0.2540983606557377,0.4855155263595219,Top Value,0.7867335490451008,72,High Priority,Contract Upgrade Offer,40,0.2,247.41571546459951,207.41571546459951,5.185392886614988,99,4160
928,48,Male,0,102.89,Month-to-Month,Fiber Optic,0.0,Yes,Yes,1,Expected Range,Expected Range,45-54,0-6 Months,Premium,1234.68,102.89,1234.68,New,1.0,Critical,102.89,1234.68,0.8102489995553581,0.0,0.0,0.32409959982214326,High Value,0.7296398399288573,273,High Priority,Contract Upgrade Offer,40,0.2,246.93600000000004,206.93600000000004,5.173400000000001,100,4200
527,28,Female,20,102.51,Month-to-Month,No Internet,2050.2000000000003,No,Yes,1,Expected Range,Expected Range,25-34,13-24 Months,Premium,1230.1200000000001,102.51,1230.1200000000001,Developing,1.0,Critical,102.51,1230.1200000000001,0.806024899955536,0.1651223195409242,0.1639344262295082,0.42118637837891487,Top Value,0.768474551351566,111,High Priority,Contract Upgrade Offer,40,0.2,246.02400000000003,206.02400000000003,5.150600000000001,101,4240
686,52,Female,5,102.51,Month-to-Month,DSL,512.5500000000001,Yes,Yes,1,Expected Range,Expected Range,45-54,0-6 Months,Premium,1230.1200000000001,102.51,1230.1200000000001,New,1.0,Critical,102.51,1230.1200000000001,0.806024899955536,0.04128057988523105,0.04098360655737705,0.3471040645813895,High Value,0.7388416258325557,229,High Priority,Contract Upgrade Offer,40,0.2,246.02400000000003,206.02400000000003,5.150600000000001,102,4280
624,58,Male,7,102.49,Month-to-Month,Fiber Optic,717.43,Yes,Yes,1,Expected Range,Expected Range,55-64,7-12 Months,Premium,1229.8799999999999,102.49,1229.8799999999999,Developing,1.0,Critical,102.49,1229.8799999999999,0.8058025789239662,0.057781536293164196,0.05737704918032787,0.35688883156727597,High Value,0.7427555326269104,214,High Priority,Contract Upgrade Offer,40,0.2,245.976,205.976,5.1494,103,4320
23,45,Male,10,102.4,Month-to-Month,DSL,1024.0,Yes,Yes,1,Expected Range,Expected Range,45-54,7-12 Months,Premium,1228.8000000000002,102.4,1228.8000000000002,Developing,1.0,Critical,102.4,1228.8000000000002,0.8048021342819032,0.08247256619349642,0.0819672131147541,0.3712780551591736,High Value,0.7485112220636694,190,High Priority,Contract Upgrade Offer,40,0.2,245.76000000000005,205.76000000000005,5.144000000000001,104,4360
151,47,Female,6,102.4,Month-to-Month,Fiber Optic,614.4000000000001,No,Yes,1,Expected Range,Expected Range,45-54,0-6 Months,Premium,1228.8000000000002,102.4,1228.8000000000002,New,1.0,Critical,102.4,1228.8000000000002,0.8048021342819032,0.04948353971609786,0.04918032786885246,0.3515351745806087,High Value,0.7406140698322434,222,High Priority,Contract Upgrade Offer,40,0.2,245.76000000000005,205.76000000000005,5.144000000000001,105,4400
31,38,Male,34,102.27,Month-to-Month,DSL,3477.18,No,Yes,1,Expected Range,Expected Range,35-44,25-48 Months,Premium,1227.24,102.27,1227.24,Established,1.0,Critical,102.27,1227.24,0.8033570475767009,0.2800507399577167,0.27868852459016397,0.48903270916342223,Top Value,0.7956130836653689,62,High Priority,Contract Upgrade Offer,40,0.2,245.448,205.448,5.1362000000000005,106,4440
180,72,Female,40,102.25,Month-to-Month,Fiber Optic,4090.0,No,Yes,1,Expected Range,Expected Range,65+,25-48 Months,Premium,1227.0,102.25,1227.0,Established,1.0,Critical,102.25,1227.0,0.8031347265451312,0.3294070270814457,0.3278688524590164,0.5185135632113126,Top Value,0.8074054252845251,48,Immediate Action,Contract Upgrade Offer,40,0.2,245.4,205.4,5.135,107,4480
489,61,Female,38,102.09,Month-to-Month,DSL,3879.42,No,Yes,1,Expected Range,Expected Range,55-64,25-48 Months,Premium,1225.08,102.09,1225.08,Established,1.0,Critical,102.09,1225.08,0.8013561582925746,0.3124469948655995,0.3114754098360656,0.507767763979006,Top Value,0.8031071055916024,51,Immediate Action,Contract Upgrade Offer,40,0.2,245.016,205.016,5.1254,108,4520
236,51,Female,35,101.85,Month-to-Month,DSL,3564.75,No,Yes,1,Expected Range,Expected Range,45-54,25-48 Months,Premium,1222.1999999999998,101.85,1222.1999999999998,Established,1.0,Critical,101.85,1222.1999999999998,0.7986883059137395,0.28710359408033825,0.2868852459016394,0.491682891769024,Top Value,0.7966731567076096,58,High Priority,Contract Upgrade Offer,40,0.2,244.43999999999997,204.43999999999997,5.110999999999999,109,4560
706,51,Male,31,102.49,Month-to-Month,DSL,3177.19,Yes,Yes,1,Expected Range,Expected Range,45-54,25-48 Months,Premium,1229.8799999999999,102.49,1229.8799999999999,Established,0.9922335271317829,Critical,101.69401419573643,1220.3281703488371,0.8058025789239662,0.25588966072687,0.2540983606557377,0.47540700298792543,Top Value,0.7855029174742398,76,High Priority,Contract Upgrade Offer,40,0.2,244.06563406976744,204.06563406976744,5.101640851744186,110,4600
65,53,Female,0,101.66,Month-to-Month,Fiber Optic,0.0,Yes,Yes,1,Expected Range,Expected Range,45-54,0-6 Months,Premium,1219.92,101.66,1219.92,New,1.0,Critical,101.66,1219.92,0.7965762561138285,0.0,0.0,0.3186305024455314,High Value,0.7274522009782125,279,High Priority,Contract Upgrade Offer,40,0.2,243.98400000000004,203.98400000000004,5.099600000000001,111,4640
323,36,Female,36,101.63,Month-to-Month,Fiber Optic,3658.68,Yes,Yes,1,Expected Range,Expected Range,35-44,25-48 Months,Premium,1219.56,101.63,1219.56,Established,0.9961428571428572,Critical,101.23799857142858,1214.8559828571429,0.796242774566474,0.2946686801570522,0.29508196721311475,0.49540163968483664,Top Value,0.795846370159649,61,High Priority,Contract Upgrade Offer,40,0.2,242.97119657142858,202.97119657142858,5.0742799142857145,112,4680
670,55,Female,24,100.86,Month-to-Month,No Internet,2420.64,No,Yes,1,Expected Range,Expected Range,55-64,13-24 Months,Premium,1210.32,100.86,1210.32,Developing,1.0,Critical,100.86,1210.32,0.787683414851045,0.1949574146783449,0.19672131147540983,0.4324887889466912,Top Value,0.7729955155786765,102,High Priority,Contract Upgrade Offer,40,0.2,242.064,202.064,5.0516,113,4720
318,41,Male,27,101.8,Month-to-Month,DSL,2748.6,Yes,Yes,1,Expected Range,Expected Range,35-44,25-48 Months,Premium,1221.6,101.8,1221.6,Established,0.98861436987292,Critical,100.64094285306325,1207.691314236759,0.7981325033348154,0.2213711869525823,0.2213114754098361,0.452060785619789,Top Value,0.7739929361716675,100,High Priority,Contract Upgrade Offer,40,0.2,241.5382628473518,201.5382628473518,5.038456571183795,114,4760
854,56,Female,12,100.18,Month-to-Month,No Internet,1202.16,No,Yes,1,Expected Range,Expected Range,55-64,7-12 Months,Premium,1202.16,100.18,1202.16,Developing,1.0,Critical,100.18,1202.16,0.7801244997776791,0.09682150407731803,0.09836065573770492,0.37052749027255916,High Value,0.7482109961090236,191,High Priority,Contract Upgrade Offer,40,0.2,240.43200000000002,200.43200000000002,5.010800000000001,115,4800
759,36,Female,21,100.16,Month-to-Month,No Internet,2103.36,No,Yes,1,Expected Range,Expected Range,35-44,13-24 Months,Premium,1201.92,100.16,1201.92,Developing,1.0,Critical,100.16,1201.92,0.7799021787461093,0.16940380549682876,0.1721311475409836,0.41428499030757976,Top Value,0.7657139961230319,120,High Priority,Contract Upgrade Offer,40,0.2,240.38400000000001,200.38400000000001,5.009600000000001,116,4840
80,25,Female,6,100.02,Month-to-Month,No Internet,600.12,No,Yes,1,Expected Range,Expected Range,25-34,0-6 Months,Premium,1200.24,100.02,1200.24,New,1.0,Critical,100.02,1200.24,0.7783459315251224,0.04833343400785261,0.04918032786885246,0.3405501564800105,High Value,0.7362200625920042,239,High Priority,Contract Upgrade Offer,40,0.2,240.048,200.048,5.0012,117,4880
273,56,Female,32,99.93,Month-to-Month,No Internet,3197.76,No,Yes,1,Expected Range,Expected Range,55-64,25-48 Months,High,1199.16,99.93,1199.16,Established,1.0,Critical,99.93,1199.16,0.7773454868830594,0.25754636061612807,0.26229508196721313,0.46665319146067186,Top Value,0.7866612765842688,73,High Priority,Contract Upgrade Offer,40,0.2,239.83200000000002,199.83200000000002,4.995800000000001,118,4920
397,27,Male,0,99.77,Month-to-Month,Fiber Optic,0.0,Yes,Yes,1,Expected Range,Expected Range,25-34,0-6 Months,High,1197.24,99.77,1197.24,New,1.0,Critical,99.77,1197.24,0.7755669186305025,0.0,0.0,0.310226767452201,High Value,0.7240907069808804,298,High Priority,Contract Upgrade Offer,40,0.2,239.448,199.448,4.9862,119,4960
119,56,Female,14,100.54,Month-to-Month,DSL,1407.5600000000002,Yes,Yes,1,Expected Range,Expected Range,55-64,13-24 Months,Premium,1206.48,100.54,1206.48,Developing,0.9899348576639958,Critical,99.52805058953814,1194.3366070744578,0.7841262783459317,0.11336434108527133,0.11475409836065574,0.38201655530838163,Top Value,0.7467675367217501,195,High Priority,Contract Upgrade Offer,40,0.2,238.86732141489156,198.86732141489156,4.971683035372289,120,5000
355,44,Male,4,99.25,Month-to-Month,No Internet,397.0,No,Yes,1,Expected Range,Expected Range,35-44,0-6 Months,High,1191.0,99.25,1191.0,New,1.0,Critical,99.25,1191.0,0.7697865718096932,0.031974227323064534,0.03278688524590164,0.3273023295984253,High Value,0.7309209318393701,270,High Priority,Contract Upgrade Offer,40,0.2,238.20000000000002,198.20000000000002,4.955,121,5040
783,48,Female,3,99.17,Month-to-Month,Fiber Optic,297.51,Yes,Yes,1,Expected Range,Expected Range,45-54,0-6 Months,High,1190.04,99.17,1190.04,New,0.9966666666666667,Critical,98.83943333333333,1186.0732,0.768897287683415,0.023961340984596798,0.02459016393442623,0.32209292540158146,High Value,0.7268371701606325,283,High Priority,Contract Upgrade Offer,40,0.2,237.21464000000003,197.21464000000003,4.930366000000001,122,5080
125,50,Male,3,98.79,Month-to-Month,DSL,296.37,No,Yes,1,Expected Range,Expected Range,45-54,0-6 Months,High,1185.48,98.79,1185.48,New,1.0,Critical,98.79,1185.48,0.7646731880835929,0.023869525823014194,0.02459016393442623,0.32037115025509866,High Value,0.7281484601020395,275,High Priority,Contract Upgrade Offer,40,0.2,237.096,197.096,4.9274000000000004,123,5120
81,42,Male,7,98.48,Month-to-Month,Fiber Optic,689.36,No,Yes,1,Expected Range,Expected Range,35-44,7-12 Months,High,1181.76,98.48,1181.76,Developing,1.0,Critical,98.48,1181.76,0.7612272120942642,0.05552078928823115,0.05737704918032787,0.33826742338366855,High Value,0.7353069693534674,245,High Priority,Contract Upgrade Offer,40,0.2,236.352,196.352,4.9088,124,5160
645,42,Male,6,98.16,Month-to-Month,Fiber Optic,588.96,No,Yes,1,Expected Range,Expected Range,35-44,0-6 Months,High,1177.92,98.16,1177.92,New,1.0,Critical,98.16,1177.92,0.7576700755891508,0.04743461189972818,0.04918032786885246,0.3319652263677783,High Value,0.7327860905471113,258,High Priority,Contract Upgrade Offer,40,0.2,235.58400000000003,195.58400000000003,4.889600000000001,125,5200
447,48,Female,4,98.13,Month-to-Month,No Internet,392.52,No,Yes,1,Expected Range,Expected Range,45-54,0-6 Months,High,1177.56,98.13,1177.56,New,1.0,Critical,98.13,1177.56,0.7573365940417964,0.031613409845967985,0.03278688524590164,0.3221960523742828,High Value,0.7288784209497131,274,High Priority,Contract Upgrade Offer,40,0.2,235.512,195.512,4.8878,126,5240
137,37,Female,82,98.11,Month-to-Month,Fiber Optic,8045.02,No,Yes,1,Expected Range,Expected Range,35-44,73+ Months,High,1177.32,98.11,1177.32,Loyal,0.9988888888888887,Critical,98.00098888888887,1176.0118666666665,0.7571142730102269,0.6479428168730494,0.6721311475409837,0.697658481994904,Top Value,0.8783967261312948,10,Immediate Action,Contract Upgrade Offer,40,0.2,235.2023733333333,195.2023733333333,4.880059333333333,127,5280
595,55,Male,8,97.72,Month-to-Month,No Internet,781.76,No,Yes,1,Expected Range,Expected Range,55-64,7-12 Months,High,1172.6399999999999,97.72,1172.6399999999999,Developing,1.0,Critical,97.72,1172.6399999999999,0.7527790128946199,0.06296264975334742,0.06557377049180328,0.3395419751944704,High Value,0.7358167900777881,242,High Priority,Contract Upgrade Offer,40,0.2,234.528,194.528,4.8632,128,5320
419,56,Male,0,119.11,One-Year,Fiber Optic,0.0,No,Yes,1,Expected Range,Expected Range,55-64,0-6 Months,Premium,1429.32,119.11,1429.32,New,1.0,Critical,119.11,1429.32,0.9905513561582926,0.0,0.0,0.39622054246331706,Top Value,0.7584882169853269,149,High Priority,Complimentary Tech Support,20,0.15,214.398,194.398,9.719899999999999,129,5340
335,54,Female,20,97.52,Month-to-Month,No Internet,1950.4,No,Yes,1,Expected Range,Expected Range,45-54,13-24 Months,High,1170.24,97.52,1170.24,Developing,1.0,Critical,97.52,1170.24,0.7505558025789241,0.15708446592167521,0.1639344262295082,0.396185490661533,Top Value,0.7584741962646132,150,High Priority,Contract Upgrade Offer,40,0.2,234.048,194.048,4.8512,130,5380
40,46,Female,9,97.5,Month-to-Month,No Internet,877.5,No,Yes,1,Expected Range,Expected Range,45-54,7-12 Months,High,1170.0,97.5,1170.0,Developing,1.0,Critical,97.5,1170.0,0.7503334815473546,0.07067351253397765,0.07377049180327869,0.3433117449566537,High Value,0.7373246979826614,235,High Priority,Contract Upgrade Offer,40,0.2,234.0,194.0,4.85,131,5420
876,62,Male,6,118.86,One-Year,Fiber Optic,713.16,No,Yes,1,Expected Range,Expected Range,55-64,0-6 Months,Premium,1426.32,118.86,1426.32,New,0.9967236467236467,Critical,118.47057264957265,1421.6468717948717,0.9877723432636729,0.05743763213530655,0.04918032786885246,0.4275071905200396,Top Value,0.7690370642422037,109,High Priority,Complimentary Tech Support,20,0.15,213.24703076923075,193.24703076923075,9.662351538461538,132,5440
136,60,Female,35,119.16,One-Year,DSL,4170.599999999999,No,Yes,1,Expected Range,Expected Range,55-64,25-48 Months,Premium,1429.92,119.16,1429.92,Established,0.9908440170940169,Critical,118.06897307692306,1416.8276769230768,0.9911071587372167,0.33589852008456655,0.2868852459016394,0.5857286569998947,Top Value,0.8287978730563681,29,Immediate Action,Complimentary Tech Support,20,0.15,212.5241515384615,192.5241515384615,9.626207576923075,133,5460
741,26,Male,11,117.96,One-Year,No Internet,1297.56,No,Yes,1,Expected Range,Expected Range,25-34,7-12 Months,Premium,1415.52,117.96,1415.52,Developing,1.0,Critical,117.96,1415.52,0.9777678968430414,0.10450498338870431,0.09016393442622951,0.45022488652982046,Top Value,0.7800899546119282,84,High Priority,Complimentary Tech Support,20,0.15,212.328,192.328,9.6164,134,5480
36,32,Female,1,96.8,Month-to-Month,Fiber Optic,96.8,No,Yes,1,Expected Range,Expected Range,25-34,0-6 Months,High,1161.6,96.8,1161.6,New,1.0,Critical,96.8,1161.6,0.7425522454424189,0.007796234772978959,0.00819672131147541,0.30179876067537903,High Value,0.7207195042701516,310,High Priority,Contract Upgrade Offer,40,0.2,232.32,192.32,4.808,135,5520
895,58,Male,7,97.81,Month-to-Month,Fiber Optic,684.6700000000001,Yes,Yes,1,Expected Range,Expected Range,55-64,7-12 Months,High,1173.72,97.81,1173.72,Developing,0.9888997821350763,Critical,96.72428769063183,1160.6914522875818,0.7537794575366832,0.055143058491895706,0.05737704918032787,0.33515611578191873,High Value,0.7274023155938133,280,High Priority,Contract Upgrade Offer,40,0.2,232.13829045751638,192.13829045751638,4.803457261437909,136,5560
278,38,Female,12,119.05,One-Year,Fiber Optic,1428.6,No,Yes,1,Expected Range,Expected Range,35-44,7-12 Months,Premium,1428.6,119.05,1428.6,Developing,0.9892222222222222,Critical,117.76690555555555,1413.2028666666665,0.9898843930635839,0.1150588945937783,0.09836065573770492,0.46081453426768226,Top Value,0.7778591470404063,90,High Priority,Complimentary Tech Support,20,0.15,211.98042999999998,191.98042999999998,9.5990215,137,5580
385,37,Male,6,97.57,Month-to-Month,DSL,585.42,Yes,Yes,1,Expected Range,Expected Range,35-44,0-6 Months,High,1170.84,97.57,1170.84,New,0.9896616868969811,Critical,96.56129079053844,1158.7354894864611,0.7511116051578479,0.047149501661129564,0.04918032786885246,0.3292420496117477,High Value,0.7254938319828876,289,High Priority,Contract Upgrade Offer,40,0.2,231.74709789729224,191.74709789729224,4.793677447432306,138,5620
498,43,Female,6,96.5,Month-to-Month,No Internet,579.0,No,Yes,1,Expected Range,Expected Range,35-44,0-6 Months,High,1158.0,96.5,1158.0,New,1.0,Critical,96.5,1158.0,0.7392174299688752,0.04663243733011175,0.04918032786885246,0.3243034070203023,High Value,0.7297213628081209,272,High Priority,Contract Upgrade Offer,40,0.2,231.60000000000002,191.60000000000002,4.790000000000001,139,5660
204,55,Female,10,96.37,Month-to-Month,Fiber Optic,963.7,No,Yes,1,Expected Range,Expected Range,55-64,7-12 Months,High,1156.44,96.37,1156.44,Developing,1.0,Critical,96.37,1156.44,0.7377723432636729,0.07761602738346925,0.0819672131147541,0.3427663501683719,High Value,0.7371065400673488,236,High Priority,Contract Upgrade Offer,40,0.2,231.288,191.288,4.7822000000000005,140,5700
414,57,Female,6,116.7,One-Year,No Internet,700.2,No,Yes,1,Expected Range,Expected Range,55-64,0-6 Months,Premium,1400.4,116.7,1400.4,New,1.0,Critical,116.7,1400.4,0.9637616718541575,0.056393838719420115,0.04918032786885246,0.41753759426067316,Top Value,0.7670150377042693,116,High Priority,Complimentary Tech Support,20,0.15,210.06,190.06,9.503,141,5720
930,44,Male,44,95.72,Month-to-Month,Fiber Optic,4211.68,No,Yes,1,Expected Range,Expected Range,35-44,25-48 Months,High,1148.6399999999999,95.72,1148.6399999999999,Established,1.0,Critical,95.72,1148.6399999999999,0.7305469097376613,0.33920708748615724,0.36065573770491804,0.5011051789414491,Top Value,0.8004420715765797,55,Immediate Action,Contract Upgrade Offer,40,0.2,229.72799999999998,189.72799999999998,4.7432,142,5760
621,37,Female,27,95.55,Month-to-Month,No Internet,2579.85,No,Yes,1,Expected Range,Expected Range,35-44,25-48 Months,High,1146.6,95.55,1146.6,Established,1.0,Critical,95.55,1146.6,0.7286571809693199,0.20778012684989428,0.2213114754098361,0.41951378563764996,Top Value,0.7678055142550599,114,High Priority,Contract Upgrade Offer,40,0.2,229.32,189.32,4.733,143,5800
211,50,Female,38,117.6,One-Year,Fiber Optic,4468.8,No,Yes,1,Expected Range,Expected Range,45-54,25-48 Months,Premium,1411.1999999999998,117.6,1411.1999999999998,Established,0.9878042328042327,Critical,116.16577777777776,1393.9893333333332,0.9737661182747888,0.3599154334038055,0.3114754098360656,0.5933457014602639,Top Value,0.8300208202666451,27,Immediate Action,Complimentary Tech Support,20,0.15,209.09839999999997,189.09839999999997,9.454919999999998,144,5820
292,40,Male,22,98.62,Month-to-Month,Fiber Optic,2169.6400000000003,Yes,Yes,1,Expected Range,Expected Range,35-44,13-24 Months,High,1183.44,98.62,1183.44,Developing,0.9651646092328948,Critical,95.18453376254809,1142.214405150577,0.7627834593152514,0.1747419712070875,0.18032786885245902,0.41135504086169594,Top Value,0.7436407818844152,212,High Priority,Contract Upgrade Offer,40,0.2,228.44288103011542,188.44288103011542,4.711072025752886,145,5860
599,40,Female,3,95.83,Month-to-Month,Fiber Optic,287.49,Yes,Yes,1,Expected Range,Expected Range,35-44,0-6 Months,High,1149.96,95.83,1149.96,New,0.9925925925925926,Critical,95.12014814814815,1141.4417777777778,0.7317696754112939,0.023154334038054968,0.02459016393442623,0.30695942806144333,High Value,0.7183393267801328,319,High Priority,Contract Upgrade Offer,40,0.2,228.28835555555557,188.28835555555557,4.707208888888889,146,5900
795,34,Female,11,96.07,Month-to-Month,Fiber Optic,1056.77,Yes,Yes,1,Expected Range,Expected Range,25-34,7-12 Months,High,1152.84,96.07,1152.84,Developing,0.9892592592592593,Critical,95.03813703703703,1140.4576444444444,0.7344375277901289,0.08511184939091916,0.09016393442622951,0.34610514200943066,High Value,0.7319976123593278,263,High Priority,Contract Upgrade Offer,40,0.2,228.0915288888889,188.0915288888889,4.702288222222222,147,5940
986,33,Male,4,96.09,Month-to-Month,Fiber Optic,384.36,Yes,Yes,1,Expected Range,Expected Range,25-34,0-6 Months,High,1153.08,96.09,1153.08,New,0.9883283535636476,Critical,94.96847149393089,1139.6216579271706,0.7346598488216987,0.03095620658411356,0.03278688524590164,0.3128953331445946,High Value,0.7181551453960264,321,High Priority,Contract Upgrade Offer,40,0.2,227.92433158543415,187.92433158543415,4.6981082896358535,148,5980
625,60,Female,7,115.21,Two-Year,DSL,806.4699999999999,No,Yes,1,Expected Range,Expected Range,55-64,7-12 Months,Premium,1382.52,115.21,1382.52,Developing,0.9979999999999999,Critical,114.97957999999998,1379.7549599999998,0.9471987550022232,0.06495278365045806,0.05737704918032787,0.41595723857363154,Top Value,0.7651828954294525,123,High Priority,Complimentary Tech Support,20,0.15,206.96324399999995,186.96324399999995,9.348162199999997,149,6000
416,37,Male,14,94.44,Month-to-Month,No Internet,1322.16,No,Yes,1,Expected Range,Expected Range,35-44,13-24 Months,High,1133.28,94.44,1133.28,Developing,1.0,Critical,94.44,1133.28,0.7163183637172077,0.1064862579281184,0.11475409836065574,0.35248606035188845,High Value,0.7409944241407553,220,High Priority,Contract Upgrade Offer,40,0.2,226.656,186.656,4.6664,150,6040
159,33,Male,17,114.75,Two-Year,No Internet,1950.75,No,Yes,1,Expected Range,Expected Range,25-34,13-24 Months,Premium,1377.0,114.75,1377.0,Developing,0.9988888888888887,Critical,114.62249999999997,1375.4699999999998,0.9420853712761228,0.1571126547870734,0.13934426229508198,0.46665964325969533,Top Value,0.7859971906372113,75,High Priority,Complimentary Tech Support,20,0.15,206.32049999999995,186.32049999999995,9.316024999999998,151,6060
17,34,Female,13,93.79,Month-to-Month,No Internet,1219.27,No,Yes,1,Expected Range,Expected Range,25-34,13-24 Months,High,1125.48,93.79,1125.48,Developing,1.0,Critical,93.79,1125.48,0.7090929301911963,0.09819953689721131,0.10655737704918034,0.34464635425279755,High Value,0.737858541701119,233,High Priority,Contract Upgrade Offer,40,0.2,225.096,185.096,4.6274,152,6100
139,53,Male,64,93.67,Month-to-Month,Fiber Optic,5994.88,No,Yes,1,Expected Range,Expected Range,45-54,49-72 Months,High,1124.04,93.67,1124.04,Loyal,1.0,Critical,93.67,1124.04,0.7077590040017787,0.4828253297090506,0.5245901639344263,0.5832400079824858,Top Value,0.8332960031929944,24,Immediate Action,Contract Upgrade Offer,40,0.2,224.808,184.808,4.6202,153,6140
824,41,Female,4,94.32,Month-to-Month,Fiber Optic,377.28,Yes,Yes,1,Expected Range,Expected Range,35-44,0-6 Months,High,1131.84,94.32,1131.84,New,0.9922222222222221,Critical,93.58639999999998,1123.0367999999999,0.7149844375277901,0.030385986106916337,0.03278688524590164,0.3048255914600122,High Value,0.7172635699173382,326,High Priority,Contract Upgrade Offer,40,0.2,224.60735999999997,184.60735999999997,4.615183999999999,154,6180
417,60,Female,8,93.56,Month-to-Month,Fiber Optic,748.48,No,Yes,1,Expected Range,Expected Range,55-64,7-12 Months,High,1122.72,93.56,1122.72,Developing,1.0,Critical,93.56,1122.72,0.7065362383281459,0.060282291352058794,0.06557377049180328,0.3201067399274298,High Value,0.7280426959709719,276,High Priority,Contract Upgrade Offer,40,0.2,224.544,184.544,4.6136,155,6220
442,44,Male,15,97.61,Month-to-Month,DSL,1464.15,Yes,Yes,1,Expected Range,Expected Range,35-44,13-24 Months,High,1171.32,97.61,1171.32,Developing,0.9574052148548797,Critical,93.45232302198481,1121.4278762638178,0.7515562472209871,0.11792207792207793,0.12295081967213116,0.37263293107915496,High Value,0.7234963013445899,302,High Priority,Contract Upgrade Offer,40,0.2,224.28557525276358,184.28557525276358,4.607139381319089,156,6260
943,51,Male,19,93.19,Month-to-Month,No Internet,1770.61,No,Yes,1,Expected Range,Expected Range,45-54,13-24 Months,High,1118.28,93.19,1118.28,Developing,1.0,Critical,93.19,1118.28,0.7024232992441086,0.14260424846471356,0.1557377049180328,0.3698152328898014,High Value,0.7479260931559205,194,High Priority,Contract Upgrade Offer,40,0.2,223.656,183.656,4.5914,157,6300
188,44,Male,3,112.92,One-Year,No Internet,338.76,No,Yes,1,Expected Range,Expected Range,35-44,0-6 Months,Premium,1355.04,112.92,1355.04,New,1.0,Critical,112.92,1355.04,0.9217429968875057,0.027283600120809423,0.02459016393442623,0.3843939997808921,Top Value,0.7537575999123568,164,High Priority,Complimentary Tech Support,20,0.15,203.256,183.256,9.1628,158,6320
178,59,Male,25,92.97,Month-to-Month,No Internet,2324.25,No,Yes,1,Expected Range,Expected Range,55-64,25-48 Months,High,1115.6399999999999,92.97,1115.6399999999999,Established,1.0,Critical,92.97,1115.6399999999999,0.6999777678968431,0.1871942011476895,0.20491803278688525,0.39673858575714993,Top Value,0.75869543430286,146,High Priority,Contract Upgrade Offer,40,0.2,223.128,183.128,4.5782,159,6360
586,47,Female,38,95.83,Month-to-Month,Fiber Optic,3641.54,Yes,Yes,1,Expected Range,Expected Range,45-54,25-48 Months,High,1149.96,95.83,1149.96,Established,0.9695726470946395,Critical,92.9141467710793,1114.9697612529517,0.7317696754112939,0.29328823114869623,0.3114754098360656,0.4732276035255776,Top Value,0.7710346296670147,104,High Priority,Contract Upgrade Offer,40,0.2,222.99395225059035,182.99395225059035,4.574848806264759,160,6400
170,37,Male,4,93.46,Month-to-Month,Fiber Optic,373.84,Yes,Yes,1,Expected Range,Expected Range,35-44,0-6 Months,High,1121.52,93.46,1121.52,New,0.992624649859944,Critical,92.77069977591036,1113.2483973109242,0.705424633170298,0.03010892982986006,0.03278688524590164,0.30090470002004566,High Value,0.7159366699239846,336,High Priority,Contract Upgrade Offer,40,0.2,222.64967946218485,182.64967946218485,4.566241986554621,161,6440
163,56,Male,13,92.74,Month-to-Month,No Internet,1205.62,No,Yes,1,Expected Range,Expected Range,55-64,13-24 Months,High,1112.8799999999999,92.74,1112.8799999999999,Developing,1.0,Critical,92.74,1112.8799999999999,0.6974210760337929,0.09710017114668276,0.10655737704918034,0.3395928345771512,High Value,0.7358371338308605,240,High Priority,Contract Upgrade Offer,40,0.2,222.576,182.576,4.5644,162,6480
788,49,Female,17,97.24,Month-to-Month,DSL,1653.08,Yes,Yes,1,Expected Range,Expected Range,45-54,13-24 Months,High,1166.8799999999999,97.24,1166.8799999999999,Developing,0.9523139153591684,Critical,92.60300512952553,1111.2360615543064,0.7474433081369498,0.13313842746400886,0.13934426229508198,0.38041183844095355,Top Value,0.7235530845918825,301,High Priority,Contract Upgrade Offer,40,0.2,222.2472123108613,182.2472123108613,4.556180307771532,163,6520
74,60,Male,26,92.52,Month-to-Month,DSL,2405.52,No,Yes,1,Expected Range,Expected Range,55-64,25-48 Months,High,1110.24,92.52,1110.24,Established,1.0,Critical,92.52,1110.24,0.6949755446865273,0.19373965569314405,0.21311475409836067,0.3990777858918015,Top Value,0.7596311143567206,143,High Priority,Contract Upgrade Offer,40,0.2,222.048,182.048,4.5512,164,6560
443,24,Male,65,97.85,Month-to-Month,DSL,6360.25,Yes,Yes,1,Expected Range,Expected Range,Under 25,49-72 Months,High,1174.1999999999998,97.85,1174.1999999999998,Loyal,0.9437429639557542,Critical,92.34524902307054,1108.1429882768464,0.7542240995998222,0.5122520889962751,0.5327868852459017,0.6141745923001006,Top Value,0.8119156152934928,42,Immediate Action,Contract Upgrade Offer,40,0.2,221.62859765536928,181.62859765536928,4.540714941384232,165,6600
827,60,Female,1,92.8,Month-to-Month,DSL,92.8,Yes,Yes,1,Expected Range,Expected Range,55-64,0-6 Months,High,1113.6,92.8,1113.6,New,0.9947350427350428,Critical,92.31141196581197,1107.7369435897435,0.6980880391285016,0.007474076311285613,0.00819672131147541,0.2839003226882194,High Value,0.7104011547163134,363,High Priority,Contract Upgrade Offer,40,0.2,221.5473887179487,181.5473887179487,4.538684717948717,166,6640
515,39,Female,5,92.28,Month-to-Month,DSL,461.4,No,Yes,1,Expected Range,Expected Range,35-44,0-6 Months,High,1107.3600000000001,92.28,1107.3600000000001,New,1.0,Critical,92.28,1107.3600000000001,0.6923076923076925,0.03716097855632739,0.04098360655737705,0.30017532105713585,High Value,0.7200701284228543,314,High Priority,Contract Upgrade Offer,40,0.2,221.47200000000004,181.47200000000004,4.536800000000001,167,6680
923,46,Female,25,92.04,Month-to-Month,Fiber Optic,2301.0,No,Yes,1,Expected Range,Expected Range,45-54,25-48 Months,High,1104.48,92.04,1104.48,Established,1.0,Critical,92.04,1104.48,0.6896398399288575,0.18532165508909695,0.20491803278688525,0.39194802344944824,Top Value,0.7567792093797793,157,High Priority,Contract Upgrade Offer,40,0.2,220.89600000000002,180.89600000000002,4.5224,168,6720
313,53,Male,24,113.44,Two-Year,Fiber Optic,2722.56,No,Yes,1,Expected Range,Expected Range,45-54,13-24 Months,Premium,1361.28,113.44,1361.28,Developing,0.9834730846495555,Critical,111.56518672264558,1338.7822406717469,0.9275233437083148,0.2192739353669586,0.19672131147540983,0.4969355427306139,Top Value,0.7888580678819788,70,High Priority,Complimentary Tech Support,20,0.15,200.81733610076202,180.81733610076202,9.040866805038101,169,6740
697,48,Female,16,97.72,Month-to-Month,Fiber Optic,1563.52,Yes,Yes,1,Expected Range,Expected Range,45-54,13-24 Months,High,1172.6399999999999,97.72,1172.6399999999999,Developing,0.9414262196521593,Critical,91.99617018440901,1103.954042212908,0.7527790128946199,0.12592529950669484,0.13114754098360656,0.37797234523109274,High Value,0.7160446698837326,335,High Priority,Contract Upgrade Offer,40,0.2,220.7908084425816,180.7908084425816,4.51977021106454,170,6780
445,31,Female,9,111.39,One-Year,No Internet,1002.51,No,Yes,1,Expected Range,Expected Range,25-34,7-12 Months,Premium,1336.68,111.39,1336.68,Developing,1.0,Critical,111.39,1336.68,0.9047354379724324,0.08074176985804893,0.07377049180327869,0.4085964175901098,Top Value,0.763438567036044,130,High Priority,Complimentary Tech Support,20,0.15,200.502,180.502,9.0251,171,6800
544,59,Male,9,91.55,Month-to-Month,Fiber Optic,823.9499999999999,No,Yes,1,Expected Range,Expected Range,55-64,7-12 Months,High,1098.6,91.55,1098.6,Developing,1.0,Critical,91.55,1098.6,0.6841929746554025,0.06636061612805798,0.07377049180327869,0.31534602845780096,High Value,0.7261384113831204,285,High Priority,Contract Upgrade Offer,40,0.2,219.72,179.72,4.493,172,6840
50,27,Male,22,94.48,Month-to-Month,Fiber Optic,2078.56,Yes,Yes,1,Expected Range,Expected Range,25-34,13-24 Months,High,1133.76,94.48,1133.76,Developing,0.968182501184997,Critical,91.47388271195852,1097.6865925435022,0.7167630057803469,0.16740642303433,0.18032786885245902,0.390379417587269,Top Value,0.7370612677459059,237,High Priority,Contract Upgrade Offer,40,0.2,219.53731850870045,179.53731850870045,4.4884329627175115,173,6880
99,45,Male,44,111.09,Two-Year,No Internet,4887.96,No,Yes,1,Expected Range,Expected Range,45-54,25-48 Months,Premium,1333.08,111.09,1333.08,Established,0.9975757575757576,Critical,110.82069090909091,1329.848290909091,0.9014006224988886,0.39367441860465113,0.36065573770491804,0.5885102299374129,Top Value,0.8339495465204196,23,Immediate Action,Complimentary Tech Support,20,0.15,199.47724363636365,179.47724363636365,8.973862181818182,174,6900
887,50,Male,7,91.4,Month-to-Month,DSL,639.8000000000001,No,Yes,1,Expected Range,Expected Range,45-54,7-12 Months,High,1096.8000000000002,91.4,1096.8000000000002,Developing,1.0,Critical,91.4,1096.8000000000002,0.6825255669186308,0.051529245947850605,0.05737704918032787,0.305389725144282,High Value,0.7221558900577127,306,High Priority,Contract Upgrade Offer,40,0.2,219.36000000000004,179.36000000000004,4.484000000000001,175,6940
406,51,Male,74,91.06,Month-to-Month,Fiber Optic,6738.4400000000005,No,Yes,1,Expected Range,Expected Range,45-54,73+ Months,High,1092.72,91.06,1092.72,Loyal,1.0,Critical,91.06,1092.72,0.6787461093819476,0.5427113661532267,0.6065573770491803,0.6130867661687034,Top Value,0.8452347064674813,17,Immediate Action,Contract Upgrade Offer,40,0.2,218.544,178.544,4.4636000000000005,176,6980
763,70,Female,1,110.09,One-Year,No Internet,110.09,No,Yes,1,Expected Range,Expected Range,65+,0-6 Months,Premium,1321.08,110.09,1321.08,New,1.0,Critical,110.09,1321.08,0.8902845709204092,0.008866606261955099,0.00819672131147541,0.3612663208877169,High Value,0.7445065283550867,205,High Priority,Complimentary Tech Support,20,0.15,198.16199999999998,178.16199999999998,8.9081,177,7000
590,36,Male,56,114.09,Two-Year,Fiber Optic,6389.04,No,Yes,1,Expected Range,Expected Range,35-44,49-72 Months,Premium,1369.08,114.09,1369.08,Loyal,0.9643700897867565,Critical,110.02498354377106,1320.2998025252527,0.9347487772343266,0.5145708245243129,0.45901639344262296,0.6687533978378959,Top Value,0.8461234130072123,16,Immediate Action,Complimentary Tech Support,20,0.15,198.0449703787879,178.0449703787879,8.902248518939395,178,7020
97,47,Male,11,109.93,One-Year,No Internet,1209.23,No,Yes,1,Expected Range,Expected Range,45-54,7-12 Months,Premium,1319.16,109.93,1319.16,Developing,1.0,Critical,109.93,1319.16,0.8885060026678526,0.09739091915836103,0.09016393442622951,0.4120302063791248,Top Value,0.7648120825516499,124,High Priority,Complimentary Tech Support,20,0.15,197.874,177.874,8.893699999999999,179,7040
15,27,Male,14,95.05,Month-to-Month,Fiber Optic,1330.7,Yes,Yes,1,Expected Range,Expected Range,25-34,13-24 Months,High,1140.6,95.05,1140.6,Developing,0.9550246064481551,Critical,90.77508884289715,1089.3010661147657,0.72309915518008,0.10717406624383369,0.11475409836065574,0.35543910984753774,High Value,0.7151904078079081,342,High Priority,Contract Upgrade Offer,40,0.2,217.86021322295315,177.86021322295315,4.446505330573829,180,7080
813,59,Male,17,110.13,One-Year,DSL,1872.21,No,Yes,1,Expected Range,Expected Range,55-64,13-24 Months,Premium,1321.56,110.13,1321.56,Developing,0.9970833333333333,Critical,109.8087875,1317.70545,0.8907292129835482,0.15078707339172456,0.13934426229508198,0.4439032264542934,Top Value,0.7758112905817174,97,High Priority,Complimentary Tech Support,20,0.15,197.65581749999998,177.65581749999998,8.882790875,181,7100
61,40,Female,46,92.65,Month-to-Month,DSL,4261.900000000001,Yes,Yes,1,Expected Range,Expected Range,35-44,25-48 Months,High,1111.8000000000002,92.65,1111.8000000000002,Established,0.9770784632439209,Critical,90.52631961954927,1086.3158354345912,0.6964206313917298,0.34325178697271724,0.3770491803278689,0.49296867307911013,Top Value,0.7834345471779967,77,High Priority,Contract Upgrade Offer,40,0.2,217.26316708691826,177.26316708691826,4.4315791771729565,182,7140
966,59,Female,14,109.49,Two-Year,No Internet,1532.86,No,Yes,1,Expected Range,Expected Range,55-64,13-24 Months,Premium,1313.8799999999999,109.49,1313.8799999999999,Developing,1.0,Critical,109.49,1313.8799999999999,0.8836149399733215,0.12345595489781536,0.11475409836065574,0.42534408479372793,Top Value,0.7701376339174911,107,High Priority,Complimentary Tech Support,20,0.15,197.08199999999997,177.08199999999997,8.854099999999999,183,7160
894,56,Female,31,93.06,Month-to-Month,DSL,2884.86,Yes,Yes,1,Expected Range,Expected Range,55-64,25-48 Months,High,1116.72,93.06,1116.72,Established,0.970724510953649,Critical,90.33562298934658,1084.027475872159,0.7009782125389064,0.23234551495016612,0.2540983606557377,0.4252368054120551,Top Value,0.7525294287370113,172,High Priority,Contract Upgrade Offer,40,0.2,216.8054951744318,176.8054951744318,4.420137379360795,184,7200
100,42,Female,8,119.65,Two-Year,Fiber Optic,957.2,Yes,Yes,1,Expected Range,Expected Range,35-44,7-12 Months,Premium,1435.8000000000002,119.65,1435.8000000000002,Developing,0.9586055939680063,Critical,114.69715931827196,1376.3659118192636,0.9965540240106716,0.07709251988321755,0.06557377049180328,0.4419974341863457,Top Value,0.751962330055342,176,High Priority,Billing Review and Discount,30,0.15,206.45488677288952,176.45488677288952,5.881829559096317,185,7230
172,36,Male,0,90.1,Month-to-Month,No Internet,0.0,No,Yes,1,Expected Range,Expected Range,35-44,0-6 Months,High,1081.1999999999998,90.1,1081.1999999999998,New,1.0,Critical,90.1,1081.1999999999998,0.6680746998666074,0.0,0.0,0.267229879946643,Moderate Value,0.7068919519786572,381,High Priority,Contract Upgrade Offer,40,0.2,216.23999999999998,176.23999999999998,4.406,186,7270
272,30,Male,6,90.05,Month-to-Month,No Internet,540.3,No,Yes,1,Expected Range,Expected Range,25-34,0-6 Months,High,1080.6,90.05,1080.6,New,1.0,Critical,90.05,1080.6,0.6675188972876835,0.04351555421322863,0.04918032786885246,0.2945330848569166,High Value,0.7178132339427666,323,High Priority,Contract Upgrade Offer,40,0.2,216.12,176.12,4.4030000000000005,187,7310
94,41,Male,23,90.02,Month-to-Month,No Internet,2070.46,No,Yes,1,Expected Range,Expected Range,35-44,13-24 Months,High,1080.24,90.02,1080.24,Developing,1.0,Critical,90.02,1080.24,0.667185415740329,0.16675405214940098,0.18852459016393444,0.37236923208940553,High Value,0.7489476928357622,187,High Priority,Contract Upgrade Offer,40,0.2,216.048,176.048,4.4012,188,7350
735,55,Male,4,90.41,Month-to-Month,Fiber Optic,361.64,Yes,Yes,1,Expected Range,Expected Range,55-64,0-6 Months,High,1084.92,90.41,1084.92,New,0.995,Critical,89.95795,1079.4954,0.671520675855936,0.029126346521695358,0.03278688524590164,0.2869992129364432,High Value,0.7117996851745773,355,High Priority,Contract Upgrade Offer,40,0.2,215.89908000000003,175.89908000000003,4.397477,189,7390
328,52,Female,48,108.67,One-Year,No Internet,5216.16,No,Yes,1,Expected Range,Expected Range,45-54,25-48 Months,Premium,1304.04,108.67,1304.04,Established,1.0,Critical,108.67,1304.04,0.8744997776789685,0.42010752038659016,0.39344262295081966,0.5951981989445989,Top Value,0.8380792795778396,21,Immediate Action,Complimentary Tech Support,20,0.15,195.606,175.606,8.7803,190,7410
991,47,Female,9,108.47,Two-Year,No Internet,976.23,No,Yes,1,Expected Range,Expected Range,45-54,7-12 Months,Premium,1301.6399999999999,108.47,1301.6399999999999,Developing,1.0,Critical,108.47,1301.6399999999999,0.8722765673632726,0.07862518876472364,0.07377049180327869,0.394872065963782,Top Value,0.7579488263855128,154,High Priority,Complimentary Tech Support,20,0.15,195.24599999999998,175.24599999999998,8.7623,191,7430
694,51,Female,39,108.36,One-Year,No Internet,4226.04,No,Yes,1,Expected Range,Expected Range,45-54,25-48 Months,Premium,1300.32,108.36,1300.32,Established,1.0,Critical,108.36,1300.32,0.8710538016896399,0.34036363636363637,0.319672131147541,0.547466826190014,Top Value,0.8189867304760056,35,Immediate Action,Complimentary Tech Support,20,0.15,195.04799999999997,175.04799999999997,8.752399999999998,192,7450
78,42,Female,11,89.58,Month-to-Month,No Internet,985.38,No,Yes,1,Expected Range,Expected Range,35-44,7-12 Months,High,1074.96,89.58,1074.96,Developing,1.0,Critical,89.58,1074.96,0.6622943530457982,0.07936212624584718,0.09016393442622951,0.3152354690109232,High Value,0.7260941876043693,286,High Priority,Contract Upgrade Offer,40,0.2,214.99200000000002,174.99200000000002,4.3748000000000005,193,7490
810,36,Male,11,89.74,Month-to-Month,DSL,987.14,Yes,Yes,1,Expected Range,Expected Range,35-44,7-12 Months,High,1076.8799999999999,89.74,1076.8799999999999,Developing,0.9980952380952381,Critical,89.56906666666667,1074.8288,0.6640729212983548,0.07950387596899225,0.09016393442622951,0.3159965087150466,High Value,0.7252557463431615,291,High Priority,Contract Upgrade Offer,40,0.2,214.96576000000002,174.96576000000002,4.374144,194,7530
20,30,Female,2,89.55,Month-to-Month,Fiber Optic,179.1,No,Yes,1,Expected Range,Expected Range,25-34,0-6 Months,High,1074.6,89.55,1074.6,New,1.0,Critical,89.55,1074.6,0.6619608714984438,0.01442464512231954,0.01639344262295082,0.2739313350479271,High Value,0.7095725340191709,366,High Priority,Contract Upgrade Offer,40,0.2,214.92,174.92,4.372999999999999,195,7570
304,51,Female,2,89.55,Month-to-Month,No Internet,179.1,No,Yes,1,Expected Range,Expected Range,45-54,0-6 Months,High,1074.6,89.55,1074.6,New,1.0,Critical,89.55,1074.6,0.6619608714984438,0.01442464512231954,0.01639344262295082,0.2739313350479271,High Value,0.7095725340191709,367,High Priority,Contract Upgrade Offer,40,0.2,214.92,174.92,4.372999999999999,196,7610
745,50,Female,3,107.95,One-Year,Fiber Optic,323.85,No,Yes,1,Expected Range,Expected Range,45-54,0-6 Months,Premium,1295.4,107.95,1295.4,New,1.0,Critical,107.95,1295.4,0.8664962205424636,0.02608275445484748,0.02459016393442623,0.3618749932597886,High Value,0.7447499973039154,203,High Priority,Complimentary Tech Support,20,0.15,194.31,174.31,8.7155,197,7630
500,31,Male,18,89.28,Month-to-Month,No Internet,1607.04,No,Yes,1,Expected Range,Expected Range,25-34,13-24 Months,High,1071.3600000000001,89.28,1071.3600000000001,Developing,1.0,Critical,89.28,1071.3600000000001,0.6589595375722545,0.12943038356991846,0.14754098360655737,0.34576969518001255,High Value,0.738307878072005,231,High Priority,Contract Upgrade Offer,40,0.2,214.27200000000005,174.27200000000005,4.356800000000002,198,7670
785,50,Male,26,92.31,Month-to-Month,Fiber Optic,2400.06,Yes,Yes,1,Expected Range,Expected Range,45-54,25-48 Months,High,1107.72,92.31,1107.72,Established,0.9663979744490581,Critical,89.20819702139255,1070.4983642567106,0.6926411738550469,0.19329990939293265,0.21311475409836067,0.39799012635413533,Top Value,0.7390348352110889,228,High Priority,Contract Upgrade Offer,40,0.2,214.09967285134212,174.09967285134212,4.352491821283553,199,7710
483,28,Male,11,89.13,Month-to-Month,No Internet,980.43,No,Yes,1,Expected Range,Expected Range,25-34,7-12 Months,High,1069.56,89.13,1069.56,Developing,1.0,Critical,89.13,1069.56,0.6572921298354825,0.07896345514950165,0.09016393442622951,0.31309504484307593,High Value,0.7252380179372304,292,High Priority,Contract Upgrade Offer,40,0.2,213.912,173.912,4.3478,200,7750
550,38,Male,8,89.08,Month-to-Month,DSL,712.64,Yes,Yes,1,Expected Range,Expected Range,35-44,7-12 Months,High,1068.96,89.08,1068.96,Developing,1.0,Critical,89.08,1068.96,0.6567363272565585,0.057395751535286414,0.06557377049180328,0.2991764865629245,High Value,0.7196705946251698,317,High Priority,Contract Upgrade Offer,40,0.2,213.79200000000003,173.79200000000003,4.344800000000001,201,7790
960,49,Female,3,89.23,Month-to-Month,Fiber Optic,267.69,Yes,Yes,1,Expected Range,Expected Range,45-54,0-6 Months,High,1070.76,89.23,1070.76,New,0.9975203252032521,Critical,89.00873861788618,1068.104863414634,0.6584037349933305,0.02155964965267291,0.02459016393442623,0.2770549123593743,High Value,0.7093341600657009,371,High Priority,Contract Upgrade Offer,40,0.2,213.62097268292683,173.62097268292683,4.340524317073171,202,7830
64,33,Female,3,89.36,Month-to-Month,Fiber Optic,268.08,Yes,Yes,1,Expected Range,Expected Range,25-34,0-6 Months,High,1072.32,89.36,1072.32,New,0.9950387596899225,Critical,88.91666356589147,1066.9999627906977,0.6598488216985328,0.02159106010268801,0.02459016393442623,0.2776439406989605,High Value,0.7080808320935377,377,High Priority,Contract Upgrade Offer,40,0.2,213.39999255813956,173.39999255813956,4.334999813953489,203,7870
122,35,Male,0,88.89,Month-to-Month,Fiber Optic,0.0,No,Yes,1,Expected Range,Expected Range,35-44,0-6 Months,High,1066.68,88.89,1066.68,New,1.0,Critical,88.89,1066.68,0.6546242774566475,0.0,0.0,0.261849710982659,Moderate Value,0.7047398843930636,400,High Priority,Contract Upgrade Offer,40,0.2,213.336,173.336,4.3334,204,7910
162,52,Female,19,92.18,Month-to-Month,Fiber Optic,1751.42,Yes,Yes,1,Expected Range,Expected Range,45-54,13-24 Months,High,1106.16,92.18,1106.16,Developing,0.9642011566006838,Critical,88.88006261545104,1066.5607513854125,0.6911960871498446,0.14105869324473977,0.1557377049180328,0.364783403725105,High Value,0.7244340554504523,296,High Priority,Contract Upgrade Offer,40,0.2,213.3121502770825,173.3121502770825,4.3328037569270625,205,7950
44,41,Male,10,88.87,Month-to-Month,DSL,888.7,Yes,Yes,1,Expected Range,Expected Range,35-44,7-12 Months,High,1066.44,88.87,1066.44,Developing,1.0,Critical,88.87,1066.44,0.6544019564250779,0.07157555622671902,0.0819672131147541,0.30730403052807137,High Value,0.7229216122112285,304,High Priority,Contract Upgrade Offer,40,0.2,213.288,173.288,4.3322,206,7990
288,50,Female,11,107.38,One-Year,No Internet,1181.1799999999998,No,Yes,1,Expected Range,Expected Range,45-54,7-12 Months,Premium,1288.56,107.38,1288.56,Developing,1.0,Critical,107.38,1288.56,0.8601600711427302,0.09513178294573642,0.09016393442622951,0.3999011360946572,Top Value,0.7599604544378629,142,High Priority,Complimentary Tech Support,20,0.15,193.284,173.284,8.6642,207,8010
274,45,Male,52,107.6,Two-Year,No Internet,5595.2,No,Yes,1,Expected Range,Expected Range,45-54,49-72 Months,Premium,1291.1999999999998,107.6,1291.1999999999998,Loyal,0.9975757575757576,Critical,107.33915151515151,1288.0698181818182,0.8626056024899955,0.4506352562166515,0.42622950819672134,0.6093219577210066,Top Value,0.8422742376338571,19,Immediate Action,Complimentary Tech Support,20,0.15,193.21047272727273,173.21047272727273,8.660523636363637,208,8030
111,25,Female,9,107.22,Two-Year,No Internet,964.98,No,Yes,1,Expected Range,Expected Range,25-34,7-12 Months,Premium,1286.6399999999999,107.22,1286.6399999999999,Developing,1.0,Critical,107.22,1286.6399999999999,0.8583815028901736,0.07771911809121111,0.07377049180327869,0.38899691543881304,Top Value,0.7555987661755252,160,High Priority,Complimentary Tech Support,20,0.15,192.99599999999998,172.99599999999998,8.649799999999999,209,8050
713,39,Male,22,91.17,Month-to-Month,Fiber Optic,2005.74,Yes,Yes,1,Expected Range,Expected Range,35-44,13-24 Months,High,1094.04,91.17,1094.04,Developing,0.970429159497445,Critical,88.47402647138206,1061.6883176565848,0.6799688750555803,0.16154152823920265,0.18032786885245902,0.3736090521190678,High Value,0.731701116546094,264,High Priority,Contract Upgrade Offer,40,0.2,212.33766353131696,172.33766353131696,4.308441588282924,210,8090
971,46,Female,12,88.34,Month-to-Month,No Internet,1060.08,No,Yes,1,Expected Range,Expected Range,45-54,7-12 Months,High,1060.08,88.34,1060.08,Developing,1.0,Critical,88.34,1060.08,0.6485104490884839,0.08537843551797039,0.09836065573770492,0.3138767960011094,High Value,0.7255507184004437,287,High Priority,Contract Upgrade Offer,40,0.2,212.016,172.016,4.3004,211,8130
862,29,Male,1,106.6,One-Year,No Internet,106.6,No,Yes,1,Expected Range,Expected Range,25-34,0-6 Months,Premium,1279.1999999999998,106.6,1279.1999999999998,New,1.0,Critical,106.6,1279.1999999999998,0.8514895509115163,0.008585523004127654,0.00819672131147541,0.34564993374392006,High Value,0.738259973497568,232,High Priority,Complimentary Tech Support,20,0.15,191.87999999999997,171.87999999999997,8.593999999999998,212,8150
793,47,Female,17,106.45,One-Year,No Internet,1809.65,No,Yes,1,Expected Range,Expected Range,45-54,13-24 Months,Premium,1277.4,106.45,1277.4,Developing,1.0,Critical,106.45,1277.4,0.8498221431747444,0.14574851505084063,0.13934426229508198,0.42577690311146243,Top Value,0.770310761244585,106,High Priority,Complimentary Tech Support,20,0.15,191.61,171.61,8.5805,213,8170
975,40,Male,5,88.39,Month-to-Month,Fiber Optic,441.95,Yes,Yes,1,Expected Range,Expected Range,35-44,0-6 Months,High,1060.68,88.39,1060.68,New,0.9975203252032521,Critical,88.17082154471545,1058.0498585365854,0.6490662516674078,0.0355944830363435,0.04098360655737705,0.2823304713690276,High Value,0.7114443836695623,358,High Priority,Contract Upgrade Offer,40,0.2,211.60997170731707,171.60997170731707,4.290249292682927,214,8210
1,49,Male,4,88.35,Month-to-Month,Fiber Optic,353.4,Yes,Yes,1,Expected Range,Expected Range,45-54,0-6 Months,High,1060.1999999999998,88.35,1060.1999999999998,New,0.9975203252032521,Critical,88.13092073170732,1057.571048780488,0.6486216096042686,0.028462700090607064,0.03278688524590164,0.2776073101848954,High Value,0.7095551191959093,368,High Priority,Contract Upgrade Offer,40,0.2,211.51420975609759,171.51420975609759,4.28785524390244,215,8250
213,54,Female,37,106.26,One-Year,DSL,3931.62,No,Yes,1,Expected Range,Expected Range,45-54,25-48 Months,Premium,1275.1200000000001,106.26,1275.1200000000001,Established,0.9948611111111111,Critical,105.71394166666667,1268.5673000000002,0.8477100933748334,0.31665116279069766,0.30327868852459017,0.5257316164578251,Top Value,0.8072093132497967,49,Immediate Action,Complimentary Tech Support,20,0.15,190.285095,170.285095,8.514254750000001,216,8270
837,60,Female,53,89.57,Month-to-Month,Fiber Optic,4747.21,Yes,Yes,1,Expected Range,Expected Range,55-64,49-72 Months,High,1074.84,89.57,1074.84,Loyal,0.9770070868210877,Critical,87.51052476656481,1050.1262971987778,0.6621831925300133,0.3823384677338166,0.43442622950819676,0.5072982980958903,Top Value,0.7891235713310087,68,High Priority,Contract Upgrade Offer,40,0.2,210.0252594397556,170.0252594397556,4.25063148599389,217,8310
179,42,Male,15,105.43,One-Year,DSL,1581.45,No,Yes,1,Expected Range,Expected Range,35-44,13-24 Months,Premium,1265.16,105.43,1265.16,Developing,1.0,Critical,105.43,1265.16,0.8384837705646957,0.12736937481123528,0.12295081967213116,0.41071049432784346,Top Value,0.7642841977311374,127,High Priority,Complimentary Tech Support,20,0.15,189.774,169.774,8.4887,218,8330
919,40,Female,5,87.4,Month-to-Month,No Internet,437.0,No,Yes,1,Expected Range,Expected Range,35-44,0-6 Months,High,1048.8000000000002,87.4,1048.8000000000002,New,1.0,Critical,87.4,1048.8000000000002,0.6380613606047133,0.03519581193999798,0.04098360655737705,0.2777889800602289,High Value,0.7111155920240916,361,High Priority,Contract Upgrade Offer,40,0.2,209.76000000000005,169.76000000000005,4.2440000000000015,219,8370
173,44,Female,12,105.36,Two-Year,No Internet,1264.32,No,Yes,1,Expected Range,Expected Range,35-44,7-12 Months,Premium,1264.32,105.36,1264.32,Developing,1.0,Critical,105.36,1264.32,0.8377056469542019,0.10182784657203262,0.09836065573770492,0.3953121690163185,Top Value,0.7581248676065274,151,High Priority,Complimentary Tech Support,20,0.15,189.648,169.648,8.4824,220,8390
243,50,Male,28,90.66,Month-to-Month,Fiber Optic,2538.48,Yes,Yes,1,Expected Range,Expected Range,45-54,25-48 Months,High,1087.92,90.66,1087.92,Established,0.9633313077823914,Critical,87.3356163635516,1048.0273963626191,0.6742996887505559,0.20444820295983088,0.22950819672131148,0.398653795716491,Top Value,0.7374603029560312,234,High Priority,Contract Upgrade Offer,40,0.2,209.60547927252384,169.60547927252384,4.240136981813096,221,8430
848,69,Male,15,104.84,One-Year,No Internet,1572.6,No,Yes,1,Expected Range,Expected Range,65+,13-24 Months,Premium,1258.08,104.84,1258.08,Developing,1.0,Critical,104.84,1258.08,0.8319253001333928,0.12665659921473874,0.12295081967213116,0.4078376346965485,Top Value,0.7631350538786194,133,High Priority,Complimentary Tech Support,20,0.15,188.712,168.712,8.435599999999999,222,8450
572,61,Male,28,90.82,Month-to-Month,DSL,2542.96,Yes,Yes,1,Expected Range,Expected Range,55-64,25-48 Months,High,1089.84,90.82,1089.84,Established,0.956179710812174,Critical,86.84024133596164,1042.0828960315396,0.6760782570031125,0.20480902043692742,0.22950819672131148,0.39949150913449744,Top Value,0.7335044301411033,255,High Priority,Contract Upgrade Offer,40,0.2,208.41657920630792,168.41657920630792,4.210414480157698,223,8490
632,60,Female,83,89.36,Month-to-Month,Fiber Optic,7416.88,Yes,Yes,1,Expected Range,Expected Range,55-64,73+ Months,High,1072.32,89.36,1072.32,Loyal,0.9717867516007526,Critical,86.83886412304325,1042.066369476519,0.6598488216985328,0.5973526628410349,0.6803278688524591,0.64309492788689,Top Value,0.8403100221152076,20,Immediate Action,Contract Upgrade Offer,40,0.2,208.4132738953038,168.4132738953038,4.210331847382595,224,8530
593,49,Female,33,86.68,Month-to-Month,No Internet,2860.44,No,Yes,1,Expected Range,Expected Range,45-54,25-48 Months,High,1040.16,86.68,1040.16,Established,1.0,Critical,86.68,1040.16,0.6300578034682083,0.23037873754152824,0.27049180327868855,0.4002786303464903,Top Value,0.7601114521385961,139,High Priority,Contract Upgrade Offer,40,0.2,208.03200000000004,168.03200000000004,4.200800000000001,225,8570
805,40,Female,1,86.82,Month-to-Month,Fiber Optic,86.82,Yes,Yes,1,Expected Range,Expected Range,35-44,0-6 Months,High,1041.84,86.82,1041.84,New,0.9975203252032521,Critical,86.60471463414633,1039.256575609756,0.6316140506891952,0.006992449411054062,0.00819672131147541,0.25714215789741585,Moderate Value,0.7013690582809176,416,High Priority,Contract Upgrade Offer,40,0.2,207.85131512195122,167.85131512195122,4.19628287804878,226,8610
728,48,Male,8,104.35,One-Year,DSL,834.8,No,Yes,1,Expected Range,Expected Range,45-54,7-12 Months,Premium,1252.1999999999998,104.35,1252.1999999999998,Developing,1.0,Critical,104.35,1252.1999999999998,0.8264784348599379,0.06723447095540118,0.06557377049180328,0.37051688140131644,High Value,0.7482067525605266,192,High Priority,Complimentary Tech Support,20,0.15,187.82999999999996,167.82999999999996,8.391499999999997,227,8630
311,42,Male,0,104.31,Two-Year,No Internet,0.0,No,Yes,1,Expected Range,Expected Range,35-44,0-6 Months,Premium,1251.72,104.31,1251.72,New,1.0,Critical,104.31,1251.72,0.8260337927967987,0.0,0.0,0.33041351711871947,High Value,0.7321654068474878,262,High Priority,Complimentary Tech Support,20,0.15,187.758,167.758,8.3879,228,8650
537,36,Female,2,104.13,One-Year,No Internet,208.26,No,Yes,1,Expected Range,Expected Range,35-44,0-6 Months,Premium,1249.56,104.13,1249.56,New,1.0,Critical,104.13,1249.56,0.8240329035126723,0.016773180308064028,0.01639344262295082,0.33958213516862906,High Value,0.7358328540674516,241,High Priority,Complimentary Tech Support,20,0.15,187.434,167.434,8.3717,229,8670
451,44,Male,17,89.72,Month-to-Month,Fiber Optic,1525.24,Yes,Yes,1,Expected Range,Expected Range,35-44,13-24 Months,High,1076.6399999999999,89.72,1076.6399999999999,Developing,0.9632823101995123,Critical,86.42568887110023,1037.1082664532028,0.6638506002667853,0.12284224302828954,0.13934426229508198,0.34337109074038596,High Value,0.7153178224158618,340,High Priority,Contract Upgrade Offer,40,0.2,207.42165329064056,167.42165329064056,4.185541332266014,230,8710
63,33,Male,15,103.96,One-Year,No Internet,1559.4,No,Yes,1,Expected Range,Expected Range,25-34,13-24 Months,Premium,1247.52,103.96,1247.52,Developing,1.0,Critical,103.96,1247.52,0.8221431747443309,0.12559347629115072,0.12295081967213116,0.40355269151766787,Top Value,0.7614210766070671,136,High Priority,Complimentary Tech Support,20,0.15,187.128,167.128,8.356399999999999,231,8730
523,38,Female,0,103.86,Two-Year,No Internet,0.0,No,Yes,1,Expected Range,Expected Range,35-44,0-6 Months,Premium,1246.32,103.86,1246.32,New,1.0,Critical,103.86,1246.32,0.8210315695864829,0.0,0.0,0.3284126278345932,High Value,0.7313650511338372,267,High Priority,Complimentary Tech Support,20,0.15,186.94799999999998,166.94799999999998,8.347399999999999,232,8750
920,46,Male,2,103.81,One-Year,No Internet,207.62,No,Yes,1,Expected Range,Expected Range,45-54,0-6 Months,Premium,1245.72,103.81,1245.72,New,1.0,Critical,103.81,1245.72,0.8204757670075591,0.016721634954193095,0.01639344262295082,0.3381412396927289,High Value,0.7352564958770915,246,High Priority,Complimentary Tech Support,20,0.15,186.858,166.858,8.3429,233,8770
210,83,Male,2,86.04,Month-to-Month,DSL,172.08,No,Yes,1,Review,Expected Range,65+,0-6 Months,High,1032.48,86.04,1032.48,New,1.0,Critical,86.04,1032.48,0.6229435304579815,0.013859257022047721,0.01639344262295082,0.258126512796647,Moderate Value,0.7032506051186588,406,High Priority,Contract Upgrade Offer,40,0.2,206.496,166.496,4.1624,234,8810
132,45,Female,62,86.22,Month-to-Month,DSL,5345.64,No,Yes,1,Expected Range,Expected Range,45-54,49-72 Months,High,1034.6399999999999,86.22,1034.6399999999999,Loyal,0.9976190476190476,Critical,86.01471428571429,1032.1765714285716,0.6249444197421077,0.4305357897916038,0.5081967213114754,0.5277144746517732,Top Value,0.8096572184321378,46,Immediate Action,Contract Upgrade Offer,40,0.2,206.43531428571433,166.43531428571433,4.160882857142858,235,8850
218,42,Male,14,103.53,One-Year,No Internet,1449.42,No,Yes,1,Expected Range,Expected Range,35-44,13-24 Months,Premium,1242.3600000000001,103.53,1242.3600000000001,Developing,1.0,Critical,103.53,1242.3600000000001,0.8173632725655848,0.11673572938689218,0.11475409836065574,0.39649133890181015,Top Value,0.758596535560724,148,High Priority,Complimentary Tech Support,20,0.15,186.354,166.354,8.3177,236,8870
522,50,Female,0,104.12,Two-Year,Fiber Optic,0.0,No,Yes,1,Expected Range,Expected Range,45-54,0-6 Months,Premium,1249.44,104.12,1249.44,New,0.9931666666666669,Critical,103.40851333333336,1240.9021600000003,0.8239217429968877,0.0,0.0,0.3295686971987551,High Value,0.7277274788795022,277,High Priority,Complimentary Tech Support,20,0.15,186.13532400000005,166.13532400000005,8.306766200000002,237,8890
35,53,Female,5,85.84,Month-to-Month,DSL,429.2000000000001,Yes,Yes,1,Expected Range,Expected Range,45-54,0-6 Months,High,1030.08,85.84,1030.08,New,1.0,Critical,85.84,1030.08,0.6207203201422856,0.03456760293969597,0.04098360655737705,0.27063269072515206,High Value,0.7082530762900608,375,High Priority,Contract Upgrade Offer,40,0.2,206.016,166.016,4.150399999999999,238,8930
479,75,Female,15,89.28,Month-to-Month,DSL,1339.2,Yes,Yes,1,Expected Range,Expected Range,65+,13-24 Months,High,1071.3600000000001,89.28,1071.3600000000001,Developing,0.9609510810541324,Critical,85.79371251651294,1029.5245501981553,0.6589595375722545,0.10785865297493205,0.12295081967213116,0.3320720484881608,High Value,0.7093994680277438,370,High Priority,Contract Upgrade Offer,40,0.2,205.9049100396311,165.9049100396311,4.147622750990777,239,8970
689,52,Male,15,103.56,One-Year,DSL,1553.4,No,Yes,1,Expected Range,Expected Range,45-54,13-24 Months,Premium,1242.72,103.56,1242.72,Developing,0.9966666666666667,Critical,103.21480000000001,1238.5776,0.8176967541129392,0.1251102385986107,0.12295081967213116,0.40160499007272227,Top Value,0.7586419960290889,147,High Priority,Complimentary Tech Support,20,0.15,185.78664,165.78664,8.289332,240,8990
899,57,Male,8,85.73,Month-to-Month,Fiber Optic,685.84,No,Yes,1,Expected Range,Expected Range,55-64,7-12 Months,High,1028.76,85.73,1028.76,Developing,1.0,Critical,85.73,1028.76,0.6194975544686528,0.055237289841941005,0.06557377049180328,0.28352551585509134,High Value,0.7134102063420366,351,High Priority,Contract Upgrade Offer,40,0.2,205.752,165.752,4.143800000000001,241,9030
904,57,Male,9,85.54,Month-to-Month,DSL,769.86,No,Yes,1,Expected Range,Expected Range,55-64,7-12 Months,High,1026.48,85.54,1026.48,Developing,1.0,Critical,85.54,1026.48,0.6173855046687419,0.06200422832980972,0.07377049180327869,0.2870983047337498,High Value,0.7148393218934999,344,High Priority,Contract Upgrade Offer,40,0.2,205.29600000000002,165.29600000000002,4.1324000000000005,242,9070
363,43,Male,4,85.36,Month-to-Month,No Internet,341.44,No,Yes,1,Expected Range,Expected Range,35-44,0-6 Months,High,1024.32,85.36,1024.32,New,1.0,Critical,85.36,1024.32,0.6153846153846154,0.027499446290143965,0.03278688524590164,0.26397537366687196,Moderate Value,0.7055901494667488,390,High Priority,Contract Upgrade Offer,40,0.2,204.864,164.864,4.1216,243,9110
110,44,Male,18,102.6,One-Year,No Internet,1846.8,No,Yes,1,Expected Range,Expected Range,35-44,13-24 Months,Premium,1231.1999999999998,102.6,1231.1999999999998,Developing,1.0,Critical,102.6,1231.1999999999998,0.807025344597599,0.14874056176381756,0.14754098360655737,0.4117545803580151,Top Value,0.764701832143206,125,High Priority,Complimentary Tech Support,20,0.15,184.67999999999998,164.67999999999998,8.233999999999998,244,9130
926,29,Female,3,85.23,Month-to-Month,No Internet,255.69,No,Yes,1,Expected Range,Expected Range,25-34,0-6 Months,High,1022.76,85.23,1022.76,New,1.0,Critical,85.23,1022.76,0.6139395286794131,0.02059317426759287,0.02459016393442623,0.2589309634490293,Moderate Value,0.7035723853796118,404,High Priority,Contract Upgrade Offer,40,0.2,204.55200000000002,164.55200000000002,4.1138,245,9170
994,38,Male,4,102.27,One-Year,Fiber Optic,409.08,No,Yes,1,Expected Range,Expected Range,35-44,0-6 Months,Premium,1227.24,102.27,1227.24,New,1.0,Critical,102.27,1227.24,0.8033570475767009,0.03294714587737843,0.03278688524590164,0.3410710413992383,High Value,0.7364284165596953,238,High Priority,Complimentary Tech Support,20,0.15,184.08599999999998,164.08599999999998,8.2043,246,9190
246,41,Male,29,102.81,One-Year,Fiber Optic,2981.49,No,Yes,1,Expected Range,Expected Range,35-44,25-48 Months,Premium,1233.72,102.81,1233.72,Established,0.9939285714285715,Critical,102.18579642857144,1226.2295571428572,0.8093597154290797,0.24012805798852307,0.2377049180327869,0.4672149359758117,Top Value,0.7832431172474676,78,High Priority,Complimentary Tech Support,20,0.15,183.93443357142857,163.93443357142857,8.196721678571429,247,9210
383,23,Male,2,102.13,One-Year,No Internet,204.26,No,Yes,1,Expected Range,Expected Range,Under 25,0-6 Months,Premium,1225.56,102.13,1225.56,New,1.0,Critical,102.13,1225.56,0.8018008003557138,0.01645102184637068,0.01639344262295082,0.33057653844425294,High Value,0.7322306153777012,261,High Priority,Complimentary Tech Support,20,0.15,183.83399999999997,163.83399999999997,8.191699999999999,248,9230
379,66,Female,44,84.75,Month-to-Month,No Internet,3729.0,No,Yes,1,Expected Range,Expected Range,65+,25-48 Months,High,1017.0,84.75,1017.0,Established,1.0,Critical,84.75,1017.0,0.6086038239217431,0.30033222591362124,0.36065573770491804,0.4387217430646942,Top Value,0.7754886972258777,98,High Priority,Contract Upgrade Offer,40,0.2,203.4,163.4,4.085,249,9270
869,51,Male,1,84.64,Month-to-Month,DSL,84.64,No,Yes,1,Expected Range,Expected Range,45-54,0-6 Months,High,1015.6800000000001,84.64,1015.6800000000001,New,1.0,Critical,84.64,1015.6800000000001,0.6073810582481104,0.0068168730494311885,0.00819672131147541,0.24738750919441393,Moderate Value,0.6989550036777655,423,High Priority,Contract Upgrade Offer,40,0.2,203.13600000000002,163.13600000000002,4.0784,250,9310
792,47,Female,0,84.54,Month-to-Month,DSL,0.0,Yes,Yes,1,Expected Range,Expected Range,45-54,0-6 Months,High,1014.48,84.54,1014.48,New,1.0,Critical,84.54,1014.48,0.6062694530902625,0.0,0.0,0.242507781236105,Moderate Value,0.697003112494442,430,High Priority,Contract Upgrade Offer,40,0.2,202.89600000000002,162.89600000000002,4.0724,251,9350
719,41,Female,19,87.74,Month-to-Month,Fiber Optic,1667.06,Yes,Yes,1,Expected Range,Expected Range,35-44,13-24 Months,High,1052.8799999999999,87.74,1052.8799999999999,Developing,0.9625917583164143,Critical,84.45780087468219,1013.4936104961863,0.6418408181413962,0.13426437128762708,0.1557377049180328,0.3426632834367362,High Value,0.7146203683645431,346,High Priority,Contract Upgrade Offer,40,0.2,202.69872209923727,162.69872209923727,4.0674680524809315,252,9390
631,28,Female,32,84.32,Month-to-Month,No Internet,2698.24,No,Yes,1,Expected Range,Expected Range,25-34,25-48 Months,High,1011.8399999999999,84.32,1011.8399999999999,Established,1.0,Critical,84.32,1011.8399999999999,0.6038239217429969,0.21731521191986305,0.26229508196721313,0.38316366336095414,Top Value,0.7532654653443817,167,High Priority,Contract Upgrade Offer,40,0.2,202.368,162.368,4.0592,253,9430
829,40,Female,26,101.3,Two-Year,No Internet,2633.7999999999997,No,Yes,1,Expected Range,Expected Range,35-44,25-48 Months,Premium,1215.6,101.3,1215.6,Established,1.0,Critical,101.3,1215.6,0.7925744775455759,0.21212523910198325,0.21311475409836067,0.4445523132285147,Top Value,0.7778209252914059,91,High Priority,Complimentary Tech Support,20,0.15,182.33999999999997,162.33999999999997,8.116999999999999,254,9450
198,46,Male,9,109.46,One-Year,DSL,985.14,Yes,Yes,1,Expected Range,Expected Range,45-54,7-12 Months,Premium,1313.52,109.46,1313.52,Developing,0.9737888549359136,Critical,106.5909280612851,1279.091136735421,0.8832814584259672,0.07934279673814558,0.07377049180327869,0.39952518517955754,Top Value,0.7440833870333712,208,High Priority,Billing Review and Discount,30,0.15,191.86367051031314,161.86367051031314,5.395455683677104,255,9480
819,45,Female,4,84.08,Month-to-Month,DSL,336.32,Yes,Yes,1,Expected Range,Expected Range,45-54,0-6 Months,High,1008.96,84.08,1008.96,New,1.0,Critical,84.08,1008.96,0.6011560693641619,0.027087083459176483,0.03278688524590164,0.2581396282678519,Moderate Value,0.7032558513071407,405,High Priority,Contract Upgrade Offer,40,0.2,201.79200000000003,161.79200000000003,4.0448,256,9520
778,42,Female,6,84.28,Month-to-Month,Fiber Optic,505.68,Yes,Yes,1,Expected Range,Expected Range,35-44,0-6 Months,High,1011.36,84.28,1011.36,New,0.9975203252032521,Critical,84.07101300813008,1008.852156097561,0.6033792796798578,0.04072727272727273,0.04918032786885246,0.26790133929370175,Moderate Value,0.7056727308394319,389,High Priority,Contract Upgrade Offer,40,0.2,201.7704312195122,161.7704312195122,4.0442607804878055,257,9560
838,35,Female,15,87.03,Month-to-Month,DSL,1305.45,Yes,Yes,1,Expected Range,Expected Range,35-44,13-24 Months,High,1044.3600000000001,87.03,1044.3600000000001,Developing,0.9633217804622382,Critical,83.83789455362859,1006.054734643543,0.633948421520676,0.10514044095439444,0.12295081967213116,0.3211162278603413,High Value,0.7064395594214794,384,High Priority,Contract Upgrade Offer,40,0.2,201.2109469287086,161.2109469287086,4.030273673217716,258,9600
480,56,Male,11,113.84,Two-Year,Fiber Optic,1252.24,Yes,Yes,1,Expected Range,Expected Range,55-64,7-12 Months,Premium,1366.08,113.84,1366.08,Developing,0.9323671627936335,Critical,106.14067781242724,1273.6881337491268,0.9319697643397067,0.10085492801771871,0.09016393442622951,0.43062811414864166,Top Value,0.7316715433356368,265,High Priority,Billing Review and Discount,30,0.15,191.053220062369,161.053220062369,5.368440668745634,259,9630
43,43,Male,2,83.74,Month-to-Month,No Internet,167.48,No,Yes,1,Expected Range,Expected Range,35-44,0-6 Months,High,1004.8799999999999,83.74,1004.8799999999999,New,1.0,Critical,83.74,1004.8799999999999,0.5973766118274789,0.013488774791100371,0.01639344262295082,0.24777007656361444,Moderate Value,0.6991080306254458,422,High Priority,Contract Upgrade Offer,40,0.2,200.976,160.976,4.0244,260,9670
434,52,Female,13,83.57,Month-to-Month,No Internet,1086.41,No,Yes,1,Expected Range,Expected Range,45-54,13-24 Months,High,1002.8399999999999,83.57,1002.8399999999999,Developing,1.0,Critical,83.57,1002.8399999999999,0.5954868830591374,0.08749904359206685,0.10655737704918034,0.29545876274317345,High Value,0.7181835050972694,320,High Priority,Contract Upgrade Offer,40,0.2,200.56799999999998,160.56799999999998,4.0142,261,9710
497,34,Female,16,83.54,Month-to-Month,No Internet,1336.64,No,Yes,1,Expected Range,Expected Range,25-34,13-24 Months,High,1002.48,83.54,1002.48,Developing,1.0,Critical,83.54,1002.48,0.5951534015117832,0.1076524715594483,0.13114754098360656,0.3085266108964218,High Value,0.7234106443585687,303,High Priority,Contract Upgrade Offer,40,0.2,200.496,160.496,4.0124,262,9750
130,39,Female,46,85.76,Month-to-Month,Fiber Optic,3944.96,Yes,Yes,1,Expected Range,Expected Range,35-44,25-48 Months,High,1029.1200000000001,85.76,1029.1200000000001,Established,0.9737016360512922,Critical,83.50465230775883,1002.055827693106,0.6198310360160073,0.317725561260445,0.3770491803278689,0.4533986559295259,Top Value,0.7655804440025856,121,High Priority,Contract Upgrade Offer,40,0.2,200.41116553862122,160.41116553862122,4.01027913846553,263,9790
777,37,Male,7,83.48,Month-to-Month,DSL,584.36,Yes,Yes,1,Expected Range,Expected Range,35-44,7-12 Months,High,1001.76,83.48,1001.76,Developing,0.9975,Critical,83.27130000000001,999.2556000000002,0.5944864384170744,0.04706412966878083,0.05737704918032787,0.268611283045985,High Value,0.705944513218394,387,High Priority,Contract Upgrade Offer,40,0.2,199.85112000000004,159.85112000000004,3.996278000000001,264,9830
387,48,Female,0,99.55,Two-Year,No Internet,0.0,No,Yes,1,Expected Range,Expected Range,45-54,0-6 Months,High,1194.6,99.55,1194.6,New,1.0,Critical,99.55,1194.6,0.773121387283237,0.0,0.0,0.30924855491329484,High Value,0.7236994219653179,300,High Priority,Complimentary Tech Support,20,0.15,179.18999999999997,159.18999999999997,7.9594999999999985,265,9850
153,38,Female,1,83.38,Month-to-Month,Fiber Optic,83.38,Yes,Yes,1,Expected Range,Expected Range,35-44,0-6 Months,High,1000.56,83.38,1000.56,New,0.9941869918699187,Critical,82.89531138211382,994.7437365853658,0.5933748332592264,0.006715393133997784,0.00819672131147541,0.24174950122845865,Moderate Value,0.6932119956133347,442,High Priority,Contract Upgrade Offer,40,0.2,198.94874731707318,158.94874731707318,3.9737186829268296,266,9890
953,32,Female,40,82.61,Month-to-Month,No Internet,3304.4,No,Yes,1,Expected Range,Expected Range,25-34,25-48 Months,High,991.3199999999999,82.61,991.3199999999999,Established,1.0,Critical,82.61,991.3199999999999,0.5848154735437974,0.26613510520487266,0.3278688524590164,0.4090406893539785,Top Value,0.7636162757415914,129,High Priority,Contract Upgrade Offer,40,0.2,198.264,158.264,3.9566000000000003,267,9930
177,45,Female,48,84.87,Month-to-Month,DSL,4073.76,Yes,Yes,1,Expected Range,Expected Range,45-54,25-48 Months,High,1018.44,84.87,1018.44,Established,0.972934651071616,Critical,82.57296383644805,990.8755660373766,0.6099377501111607,0.32809906372697073,0.39344262295081966,0.45717042808660896,Top Value,0.7666289618776132,119,High Priority,Contract Upgrade Offer,40,0.2,198.17511320747533,158.17511320747533,3.9543778301868833,268,9970
28,48,Male,7,82.53,Month-to-Month,No Internet,577.71,No,Yes,1,Expected Range,Expected Range,45-54,7-12 Months,High,990.36,82.53,990.36,Developing,1.0,Critical,82.53,990.36,0.583926189417519,0.04652854122621565,0.05737704918032787,0.264199727491265,Moderate Value,0.705679890996506,388,High Priority,Contract Upgrade Offer,40,0.2,198.072,158.072,3.9518,269,10010
929,60,Male,3,82.48,Month-to-Month,DSL,247.44,No,Yes,1,Expected Range,Expected Range,55-64,0-6 Months,High,989.76,82.48,989.76,New,1.0,Critical,82.48,989.76,0.5833703868385951,0.019928722440350346,0.02459016393442623,0.24647074857316723,Moderate Value,0.6985882994292669,426,High Priority,Contract Upgrade Offer,40,0.2,197.952,157.952,3.9488,270,10050
980,52,Female,34,82.36,Month-to-Month,Fiber Optic,2800.24,No,Yes,1,Expected Range,Expected Range,45-54,25-48 Months,High,988.3199999999999,82.36,988.3199999999999,Established,1.0,Critical,82.36,988.3199999999999,0.5820364606491775,0.22553025269304336,0.27868852459016397,0.38142230384977716,Top Value,0.7525689215399108,170,High Priority,Contract Upgrade Offer,40,0.2,197.664,157.664,3.9415999999999998,271,10090
127,35,Male,28,98.61,One-Year,No Internet,2761.08,No,Yes,1,Expected Range,Expected Range,35-44,25-48 Months,High,1183.32,98.61,1183.32,Established,1.0,Critical,98.61,1183.32,0.7626722987994665,0.22237632135306554,0.22950819672131148,0.44027768117368743,Top Value,0.776111072469475,96,High Priority,Complimentary Tech Support,20,0.15,177.498,157.498,7.874899999999999,272,10110
257,57,Female,33,82.26,Month-to-Month,No Internet,2714.5800000000004,No,Yes,1,Expected Range,Expected Range,55-64,25-48 Months,High,987.1200000000001,82.26,987.1200000000001,Established,1.0,Critical,82.26,987.1200000000001,0.5809248554913297,0.21863122923588044,0.27049180327868855,0.37651382324876215,High Value,0.7506055292995049,181,High Priority,Contract Upgrade Offer,40,0.2,197.42400000000004,157.42400000000004,3.935600000000001,273,10150
979,29,Female,36,84.16,Month-to-Month,Fiber Optic,3029.76,Yes,Yes,1,Expected Range,Expected Range,25-34,25-48 Months,High,1009.92,84.16,1009.92,Established,0.9760626979398004,Critical,82.14543665861359,985.7452399033631,0.6020453534904402,0.24401570522500757,0.29508196721311475,0.3999941300282074,Top Value,0.7456352707751632,200,High Priority,Contract Upgrade Offer,40,0.2,197.14904798067263,157.14904798067263,3.9287261995168157,274,10190
707,32,Female,5,98.41,Two-Year,No Internet,492.0499999999999,No,Yes,1,Expected Range,Expected Range,25-34,0-6 Months,High,1180.92,98.41,1180.92,New,1.0,Critical,98.41,1180.92,0.7604490884837707,0.039629517769052644,0.04098360655737705,0.32829586825202095,High Value,0.7313183473008084,268,High Priority,Complimentary Tech Support,20,0.15,177.138,157.138,7.8569,275,10210
298,48,Male,14,82.14,Month-to-Month,No Internet,1149.96,No,Yes,1,Expected Range,Expected Range,45-54,13-24 Months,High,985.6800000000001,82.14,985.6800000000001,Developing,1.0,Critical,82.14,985.6800000000001,0.579590929301912,0.09261733615221987,0.11475409836065574,0.29294096396420566,High Value,0.7171763855856823,328,High Priority,Contract Upgrade Offer,40,0.2,197.13600000000002,157.13600000000002,3.928400000000001,276,10250
46,37,Male,1,82.09,Month-to-Month,No Internet,82.09,No,Yes,1,Expected Range,Expected Range,35-44,0-6 Months,High,985.08,82.09,985.08,New,1.0,Critical,82.09,985.08,0.5790351267229881,0.006611497030101682,0.00819672131147541,0.2359772549775997,Moderate Value,0.6943909019910399,436,High Priority,Contract Upgrade Offer,40,0.2,197.01600000000002,157.01600000000002,3.9254000000000007,277,10290
892,50,Female,8,82.06,Month-to-Month,DSL,656.48,Yes,Yes,1,Expected Range,Expected Range,45-54,7-12 Months,High,984.72,82.06,984.72,Developing,1.0,Critical,82.06,984.72,0.5787016451756337,0.05287264673311185,0.06557377049180328,0.26637952704979345,Moderate Value,0.7065518108199174,383,High Priority,Contract Upgrade Offer,40,0.2,196.94400000000002,156.94400000000002,3.9236000000000004,278,10330
405,40,Female,14,85.03,Month-to-Month,DSL,1190.42,Yes,Yes,1,Expected Range,Expected Range,35-44,13-24 Months,High,1020.36,85.03,1020.36,Developing,0.9646291878696457,Critical,82.02241984455597,984.2690381346716,0.6117163183637173,0.09587596899224807,0.11475409836065574,0.3069316410829377,High Value,0.7015501691549624,415,High Priority,Contract Upgrade Offer,40,0.2,196.85380762693433,156.85380762693433,3.921345190673358,279,10370
104,36,Female,20,81.9,Month-to-Month,No Internet,1638.0,No,Yes,1,Expected Range,Expected Range,35-44,13-24 Months,High,982.8000000000001,81.9,982.8000000000001,Developing,1.0,Critical,81.9,982.8000000000001,0.5769230769230771,0.13192389006342495,0.1639344262295082,0.31792619884880663,High Value,0.7271704795395226,281,High Priority,Contract Upgrade Offer,40,0.2,196.56000000000003,156.56000000000003,3.9140000000000006,280,10410
271,59,Female,5,81.69,Month-to-Month,Fiber Optic,408.45,Yes,Yes,1,Expected Range,Expected Range,55-64,0-6 Months,High,980.28,81.69,980.28,New,0.9986666666666667,Critical,81.58108,978.9729600000001,0.5745887060915963,0.03289640591966173,0.04098360655737705,0.2515951261478644,Moderate Value,0.6998380504591457,420,High Priority,Contract Upgrade Offer,40,0.2,195.79459200000002,155.79459200000002,3.8948648000000006,281,10450
315,58,Female,36,81.41,Month-to-Month,DSL,2930.76,No,Yes,1,Expected Range,Expected Range,55-64,25-48 Months,High,976.92,81.41,976.92,Established,0.9976190476190476,Critical,81.21616666666667,974.594,0.5714762116496221,0.23604228329809726,0.29508196721311475,0.38497577561746155,Top Value,0.7525617388184132,171,High Priority,Contract Upgrade Offer,40,0.2,194.91880000000003,154.91880000000003,3.872970000000001,282,10490
76,53,Male,37,83.58,Month-to-Month,Fiber Optic,3092.46,Yes,Yes,1,Expected Range,Expected Range,45-54,25-48 Months,High,1002.96,83.58,1002.96,Established,0.9711597896255793,Critical,81.16953521690591,974.034422602871,0.5955980435749223,0.24906553911205073,0.30327868852459017,0.4012318282503342,Top Value,0.7431886050754812,213,High Priority,Contract Upgrade Offer,40,0.2,194.80688452057422,154.80688452057422,3.8701721130143554,283,10530
997,62,Male,9,80.93,Month-to-Month,No Internet,728.3700000000001,No,Yes,1,Expected Range,Expected Range,55-64,7-12 Months,High,971.1600000000001,80.93,971.1600000000001,Developing,1.0,Critical,80.93,971.1600000000001,0.5661405068919522,0.05866263968589551,0.07377049180327869,0.265430749597664,Moderate Value,0.7061722998390656,386,High Priority,Contract Upgrade Offer,40,0.2,194.23200000000003,154.23200000000003,3.855800000000001,284,10570
864,62,Female,6,80.92,Month-to-Month,No Internet,485.52,No,Yes,1,Expected Range,Expected Range,55-64,0-6 Months,High,971.04,80.92,971.04,New,1.0,Critical,80.92,971.04,0.5660293463761673,0.03910359408033826,0.04918032786885246,0.25239307844579845,Moderate Value,0.7009572313783193,417,High Priority,Contract Upgrade Offer,40,0.2,194.208,154.208,3.8552,285,10610
390,39,Female,0,80.92,Month-to-Month,No Internet,0.0,No,Yes,1,Expected Range,Expected Range,35-44,0-6 Months,High,971.04,80.92,971.04,New,1.0,Critical,80.92,971.04,0.5660293463761673,0.0,0.0,0.22641173855046692,Moderate Value,0.6905646954201867,453,High Priority,Contract Upgrade Offer,40,0.2,194.208,154.208,3.8552,286,10650
283,60,Female,8,96.75,Two-Year,No Internet,774.0,No,Yes,1,Expected Range,Expected Range,55-64,7-12 Months,High,1161.0,96.75,1161.0,Developing,1.0,Critical,96.75,1161.0,0.7419964428634951,0.06233766233766234,0.06557377049180328,0.33501020158653066,High Value,0.7340040806346122,253,High Priority,Complimentary Tech Support,20,0.15,174.15,154.15,7.7075000000000005,287,10670
482,35,Male,3,80.99,Month-to-Month,DSL,242.96999999999997,Yes,Yes,1,Expected Range,Expected Range,35-44,0-6 Months,High,971.8799999999999,80.99,971.8799999999999,New,0.9975,Critical,80.787525,969.4503,0.5668074699866608,0.01956871035940803,0.02459016393442623,0.23971957760406368,Moderate Value,0.6943878310416255,437,High Priority,Contract Upgrade Offer,40,0.2,193.89006,153.89006,3.8472515,288,10710
411,52,Female,2,96.52,One-Year,No Internet,193.04,No,Yes,1,Expected Range,Expected Range,45-54,0-6 Months,High,1158.24,96.52,1158.24,New,1.0,Critical,96.52,1158.24,0.7394397510004447,0.01554736736132085,0.01639344262295082,0.3053158396323779,High Value,0.7221263358529512,307,High Priority,Complimentary Tech Support,20,0.15,173.736,153.736,7.6868,289,10730
131,29,Male,2,80.71,Month-to-Month,No Internet,161.42,No,Yes,1,Expected Range,Expected Range,25-34,0-6 Months,High,968.52,80.71,968.52,New,1.0,Critical,80.71,968.52,0.5636949755446865,0.013000704721634953,0.01639344262295082,0.23412659752618456,Moderate Value,0.6936506390104737,440,High Priority,Contract Upgrade Offer,40,0.2,193.704,153.704,3.8426,290,10770
733,49,Male,22,96.42,One-Year,No Internet,2121.24,No,Yes,1,Expected Range,Expected Range,45-54,13-24 Months,High,1157.04,96.42,1157.04,Developing,1.0,Critical,96.42,1157.04,0.7383281458425968,0.170843853820598,0.18032786885245902,0.40020857438736274,Top Value,0.760083429754945,140,High Priority,Complimentary Tech Support,20,0.15,173.55599999999998,153.55599999999998,7.6777999999999995,291,10790
552,43,Male,5,80.6,Month-to-Month,No Internet,403.0,No,Yes,1,Expected Range,Expected Range,35-44,0-6 Months,High,967.1999999999999,80.6,967.1999999999999,New,1.0,Critical,80.6,967.1999999999999,0.5624722098710538,0.03245746501560455,0.04098360655737705,0.2465948983432274,Moderate Value,0.6986379593372909,424,High Priority,Contract Upgrade Offer,40,0.2,193.44,153.44,3.836,292,10830
942,53,Male,64,98.99,One-Year,Fiber Optic,6335.36,No,Yes,1,Expected Range,Expected Range,45-54,49-72 Months,High,1187.8799999999999,98.99,1187.8799999999999,Loyal,0.9724430199430202,Critical,96.26213454415957,1155.1456145299148,0.7668963983992887,0.5102474579683882,0.5245901639344263,0.616492710632258,Top Value,0.8300628962187152,26,Immediate Action,Complimentary Tech Support,20,0.15,173.2718421794872,153.2718421794872,7.663592108974361,293,10850
176,53,Female,66,100.12,Two-Year,Fiber Optic,6607.92,No,Yes,1,Expected Range,Expected Range,45-54,49-72 Months,Premium,1201.44,100.12,1201.44,Loyal,0.9604573843005217,Critical,96.16099331616824,1153.931919794019,0.7794575366829704,0.5321993355481728,0.5409836065573771,0.6332986837543929,Top Value,0.8295939040820701,28,Immediate Action,Complimentary Tech Support,20,0.15,173.08978796910284,153.08978796910284,7.6544893984551425,294,10870
466,42,Female,0,96.14,Two-Year,No Internet,0.0,No,Yes,1,Expected Range,Expected Range,35-44,0-6 Months,High,1153.68,96.14,1153.68,New,1.0,Critical,96.14,1153.68,0.7352156514006225,0.0,0.0,0.294086260560249,High Value,0.7176345042240996,324,High Priority,Complimentary Tech Support,20,0.15,173.052,153.052,7.6526,295,10890
478,48,Female,12,95.97,Two-Year,No Internet,1151.64,No,Yes,1,Expected Range,Expected Range,45-54,7-12 Months,High,1151.6399999999999,95.97,1151.6399999999999,Developing,1.0,Critical,95.97,1151.6399999999999,0.733325922632281,0.09275264270613108,0.09836065573770492,0.3503839579344845,High Value,0.7401535831737938,224,High Priority,Complimentary Tech Support,20,0.15,172.74599999999998,152.74599999999998,7.637299999999999,296,10910
189,36,Male,12,82.49,Month-to-Month,Fiber Optic,989.88,Yes,Yes,1,Expected Range,Expected Range,35-44,7-12 Months,High,989.8799999999999,82.49,989.8799999999999,Developing,0.9731117932012104,Critical,80.27199182116784,963.2639018540142,0.5834815473543797,0.07972455451525219,0.09836065573770492,0.2858863769565164,High Value,0.6982216267033329,428,High Priority,Contract Upgrade Offer,40,0.2,192.65278037080284,152.65278037080284,3.816319509270071,297,10950
730,37,Male,9,104.19,One-Year,DSL,937.71,Yes,Yes,1,Expected Range,Expected Range,35-44,7-12 Months,Premium,1250.28,104.19,1250.28,Developing,0.9735147077918476,Critical,101.4304974048326,1217.1659688579912,0.824699866607381,0.07552280277861673,0.07377049180327869,0.37475555056628795,High Value,0.7340110449016237,252,High Priority,Billing Review and Discount,30,0.15,182.57489532869866,152.57489532869866,5.085829844289956,298,10980
92,54,Male,18,80.16,Month-to-Month,No Internet,1442.88,No,Yes,1,Expected Range,Expected Range,45-54,13-24 Months,High,961.92,80.16,961.92,Developing,1.0,Critical,80.16,961.92,0.557581147176523,0.11620900030202357,0.14754098360655737,0.3005908548779568,High Value,0.7202363419511827,312,High Priority,Contract Upgrade Offer,40,0.2,192.38400000000001,152.38400000000001,3.8096000000000005,299,11020
583,51,Male,17,80.13,Month-to-Month,Fiber Optic,1362.21,No,Yes,1,Expected Range,Expected Range,45-54,13-24 Months,High,961.56,80.13,961.56,Developing,1.0,Critical,80.13,961.56,0.5572476656291685,0.10971186952582301,0.13934426229508198,0.29613428615947596,High Value,0.7184537144637904,318,High Priority,Contract Upgrade Offer,40,0.2,192.312,152.312,3.8078000000000003,300,11060
898,46,Female,7,95.72,Two-Year,No Internet,670.04,No,Yes,1,Expected Range,Expected Range,45-54,7-12 Months,High,1148.6399999999999,95.72,1148.6399999999999,Developing,1.0,Critical,95.72,1148.6399999999999,0.7305469097376613,0.053964763918252286,0.05737704918032787,0.32545069356153483,High Value,0.7301802774246139,271,High Priority,Complimentary Tech Support,20,0.15,172.29599999999996,152.29599999999996,7.614799999999998,301,11080
936,39,Male,18,80.08,Month-to-Month,No Internet,1441.44,No,Yes,1,Expected Range,Expected Range,35-44,13-24 Months,High,960.96,80.08,960.96,Developing,1.0,Critical,80.08,960.96,0.5566918630502447,0.11609302325581396,0.14754098360655737,0.3001945492612721,High Value,0.7200778197045088,313,High Priority,Contract Upgrade Offer,40,0.2,192.192,152.192,3.8048,302,11120
758,46,Female,6,80.06,Month-to-Month,Fiber Optic,480.36,Yes,Yes,1,Expected Range,Expected Range,45-54,0-6 Months,High,960.72,80.06,960.72,New,0.9975203252032521,Critical,79.86147723577237,958.3377268292684,0.556469542018675,0.03868800966475385,0.04918032786885246,0.248423702157347,Moderate Value,0.69788167598489,429,High Priority,Contract Upgrade Offer,40,0.2,191.6675453658537,151.6675453658537,3.7916886341463423,303,11160
168,63,Female,16,83.94,Month-to-Month,Fiber Optic,1343.04,Yes,Yes,1,Expected Range,Expected Range,55-64,13-24 Months,High,1007.28,83.94,1007.28,Developing,0.9483507424344803,Critical,79.60456131995026,955.2547358394031,0.5995998221431748,0.10816792509815765,0.13114754098360656,0.3104855878875267,High Value,0.6932046806156988,443,High Priority,Contract Upgrade Offer,40,0.2,191.05094716788062,151.05094716788062,3.7762736791970157,304,11200
916,47,Female,22,82.7,Month-to-Month,DSL,1819.4,Yes,Yes,1,Expected Range,Expected Range,45-54,13-24 Months,High,992.4000000000001,82.7,992.4000000000001,Developing,0.9617057199665979,Critical,79.53306304123765,954.3967564948518,0.5858159181858605,0.14653377630121817,0.18032786885245902,0.3306951561928853,High Value,0.7093014944571129,373,High Priority,Contract Upgrade Offer,40,0.2,190.8793512989704,150.8793512989704,3.7719837824742597,305,11240
232,47,Male,63,98.34,Two-Year,DSL,6195.42,No,Yes,1,Expected Range,Expected Range,45-54,49-72 Months,High,1180.08,98.34,1180.08,Loyal,0.9651838589252382,Critical,94.91618068670792,1138.9941682404951,0.7596709648732771,0.4989767441860465,0.5163934426229508,0.6076086070701648,Top Value,0.8221537581832088,33,Immediate Action,Complimentary Tech Support,20,0.15,170.84912523607426,150.84912523607426,7.5424562618037125,306,11260
682,33,Male,0,79.49,Month-to-Month,DSL,0.0,No,Yes,1,Expected Range,Expected Range,25-34,0-6 Months,High,953.8799999999999,79.49,953.8799999999999,New,1.0,Critical,79.49,953.8799999999999,0.5501333926189418,0.0,0.0,0.22005335704757673,Moderate Value,0.6880213428190307,470,High Priority,Contract Upgrade Offer,40,0.2,190.77599999999998,150.77599999999998,3.7693999999999996,307,11300
867,47,Male,7,79.4,Month-to-Month,DSL,555.8000000000001,Yes,Yes,1,Expected Range,Expected Range,45-54,7-12 Months,High,952.8000000000001,79.4,952.8000000000001,Developing,0.9975,Critical,79.20150000000001,950.4180000000001,0.5491329479768787,0.04476391825229035,0.05737704918032787,0.24966481287413508,Moderate Value,0.6983659251496541,427,High Priority,Contract Upgrade Offer,40,0.2,190.08360000000005,150.08360000000005,3.7520900000000013,308,11340
640,32,Female,3,79.18,Month-to-Month,No Internet,237.54,No,Yes,1,Expected Range,Expected Range,25-34,0-6 Months,High,950.1600000000001,79.18,950.1600000000001,New,1.0,Critical,79.18,950.1600000000001,0.5466874166296133,0.019131380247659317,0.02459016393442623,0.23151849072213265,Moderate Value,0.692607396288853,446,High Priority,Contract Upgrade Offer,40,0.2,190.03200000000004,150.03200000000004,3.750800000000001,309,11380
992,24,Male,32,81.93,Month-to-Month,Fiber Optic,2621.76,Yes,Yes,1,Expected Range,Expected Range,Under 25,25-48 Months,High,983.1600000000001,81.93,983.1600000000001,Established,0.9657207918994505,Critical,79.12150448032199,949.4580537638639,0.5772565584704314,0.21115554213228632,0.26229508196721313,0.3703808336262761,High Value,0.7275848085901807,278,High Priority,Contract Upgrade Offer,40,0.2,189.89161075277278,149.89161075277278,3.7472902688193193,310,11420
475,61,Male,1,79.2,Month-to-Month,Fiber Optic,79.2,Yes,Yes,1,Expected Range,Expected Range,55-64,0-6 Months,High,950.4000000000001,79.2,950.4000000000001,New,0.9986666666666667,Critical,79.09440000000001,949.1328000000001,0.5469097376611829,0.0063787375415282396,0.00819672131147541,0.2230456335318769,Moderate Value,0.6884182534127508,467,High Priority,Contract Upgrade Offer,40,0.2,189.82656000000003,149.82656000000003,3.7456640000000005,311,11460
705,29,Male,22,81.48,Month-to-Month,Fiber Optic,1792.5600000000002,Yes,Yes,1,Expected Range,Expected Range,25-34,13-24 Months,High,977.76,81.48,977.76,Developing,0.9698771665705314,Critical,79.0255915321669,948.3070983860027,0.5722543352601157,0.14437209302325582,0.18032786885245902,0.3245139338753006,High Value,0.711731873492439,356,High Priority,Contract Upgrade Offer,40,0.2,189.66141967720057,149.66141967720057,3.7415354919300143,312,11500
120,52,Female,66,80.96,Month-to-Month,Fiber Optic,5343.36,Yes,Yes,1,Expected Range,Expected Range,45-54,49-72 Months,High,971.52,80.96,971.52,Loyal,0.9746181984309156,Critical,78.90508934496692,946.861072139603,0.5664739884393064,0.4303521594684385,0.5409836065573771,0.5124587528290203,Top Value,0.7897544201901574,67,High Priority,Contract Upgrade Offer,40,0.2,189.37221442792062,149.37221442792062,3.7343053606980154,313,11540
917,51,Male,3,78.99,Month-to-Month,Fiber Optic,236.96999999999997,Yes,Yes,1,Expected Range,Expected Range,45-54,0-6 Months,High,947.8799999999999,78.99,947.8799999999999,New,0.9975203252032521,Critical,78.79413048780488,945.5295658536586,0.5445753668297021,0.01908547266686801,0.02459016393442623,0.2306576031488912,Moderate Value,0.6907752363815076,451,High Priority,Contract Upgrade Offer,40,0.2,189.10591317073172,149.10591317073172,3.7276478292682933,314,11580
861,47,Male,55,78.63,Month-to-Month,No Internet,4324.65,No,Yes,1,Expected Range,Expected Range,45-54,49-72 Months,High,943.56,78.63,943.56,Loyal,1.0,Critical,78.63,943.56,0.5405735882614495,0.34830564784053153,0.45081967213114754,0.45084133008155275,Top Value,0.7803365320326211,83,High Priority,Contract Upgrade Offer,40,0.2,188.712,148.712,3.7177999999999995,315,11620
603,53,Male,11,78.63,Month-to-Month,No Internet,864.93,No,Yes,1,Expected Range,Expected Range,45-54,7-12 Months,High,943.56,78.63,943.56,Developing,1.0,Critical,78.63,943.56,0.5405735882614495,0.0696611295681063,0.09016393442622951,0.2631518142599744,Moderate Value,0.7052607257039898,393,High Priority,Contract Upgrade Offer,40,0.2,188.712,148.712,3.7177999999999995,316,11660
995,34,Female,1,78.63,Month-to-Month,DSL,78.63,No,Yes,1,Expected Range,Expected Range,25-34,0-6 Months,High,943.56,78.63,943.56,New,1.0,Critical,78.63,943.56,0.5405735882614495,0.006332829960736937,0.00819672131147541,0.22049510611870662,Moderate Value,0.6881980424474826,469,High Priority,Contract Upgrade Offer,40,0.2,188.712,148.712,3.7177999999999995,317,11700
678,62,Female,26,93.85,One-Year,No Internet,2440.1,No,Yes,1,Expected Range,Expected Range,55-64,25-48 Months,High,1126.1999999999998,93.85,1126.1999999999998,Established,0.9977777777777779,Critical,93.64144444444445,1123.6973333333333,0.7097598932859048,0.19652471559448303,0.21311475409836067,0.4059662962970212,Top Value,0.7610531851854752,138,High Priority,Complimentary Tech Support,20,0.15,168.5546,148.5546,7.4277299999999995,318,11720
186,52,Male,41,81.53,Month-to-Month,DSL,3342.73,Yes,Yes,1,Expected Range,Expected Range,45-54,25-48 Months,High,978.36,81.53,978.36,Established,0.960234202296996,Critical,78.28789451327408,939.454734159289,0.5728101378390397,0.2692221886640491,0.33606557377049184,0.40736821461065603,Top Value,0.73908780722246,227,High Priority,Contract Upgrade Offer,40,0.2,187.89094683185783,147.89094683185783,3.697273670796446,319,11760
841,44,Male,27,95.59,One-Year,Fiber Optic,2580.9300000000003,No,Yes,1,Expected Range,Expected Range,35-44,25-48 Months,High,1147.08,95.59,1147.08,Established,0.9734484126984128,Critical,93.05193376984128,1116.6232052380954,0.7291018230324591,0.20786710963455152,0.2213114754098361,0.4197220864375356,Top Value,0.7519578821940619,177,High Priority,Complimentary Tech Support,20,0.15,167.4934807857143,147.4934807857143,7.374674039285715,320,11780
501,54,Female,1,77.91,Month-to-Month,DSL,77.91,No,Yes,1,Expected Range,Expected Range,45-54,0-6 Months,High,934.92,77.91,934.92,New,1.0,Critical,77.91,934.92,0.5325700311249445,0.006274841437632135,0.00819672131147541,0.21727338728101792,Moderate Value,0.6869093549124071,476,High Priority,Contract Upgrade Offer,40,0.2,186.984,146.984,3.6746000000000003,321,11820
857,36,Female,24,94.09,Two-Year,DSL,2258.16,No,Yes,1,Expected Range,Expected Range,35-44,13-24 Months,High,1129.08,94.09,1129.08,Developing,0.9859259259259259,Critical,92.76577037037036,1113.1892444444443,0.7124277456647401,0.1818713379643612,0.19672131147540983,0.39780639442227494,Top Value,0.7506781133244655,180,High Priority,Complimentary Tech Support,20,0.15,166.97838666666664,146.97838666666664,7.348919333333332,322,11840
989,42,Male,12,79.71,Month-to-Month,DSL,956.52,Yes,Yes,1,Expected Range,Expected Range,35-44,7-12 Months,High,956.52,79.71,956.52,Developing,0.9771662235084254,Critical,77.88991967585659,934.6790361102791,0.5525789239662072,0.07703775294472968,0.09836065573770492,0.27258494705156455,High Value,0.695333712925681,435,High Priority,Contract Upgrade Offer,40,0.2,186.93580722205581,146.93580722205581,3.6733951805513954,323,11880
717,46,Female,7,92.74,One-Year,No Internet,649.18,No,Yes,1,Expected Range,Expected Range,45-54,7-12 Months,High,1112.8799999999999,92.74,1112.8799999999999,Developing,1.0,Critical,92.74,1112.8799999999999,0.6974210760337929,0.05228470754052149,0.05737704918032787,0.3116123403477816,High Value,0.7246449361391126,295,High Priority,Complimentary Tech Support,20,0.15,166.932,146.932,7.3466,324,11900
878,47,Female,3,77.87,Month-to-Month,No Internet,233.61,No,Yes,1,Expected Range,Expected Range,45-54,0-6 Months,High,934.44,77.87,934.44,New,1.0,Critical,77.87,934.44,0.5321253890618054,0.018814859559045605,0.02459016393442623,0.2255828974539947,Moderate Value,0.6902331589815979,455,High Priority,Contract Upgrade Offer,40,0.2,186.88800000000003,146.88800000000003,3.672200000000001,325,11940
596,39,Male,23,77.82,Month-to-Month,Fiber Optic,1789.86,No,Yes,1,Expected Range,Expected Range,35-44,13-24 Months,High,933.8399999999999,77.82,933.8399999999999,Developing,1.0,Critical,77.82,933.8399999999999,0.5315695864828813,0.1441546360616128,0.18852459016393444,0.31021310475570063,High Value,0.7240852419022803,299,High Priority,Contract Upgrade Offer,40,0.2,186.768,146.768,3.6692,326,11980
458,34,Male,8,92.2,One-Year,No Internet,737.6,No,Yes,1,Expected Range,Expected Range,25-34,7-12 Months,High,1106.4,92.2,1106.4,Developing,1.0,Critical,92.2,1106.4,0.6914184081814141,0.0594060203362529,0.06557377049180328,0.313752913013205,High Value,0.725501165205282,288,High Priority,Complimentary Tech Support,20,0.15,165.96,145.96,7.298,327,12000
255,29,Female,8,102.34,Two-Year,DSL,818.72,Yes,Yes,1,Expected Range,Expected Range,25-34,7-12 Months,Premium,1228.08,102.34,1228.08,Developing,0.9506913919235518,Critical,97.29375704945629,1167.5250845934754,0.8041351711871945,0.06593939393939394,0.06557377049180328,0.3611262989766165,High Value,0.7148653547447776,343,High Priority,Billing Review and Discount,30,0.15,175.1287626890213,145.1287626890213,4.837625422967377,328,12030
756,71,Female,13,92.02,Two-Year,No Internet,1196.26,No,Yes,1,Expected Range,Expected Range,65+,13-24 Months,High,1104.24,92.02,1104.24,Developing,0.9968888888888887,Critical,91.73371555555553,1100.8045866666664,0.6894175188972878,0.09634632034632035,0.10655737704918034,0.33612756394242227,High Value,0.732584358910302,260,High Priority,Complimentary Tech Support,20,0.15,165.12068799999994,145.12068799999994,7.256034399999997,329,12050
84,39,Female,32,92.91,One-Year,DSL,2973.12,No,Yes,1,Expected Range,Expected Range,35-44,25-48 Months,High,1114.92,92.91,1114.92,Established,0.9829166666666667,Critical,91.32278749999999,1095.8734499999998,0.6993108048021344,0.23945394140742976,0.26229508196721313,0.4291069719052575,Top Value,0.761392788762103,137,High Priority,Complimentary Tech Support,20,0.15,164.38101749999996,144.38101749999996,7.219050874999998,330,12070
302,39,Male,13,79.74,Month-to-Month,Fiber Optic,1036.62,Yes,Yes,1,Expected Range,Expected Range,35-44,13-24 Months,High,956.8799999999999,79.74,956.8799999999999,Developing,0.9617934808146621,Critical,76.69341216016115,920.3209459219338,0.5529124055135616,0.08348897614013892,0.10655737704918034,0.2770254481167683,High Value,0.6878862677355045,471,High Priority,Contract Upgrade Offer,40,0.2,184.06418918438678,144.06418918438678,3.6016047296096696,331,12110
830,42,Female,18,90.87,One-Year,No Internet,1635.66,No,Yes,1,Expected Range,Expected Range,35-44,13-24 Months,High,1090.44,90.87,1090.44,Developing,1.0,Critical,90.87,1090.44,0.6766340595820366,0.13173542736333435,0.14754098360655737,0.353646269311621,High Value,0.7414585077246484,219,High Priority,Complimentary Tech Support,20,0.15,163.566,143.566,7.1783,332,12130
945,63,Female,10,90.81,Two-Year,No Internet,908.1,No,Yes,1,Expected Range,Expected Range,55-64,7-12 Months,High,1089.72,90.81,1089.72,Developing,0.9979999999999999,Critical,90.62837999999999,1087.54056,0.6759670964873279,0.07313802476593174,0.0819672131147541,0.31647695054169583,High Value,0.7253907802166782,290,High Priority,Complimentary Tech Support,20,0.15,163.131084,143.131084,7.1565541999999995,333,12150
912,47,Female,27,78.72,Month-to-Month,Fiber Optic,2125.44,Yes,Yes,1,Expected Range,Expected Range,45-54,25-48 Months,High,944.64,78.72,944.64,Established,0.9667368084417276,Critical,76.1015215605328,913.2182587263936,0.5415740329035127,0.17118212020537601,0.2213114754098361,0.33187122408574565,High Value,0.7127905746993348,352,High Priority,Contract Upgrade Offer,40,0.2,182.64365174527873,142.64365174527873,3.566091293631968,334,12190
727,45,Female,23,90.51,Two-Year,No Internet,2081.73,No,Yes,1,Expected Range,Expected Range,45-54,13-24 Months,High,1086.1200000000001,90.51,1086.1200000000001,Developing,0.9979999999999999,Critical,90.32898,1083.94776,0.6726322810137841,0.167661733615222,0.18852459016393444,0.374865666711825,High Value,0.7487462666847299,188,High Priority,Complimentary Tech Support,20,0.15,162.592164,142.592164,7.1296082,335,12210
4,60,Female,8,102.34,One-Year,DSL,818.72,Yes,Yes,1,Expected Range,Expected Range,55-64,7-12 Months,Premium,1228.08,102.34,1228.08,Developing,0.9362168632021572,Critical,95.81243378010878,1149.7492053613053,0.8041351711871945,0.06593939393939394,0.06557377049180328,0.3611262989766165,High Value,0.7061806375119409,385,High Priority,Billing Review and Discount,30,0.15,172.4623808041958,142.4623808041958,4.7487460268065265,336,12240
182,36,Female,31,78.23,Month-to-Month,Fiber Optic,2425.13,Yes,Yes,1,Expected Range,Expected Range,35-44,25-48 Months,High,938.76,78.23,938.76,Established,0.9716075821096847,Critical,76.00886114844063,912.1063337812875,0.536127167630058,0.1953190375515957,0.2540983606557377,0.3463371203590161,High Value,0.7214993974094173,309,High Priority,Contract Upgrade Offer,40,0.2,182.42126675625752,142.42126675625752,3.560531668906438,337,12280
685,32,Male,11,104.91,Two-Year,Fiber Optic,1154.01,Yes,Yes,1,Expected Range,Expected Range,25-34,7-12 Months,Premium,1258.92,104.91,1258.92,Developing,0.9090195800117616,Critical,95.3652441390339,1144.3829296684069,0.8327034237438862,0.09294352159468439,0.09016393442622951,0.3881525856622514,Top Value,0.7006727822719575,418,High Priority,Billing Review and Discount,30,0.15,171.65743945026102,141.65743945026102,4.721914648342034,338,12310
958,49,Female,2,75.53,Month-to-Month,DSL,151.06,No,Yes,1,Expected Range,Expected Range,45-54,0-6 Months,High,906.36,75.53,906.36,New,1.0,Critical,75.53,906.36,0.5061138283681638,0.012166314305849189,0.01639344262295082,0.21080210201005042,Moderate Value,0.6843208408040201,481,High Priority,Contract Upgrade Offer,40,0.2,181.27200000000002,141.27200000000002,3.5318000000000005,339,12350
573,48,Male,6,89.23,One-Year,No Internet,535.38,No,Yes,1,Expected Range,Expected Range,45-54,0-6 Months,High,1070.76,89.23,1070.76,New,1.0,Critical,89.23,1070.76,0.6584037349933305,0.04311929930534582,0.04918032786885246,0.29074833072141637,High Value,0.7162993322885666,331,High Priority,Complimentary Tech Support,20,0.15,160.614,140.614,7.0307,340,12370
585,46,Female,8,75.22,Month-to-Month,DSL,601.76,No,Yes,1,Expected Range,Expected Range,45-54,7-12 Months,High,902.64,75.22,902.64,Developing,1.0,Critical,75.22,902.64,0.502667852378835,0.04846551897714688,0.06557377049180328,0.23442351521648624,Moderate Value,0.6937694060865944,439,High Priority,Contract Upgrade Offer,40,0.2,180.52800000000002,140.52800000000002,3.5132000000000003,341,12410
969,44,Female,31,89.37,Two-Year,No Internet,2770.4700000000003,No,Yes,1,Expected Range,Expected Range,35-44,25-48 Months,High,1072.44,89.37,1072.44,Established,0.9955757575757574,Critical,88.97460545454545,1067.6952654545455,0.6599599822143176,0.22313258834189068,0.2540983606557377,0.4056049889693232,Top Value,0.7595874501331836,144,High Priority,Complimentary Tech Support,20,0.15,160.1542898181818,140.1542898181818,7.00771449090909,342,12430
156,37,Female,67,90.73,One-Year,DSL,6078.91,No,Yes,1,Expected Range,Expected Range,35-44,49-72 Months,High,1088.76,90.73,1088.76,Loyal,0.9773995726495726,Critical,88.67946322649573,1064.1535587179487,0.6750778123610495,0.4895930735930736,0.5491803278688525,0.5786837826692086,Top Value,0.817913256657427,37,Immediate Action,Complimentary Tech Support,20,0.15,159.6230338076923,139.6230338076923,6.981151690384616,343,12450
164,36,Female,10,88.38,One-Year,No Internet,883.8,No,Yes,1,Expected Range,Expected Range,35-44,7-12 Months,High,1060.56,88.38,1060.56,Developing,1.0,Critical,88.38,1060.56,0.648955091151623,0.07118091211114466,0.0819672131147541,0.30498715897823836,High Value,0.7219948635912954,308,High Priority,Complimentary Tech Support,20,0.15,159.08399999999997,139.08399999999997,6.954199999999998,344,12470
850,39,Female,9,88.48,Two-Year,DSL,796.32,No,Yes,1,Expected Range,Expected Range,35-44,7-12 Months,High,1061.76,88.48,1061.76,Developing,0.9957777777777777,Critical,88.10641777777776,1057.2770133333331,0.650066696309471,0.06413530655391121,0.07377049180327869,0.300916658768477,High Value,0.7178333301740574,322,High Priority,Complimentary Tech Support,20,0.15,158.59155199999995,138.59155199999995,6.929577599999997,345,12490
699,54,Female,2,74.33,Month-to-Month,DSL,148.66,No,Yes,1,Expected Range,Expected Range,45-54,0-6 Months,Moderate,891.96,74.33,891.96,New,1.0,Critical,74.33,891.96,0.49277456647398854,0.011973019228833181,0.01639344262295082,0.20539874397542474,Moderate Value,0.6821594975901699,492,High Priority,Contract Upgrade Offer,40,0.2,178.39200000000002,138.39200000000002,3.4598000000000004,346,12530
299,53,Female,3,74.07,Month-to-Month,Fiber Optic,222.21,No,Yes,1,Expected Range,Expected Range,45-54,0-6 Months,Moderate,888.8399999999999,74.07,888.8399999999999,New,1.0,Critical,74.07,888.8399999999999,0.4898843930635838,0.01789670794321957,0.02459016393442623,0.20836514598916692,Moderate Value,0.6833460583956668,486,High Priority,Contract Upgrade Offer,40,0.2,177.768,137.768,3.4442,347,12570
282,51,Female,18,74.05,Month-to-Month,No Internet,1332.9,No,Yes,1,Expected Range,Expected Range,45-54,13-24 Months,Moderate,888.5999999999999,74.05,888.5999999999999,Developing,1.0,Critical,74.05,888.5999999999999,0.4896620720320143,0.10735125339776504,0.14754098360655737,0.2703230134036628,High Value,0.7081292053614652,376,High Priority,Contract Upgrade Offer,40,0.2,177.72,137.72,3.443,348,12610
932,63,Female,8,87.69,Two-Year,No Internet,701.52,No,Yes,1,Expected Range,Expected Range,55-64,7-12 Months,High,1052.28,87.69,1052.28,Developing,0.9979999999999999,Critical,87.51462,1050.17544,0.6412850155624723,0.05650015101177892,0.06557377049180328,0.2926825017020624,High Value,0.7158730006808248,337,High Priority,Complimentary Tech Support,20,0.15,157.52631599999998,137.52631599999998,6.876315799999999,349,12630
396,40,Female,18,77.23,Month-to-Month,DSL,1390.14,Yes,Yes,1,Expected Range,Expected Range,35-44,13-24 Months,High,926.76,77.23,926.76,Developing,0.9554871936671894,Critical,73.79227596691705,885.5073116030046,0.5250111160515786,0.1119613409845968,0.14754098360655737,0.28607616166687966,High Value,0.6877227808670655,472,High Priority,Contract Upgrade Offer,40,0.2,177.10146232060094,137.10146232060094,3.4275365580150234,350,12670
70,38,Male,0,87.27,One-Year,No Internet,0.0,No,Yes,1,Expected Range,Expected Range,35-44,0-6 Months,High,1047.24,87.27,1047.24,New,1.0,Critical,87.27,1047.24,0.6366162738995109,0.0,0.0,0.2546465095598044,Moderate Value,0.7018586038239217,411,High Priority,Complimentary Tech Support,20,0.15,157.08599999999998,137.08599999999998,6.854299999999999,351,12690
592,40,Male,10,87.19,One-Year,No Internet,871.9,No,Yes,1,Expected Range,Expected Range,35-44,7-12 Months,High,1046.28,87.19,1046.28,Developing,1.0,Critical,87.19,1046.28,0.6357269897732326,0.07022249068760697,0.0819672131147541,0.29936047092864404,High Value,0.7197441883714576,316,High Priority,Complimentary Tech Support,20,0.15,156.94199999999998,136.94199999999998,6.847099999999999,352,12710
597,42,Female,29,90.97,One-Year,Fiber Optic,2638.13,No,Yes,1,Expected Range,Expected Range,35-44,25-48 Months,High,1091.6399999999999,90.97,1091.6399999999999,Established,0.954252762923351,Critical,86.80837384313725,1041.700486117647,0.6777456647398845,0.21247397563676634,0.2377049180327869,0.4048903868770187,Top Value,0.7345078125048181,250,High Priority,Complimentary Tech Support,20,0.15,156.25507291764703,136.25507291764703,6.812753645882351,353,12730
890,56,Female,15,86.92,Two-Year,No Internet,1303.8,No,Yes,1,Expected Range,Expected Range,55-64,13-24 Months,High,1043.04,86.92,1043.04,Developing,0.9979999999999999,Critical,86.74615999999999,1040.95392,0.6327256558470432,0.10500755058894594,0.12295081967213116,0.3205806099629812,High Value,0.7270322439851924,282,High Priority,Complimentary Tech Support,20,0.15,156.14308799999998,136.14308799999998,6.807154399999999,354,12750
610,59,Male,1,73.56,Month-to-Month,Fiber Optic,73.56,Yes,Yes,1,Expected Range,Expected Range,55-64,0-6 Months,Moderate,882.72,73.56,882.72,New,0.9953333333333334,Critical,73.21672000000001,878.6006400000001,0.48421520675855945,0.005924494110540622,0.00819672131147541,0.19780883596998186,Moderate Value,0.6763235343879928,515,High Priority,Contract Upgrade Offer,40,0.2,175.72012800000005,135.72012800000005,3.393003200000001,355,12790
910,66,Female,36,73.06,Month-to-Month,No Internet,2630.16,No,Yes,1,Expected Range,Expected Range,65+,25-48 Months,Moderate,876.72,73.06,876.72,Established,1.0,Critical,73.06,876.72,0.47865718096931975,0.21183207490184233,0.29508196721311475,0.3393745904066514,High Value,0.7357498361626605,243,High Priority,Contract Upgrade Offer,40,0.2,175.34400000000002,135.34400000000002,3.3836000000000004,356,12830
532,28,Female,2,73.39,Month-to-Month,DSL,146.78,Yes,Yes,1,Expected Range,Expected Range,25-34,0-6 Months,Moderate,880.6800000000001,73.39,880.6800000000001,New,0.9945185185185185,Critical,72.98771407407408,875.852568888889,0.48232547799021797,0.01182160475183731,0.01639344262295082,0.20116611351496796,Moderate Value,0.6771775565170983,511,High Priority,Contract Upgrade Offer,40,0.2,175.1705137777778,135.1705137777778,3.3792628444444452,357,12870
524,50,Male,8,72.96,Month-to-Month,Fiber Optic,583.68,No,Yes,1,Expected Range,Expected Range,45-54,7-12 Months,Moderate,875.52,72.96,875.52,Developing,1.0,Critical,72.96,875.52,0.4775455758114717,0.04700936273029296,0.06557377049180328,0.22386494990314204,Moderate Value,0.6895459799612568,463,High Priority,Contract Upgrade Offer,40,0.2,175.104,135.104,3.3776,358,12910
260,52,Male,62,86.16,One-Year,No Internet,5341.92,No,Yes,1,Expected Range,Expected Range,45-54,49-72 Months,High,1033.92,86.16,1033.92,Loyal,0.9988888888888887,Critical,86.06426666666665,1032.7712,0.6242774566473989,0.43023618242222894,0.5081967213114754,0.5273428268346085,Top Value,0.8102704640671766,44,Immediate Action,Complimentary Tech Support,20,0.15,154.91567999999998,134.91567999999998,6.745783999999999,359,12930
418,46,Male,9,86.04,One-Year,No Internet,774.36,No,Yes,1,Expected Range,Expected Range,45-54,7-12 Months,High,1032.48,86.04,1032.48,Developing,1.0,Critical,86.04,1032.48,0.6229435304579815,0.06236665659921474,0.07377049180327869,0.28944836494373744,High Value,0.7157793459774949,338,High Priority,Complimentary Tech Support,20,0.15,154.87199999999999,134.87199999999999,6.743599999999999,360,12950
199,45,Female,14,89.31,One-Year,Fiber Optic,1250.34,No,Yes,1,Expected Range,Expected Range,45-54,13-24 Months,High,1071.72,89.31,1071.72,Developing,0.9604980635866441,Critical,85.7820820589232,1029.3849847070783,0.6592930191196088,0.10070190274841437,0.11475409836065574,0.3276513981999524,High Value,0.7073593974319674,379,High Priority,Complimentary Tech Support,20,0.15,154.40774770606174,134.40774770606174,6.720387385303087,361,12970
441,48,Male,94,89.57,One-Year,Fiber Optic,8419.58,No,Yes,1,Expected Range,Expected Range,45-54,73+ Months,High,1074.84,89.57,1074.84,Loyal,0.9556588689088691,Critical,85.5983648881674,1027.1803786580087,0.6621831925300133,0.6781097352260143,0.7704918032786886,0.6948346351607825,Top Value,0.8513291754096344,15,Immediate Action,Complimentary Tech Support,20,0.15,154.0770567987013,134.0770567987013,6.703852839935065,362,12990
908,52,Male,39,116.71,One-Year,Fiber Optic,4551.69,Yes,Yes,1,Expected Range,Expected Range,45-54,25-48 Months,Premium,1400.52,116.71,1400.52,Established,0.779484368900352,Critical,90.97362069436008,1091.683448332321,0.9638728323699421,0.3665913621262458,0.319672131147541,0.5937741424790481,Top Value,0.7052002783318304,396,High Priority,Billing Review and Discount,30,0.15,163.75251724984813,133.75251724984813,4.458417241661604,363,13020
364,49,Male,21,111.95,One-Year,Fiber Optic,2350.9500000000003,Yes,Yes,1,Expected Range,Expected Range,45-54,13-24 Months,Premium,1343.4,111.95,1343.4,Developing,0.8121731939337827,Critical,90.92278906088698,1091.0734687306438,0.9109604268563807,0.18934460887949262,0.1721311475409836,0.4736875707356206,Top Value,0.6767789446545178,513,High Priority,Billing Review and Discount,30,0.15,163.66102030959655,133.66102030959655,4.455367343653219,364,13050
557,40,Female,4,85.15,One-Year,No Internet,340.6,No,Yes,1,Expected Range,Expected Range,35-44,0-6 Months,High,1021.8000000000001,85.15,1021.8000000000001,New,1.0,Critical,85.15,1021.8000000000001,0.6130502445531348,0.027431793013188363,0.03278688524590164,0.2630179466873453,Moderate Value,0.7052071786749381,395,High Priority,Complimentary Tech Support,20,0.15,153.27,133.27,6.663500000000001,365,13070
41,52,Male,12,111.74,One-Year,Fiber Optic,1340.88,Yes,Yes,1,Expected Range,Expected Range,45-54,7-12 Months,Premium,1340.8799999999999,111.74,1340.8799999999999,Developing,0.8106198448661357,Critical,90.578661465342,1086.9439375841039,0.9086260560249,0.10799395952884326,0.09836065573770492,0.42583847217948134,Top Value,0.6567072957914739,596,High Priority,Billing Review and Discount,30,0.15,163.04159063761557,133.04159063761557,4.434719687920519,366,13100
518,35,Male,3,85.26,One-Year,DSL,255.78000000000003,No,Yes,1,Expected Range,Expected Range,35-44,0-6 Months,High,1023.1200000000001,85.26,1023.1200000000001,New,0.9969811320754718,Critical,85.00261132075472,1020.0313358490566,0.6142730102267676,0.020600422832980976,0.02459016393442623,0.25906689306585695,Moderate Value,0.7018154364716258,413,High Priority,Complimentary Tech Support,20,0.15,153.0047003773585,133.0047003773585,6.6502350188679245,367,13120
933,30,Male,2,71.96,Month-to-Month,No Internet,143.92,No,Yes,1,Expected Range,Expected Range,25-34,0-6 Months,Moderate,863.52,71.96,863.52,New,1.0,Critical,71.96,863.52,0.46642952423299244,0.011591261451726566,0.01639344262295082,0.19472711185703898,Moderate Value,0.6778908447428156,505,High Priority,Contract Upgrade Offer,40,0.2,172.704,132.704,3.3176,368,13160
800,45,Female,22,71.88,Month-to-Month,No Internet,1581.36,No,Yes,1,Expected Range,Expected Range,45-54,13-24 Months,Moderate,862.56,71.88,862.56,Developing,1.0,Critical,71.88,862.56,0.46554024010671413,0.12736212624584717,0.18032786885245902,0.27587480744184695,High Value,0.7103499229767387,364,High Priority,Contract Upgrade Offer,40,0.2,172.512,132.512,3.3128,369,13200
212,56,Female,11,71.85,Month-to-Month,Fiber Optic,790.3499999999999,No,Yes,1,Expected Range,Expected Range,55-64,7-12 Months,Moderate,862.1999999999999,71.85,862.1999999999999,Developing,1.0,Critical,71.85,862.1999999999999,0.46520675855935967,0.06365448504983388,0.09016393442622951,0.23090275679774314,Moderate Value,0.6923611027190972,447,High Priority,Contract Upgrade Offer,40,0.2,172.44,132.44,3.311,370,13240
196,48,Male,4,84.62,One-Year,No Internet,338.48,No,Yes,1,Expected Range,Expected Range,45-54,0-6 Months,High,1015.44,84.62,1015.44,New,1.0,Critical,84.62,1015.44,0.6071587372165408,0.02726104902849089,0.03278688524590164,0.26060158335806355,Moderate Value,0.7042406333432254,402,High Priority,Complimentary Tech Support,20,0.15,152.316,132.316,6.6158,371,13260
348,30,Female,20,71.97,Month-to-Month,Fiber Optic,1439.4,No,Yes,1,Expected Range,Expected Range,25-34,13-24 Months,Moderate,863.64,71.97,863.64,Developing,0.9967543859649122,Critical,71.73641315789473,860.8369578947368,0.4665406847487773,0.11592872244035035,0.1639344262295082,0.2681749333110106,High Value,0.7053226049033515,392,High Priority,Contract Upgrade Offer,40,0.2,172.16739157894736,132.16739157894736,3.304184789473684,372,13300
747,46,Female,2,72.09,Month-to-Month,Fiber Optic,144.18,Yes,Yes,1,Expected Range,Expected Range,45-54,0-6 Months,Moderate,865.08,72.09,865.08,New,0.9941869918699187,Critical,71.67094024390244,860.0512829268292,0.4678746109381948,0.011612201751736636,0.01639344262295082,0.19531247564412346,Moderate Value,0.6746371853796006,524,High Priority,Contract Upgrade Offer,40,0.2,172.01025658536585,132.01025658536585,3.300256414634146,373,13340
269,40,Female,10,71.26,Month-to-Month,No Internet,712.6,No,Yes,1,Expected Range,Expected Range,35-44,7-12 Months,Moderate,855.1200000000001,71.26,855.1200000000001,Developing,1.0,Critical,71.26,855.1200000000001,0.458648288128057,0.057392529950669485,0.0819672131147541,0.22403850401264566,Moderate Value,0.6896154016050582,460,High Priority,Contract Upgrade Offer,40,0.2,171.02400000000003,131.02400000000003,3.2756000000000007,374,13380
142,58,Female,8,83.72,One-Year,No Internet,669.76,No,Yes,1,Expected Range,Expected Range,55-64,7-12 Months,High,1004.64,83.72,1004.64,Developing,1.0,Critical,83.72,1004.64,0.5971542907959093,0.053942212825933755,0.06557377049180328,0.27413493343039136,High Value,0.7096539733721565,365,High Priority,Complimentary Tech Support,20,0.15,150.696,130.696,6.5348,375,13400
167,53,Male,19,87.23,Two-Year,DSL,1657.37,No,Yes,1,Expected Range,Expected Range,45-54,13-24 Months,High,1046.76,87.23,1046.76,Developing,0.958783155860742,Critical,83.63465468573253,1003.6158562287903,0.6361716318363718,0.13348394241417497,0.1557377049180328,0.34012245880901815,High Value,0.7113188770400525,359,High Priority,Complimentary Tech Support,20,0.15,150.54237843431855,130.54237843431855,6.527118921715927,376,13420
171,36,Female,10,70.97,Month-to-Month,No Internet,709.7,No,Yes,1,Expected Range,Expected Range,35-44,7-12 Months,Moderate,851.64,70.97,851.64,Developing,1.0,Critical,70.97,851.64,0.4554246331702979,0.057158965065941814,0.0819672131147541,0.22266729431988733,Moderate Value,0.6890669177279549,465,High Priority,Contract Upgrade Offer,40,0.2,170.328,130.328,3.2582,377,13460
155,47,Female,6,70.93,Month-to-Month,DSL,425.58,No,Yes,1,Expected Range,Expected Range,45-54,0-6 Months,Moderate,851.1600000000001,70.93,851.1600000000001,New,1.0,Critical,70.93,851.1600000000001,0.4549799911071589,0.03427604953186349,0.04918032786885246,0.2062836957462289,Moderate Value,0.6825134782984915,489,High Priority,Contract Upgrade Offer,40,0.2,170.23200000000003,130.23200000000003,3.2558000000000007,378,13500
566,40,Female,6,85.06,Two-Year,Fiber Optic,510.36,No,Yes,1,Expected Range,Expected Range,35-44,0-6 Months,High,1020.72,85.06,1020.72,New,0.9784203703703703,Critical,83.2244367037037,998.6932404444444,0.6120497999110717,0.041104198127453945,0.04918032786885246,0.2715014712762507,High Value,0.6956528107327224,434,High Priority,Complimentary Tech Support,20,0.15,149.80398606666665,129.80398606666665,6.490199303333332,379,13520
291,42,Female,1,70.86,Month-to-Month,Fiber Optic,70.86,Yes,Yes,1,Expected Range,Expected Range,35-44,0-6 Months,Moderate,850.3199999999999,70.86,850.3199999999999,New,0.9975203252032521,Critical,70.68429024390244,848.2114829268293,0.45420186749666525,0.005707037148897614,0.00819672131147541,0.18572739032864913,Moderate Value,0.6728031512534108,527,High Priority,Contract Upgrade Offer,40,0.2,169.64229658536587,129.64229658536587,3.2410574146341466,380,13560
673,41,Male,58,82.95,Two-Year,No Internet,4811.1,No,Yes,1,Expected Range,Expected Range,35-44,49-72 Months,High,995.4000000000001,82.95,995.4000000000001,Loyal,1.0,Critical,82.95,995.4000000000001,0.5885949310804803,0.38748414376321355,0.4754098360655738,0.4899098817657103,Top Value,0.7959639527062841,59,High Priority,Complimentary Tech Support,20,0.15,149.31,129.31,6.4655000000000005,381,13580
190,29,Male,79,83.36,One-Year,No Internet,6585.44,No,Yes,1,Expected Range,Expected Range,25-34,73+ Months,High,1000.3199999999999,83.36,1000.3199999999999,Loyal,0.9937777777777778,Critical,82.84131555555555,994.0957866666666,0.5931525122276569,0.5303888049934561,0.6475409836065574,0.5847823325404117,Top Value,0.8301795996828313,25,Immediate Action,Complimentary Tech Support,20,0.15,149.11436799999998,129.11436799999998,6.455718399999999,382,13600
134,49,Female,43,82.82,One-Year,No Internet,3561.26,No,Yes,1,Expected Range,Expected Range,45-54,25-48 Months,High,993.8399999999999,82.82,993.8399999999999,Established,1.0,Critical,82.82,993.8399999999999,0.587149844375278,0.2868225108225108,0.3524590163934426,0.42336257063635063,Top Value,0.7693450282545402,108,High Priority,Complimentary Tech Support,20,0.15,149.076,129.076,6.453799999999999,383,13620
668,60,Male,76,82.49,One-Year,No Internet,6269.24,No,Yes,1,Expected Range,Expected Range,55-64,73+ Months,High,989.8799999999999,82.49,989.8799999999999,Loyal,0.9968888888888888,Critical,82.23336444444443,986.8003733333333,0.5834815473543797,0.5049221785965972,0.6229508196721312,0.5658530863685938,Top Value,0.8244745678807708,30,Immediate Action,Complimentary Tech Support,20,0.15,148.02005599999998,128.02005599999998,6.401002799999999,384,13640
547,50,Male,50,72.8,Month-to-Month,DSL,3640.0,Yes,Yes,1,Expected Range,Expected Range,45-54,49-72 Months,Moderate,873.5999999999999,72.8,873.5999999999999,Loyal,0.9612576149954088,Critical,69.97955437166576,839.7546524599891,0.4757670075589151,0.2931642001409443,0.4098360655737705,0.3953732894663392,Top Value,0.734903884783781,248,High Priority,Contract Upgrade Offer,40,0.2,167.95093049199784,127.95093049199784,3.198773262299946,385,13680
877,39,Male,3,69.97,Month-to-Month,DSL,209.91,Yes,Yes,1,Expected Range,Expected Range,35-44,0-6 Months,Moderate,839.64,69.97,839.64,New,1.0,Critical,69.97,839.64,0.44430858159181863,0.016906070673512533,0.02459016393442623,0.18978809835606342,Moderate Value,0.6759152393424254,518,High Priority,Contract Upgrade Offer,40,0.2,167.928,127.928,3.1982,386,13720
903,45,Female,2,69.87,Month-to-Month,DSL,139.74,No,Yes,1,Expected Range,Expected Range,45-54,0-6 Months,Moderate,838.44,69.87,838.44,New,1.0,Critical,69.87,838.44,0.4431969764339708,0.011254605859257022,0.01639344262295082,0.185316263280066,Moderate Value,0.6741265053120263,525,High Priority,Contract Upgrade Offer,40,0.2,167.68800000000002,127.68800000000002,3.1922000000000006,387,13760
295,48,Female,34,115.63,One-Year,Fiber Optic,3931.42,Yes,Yes,1,Expected Range,Expected Range,45-54,25-48 Months,Premium,1387.56,115.63,1387.56,Established,0.7574719634149777,Critical,87.58648312967387,1051.0377975560864,0.9518674966651846,0.316635054867613,0.27868852459016397,0.5612413990172794,Top Value,0.6789797376558984,502,High Priority,Billing Review and Discount,30,0.15,157.65566963341294,127.65566963341294,4.255188987780431,388,13790
744,45,Male,14,82.0,Two-Year,No Internet,1148.0,No,Yes,1,Expected Range,Expected Range,45-54,13-24 Months,High,984.0,82.0,984.0,Developing,1.0,Critical,82.0,984.0,0.5780346820809249,0.09245947850599014,0.11475409836065574,0.2922632148996304,High Value,0.7169052859598521,329,High Priority,Complimentary Tech Support,20,0.15,147.6,127.6,6.38,389,13810
440,44,Female,30,72.39,Month-to-Month,Fiber Optic,2171.7,Yes,Yes,1,Expected Range,Expected Range,35-44,25-48 Months,Moderate,868.6800000000001,72.39,868.6800000000001,Established,0.964610753055034,Critical,69.8281724136539,837.9380689638468,0.4712094264117386,0.17490788281485953,0.24590163934426232,0.31117693938596186,High Value,0.703237227587405,407,High Priority,Contract Upgrade Offer,40,0.2,167.5876137927694,127.58761379276939,3.1896903448192346,390,13850
444,44,Male,1,82.01,One-Year,Fiber Optic,82.01,No,Yes,1,Expected Range,Expected Range,35-44,0-6 Months,High,984.1200000000001,82.01,984.1200000000001,New,0.9977777777777779,Critical,81.82775555555557,981.9330666666668,0.5781458425967098,0.006605053860867815,0.00819672131147541,0.23561928621785652,Moderate Value,0.6929143811538093,445,High Priority,Complimentary Tech Support,20,0.15,147.28996,127.28996000000001,6.364498,391,13870
814,46,Female,19,81.92,Two-Year,No Internet,1556.48,No,Yes,1,Expected Range,Expected Range,45-54,13-24 Months,High,983.04,81.92,983.04,Developing,0.9979999999999999,Critical,81.75616,981.0739199999999,0.5771453979546466,0.12535830061411457,0.1557377049180328,0.31366799062630696,High Value,0.7242671962505227,297,High Priority,Complimentary Tech Support,20,0.15,147.16108799999998,127.16108799999998,6.3580543999999986,392,13890
471,42,Female,15,83.65,Two-Year,DSL,1254.75,No,Yes,1,Expected Range,Expected Range,35-44,13-24 Months,High,1003.8000000000001,83.65,1003.8000000000001,Developing,0.9749427910052911,Critical,81.5539644675926,978.6475736111113,0.5963761671854159,0.1010570824524313,0.12295081967213116,0.30465815065055013,High Value,0.7068289348633947,382,High Priority,Complimentary Tech Support,20,0.15,146.79713604166668,126.79713604166668,6.339856802083334,393,13910
234,38,Female,122,69.58,Month-to-Month,DSL,8488.76,No,Yes,1,Expected Range,Review,35-44,73+ Months,Moderate,834.96,69.58,834.96,Loyal,0.9978472222222221,Critical,69.43020972222222,833.1625166666665,0.4399733214762117,0.6836814658210008,1.0,0.6652778416278349,Top Value,0.8648194699844672,12,Immediate Action,Contract Upgrade Offer,40,0.2,166.63250333333332,126.63250333333332,3.165812583333333,394,13950
613,47,Male,7,81.57,One-Year,DSL,570.99,No,Yes,1,Expected Range,Expected Range,45-54,7-12 Months,High,978.8399999999999,81.57,978.8399999999999,Developing,0.9969811320754718,Critical,81.32375094339622,975.8850113207546,0.5732547799021788,0.04598731501057082,0.05737704918032787,0.25974173450965327,Moderate Value,0.7020853730491444,410,High Priority,Complimentary Tech Support,20,0.15,146.3827516981132,126.3827516981132,6.3191375849056595,395,13970
90,50,Male,17,109.13,One-Year,Fiber Optic,1855.21,Yes,Yes,1,Expected Range,Expected Range,45-54,13-24 Months,Premium,1309.56,109.13,1309.56,Developing,0.7947549827596153,Critical,86.73161126855682,1040.7793352226818,0.8796131614050691,0.14941789992952784,0.13934426229508198,0.4389775951111329,Top Value,0.6524440277002224,615,High Priority,Billing Review and Discount,30,0.15,156.11690028340226,126.11690028340226,4.203896676113408,396,14000
401,29,Male,22,116.53,One-Year,Fiber Optic,2563.66,Yes,Yes,1,Expected Range,Expected Range,25-34,13-24 Months,Premium,1398.3600000000001,116.53,1398.3600000000001,Developing,0.7440208571743362,High,86.7007504865254,1040.4090058383047,0.961871943085816,0.20647619047619045,0.18032786885245902,0.5020974111141079,Top Value,0.6472514787502449,635,High Priority,Billing Review and Discount,30,0.15,156.0613508757457,126.06135087574569,4.202045029191523,397,14030
472,21,Male,5,69.05,Month-to-Month,DSL,345.25,Yes,Yes,1,Expected Range,Expected Range,Under 25,0-6 Months,Moderate,828.5999999999999,69.05,828.5999999999999,New,1.0,Critical,69.05,828.5999999999999,0.43408181413961766,0.027806302224906876,0.04098360655737705,0.19361083307390878,Moderate Value,0.6774443332295634,510,High Priority,Contract Upgrade Offer,40,0.2,165.72,125.72,3.143,398,14070
5,42,Male,32,69.01,Month-to-Month,No Internet,2208.32,No,Yes,1,Expected Range,Expected Range,35-44,25-48 Months,Moderate,828.1200000000001,69.01,828.1200000000001,Established,1.0,Critical,69.01,828.1200000000001,0.43363717207647856,0.17785724353166216,0.26229508196721313,0.30127867455847646,High Value,0.7205114698233905,311,High Priority,Contract Upgrade Offer,40,0.2,165.62400000000002,125.62400000000002,3.1406000000000005,399,14110
815,55,Male,20,80.75,Two-Year,No Internet,1615.0,No,Yes,1,Expected Range,Expected Range,55-64,13-24 Months,High,969.0,80.75,969.0,Developing,1.0,Critical,80.75,969.0,0.5641396176078258,0.1300714789086882,0.1639344262295082,0.31216447121854823,High Value,0.7248657884874192,293,High Priority,Complimentary Tech Support,20,0.15,145.35,125.35,6.2675,400,14130
511,47,Female,28,68.81,Month-to-Month,Fiber Optic,1926.68,No,Yes,1,Expected Range,Expected Range,45-54,25-48 Months,Moderate,825.72,68.81,825.72,Established,1.0,Critical,68.81,825.72,0.4314139617607826,0.15517406624383367,0.22950819672131148,0.2842535570699827,High Value,0.7137014228279931,349,High Priority,Contract Upgrade Offer,40,0.2,165.144,125.144,3.1286,401,14170
352,59,Female,13,68.7,Month-to-Month,No Internet,893.1,No,Yes,1,Expected Range,Expected Range,55-64,13-24 Months,Moderate,824.4000000000001,68.7,824.4000000000001,Developing,1.0,Critical,68.7,824.4000000000001,0.43019119608714995,0.0719299305345817,0.10655737704918034,0.22389129838425867,Moderate Value,0.6895565193537034,462,High Priority,Contract Upgrade Offer,40,0.2,164.88000000000002,124.88000000000002,3.1220000000000008,402,14210
605,49,Female,2,68.82,Month-to-Month,Fiber Optic,137.64,Yes,Yes,1,Expected Range,Expected Range,45-54,0-6 Months,Moderate,825.8399999999999,68.82,825.8399999999999,New,0.9975203252032521,Critical,68.6493487804878,823.7921853658536,0.43152512227656736,0.011085472666868015,0.01639344262295082,0.18058832499976846,Moderate Value,0.6707475251218585,534,High Priority,Contract Upgrade Offer,40,0.2,164.75843707317074,124.75843707317074,3.1189609268292684,403,14250
7,60,Male,14,80.32,One-Year,No Internet,1124.48,No,Yes,1,Expected Range,Expected Range,55-64,13-24 Months,High,963.8399999999999,80.32,963.8399999999999,Developing,1.0,Critical,80.32,963.8399999999999,0.5593597154290796,0.09056518675123326,0.11475409836065574,0.2841302261247274,High Value,0.713652090449891,350,High Priority,Complimentary Tech Support,20,0.15,144.576,124.576,6.2288,404,14270
463,38,Male,24,68.7,Month-to-Month,Fiber Optic,1648.8000000000002,No,Yes,1,Expected Range,Expected Range,35-44,13-24 Months,Moderate,824.4000000000001,68.7,824.4000000000001,Developing,0.997142857142857,Critical,68.50371428571428,822.0445714285713,0.43019119608714995,0.132793717909997,0.19672131147540983,0.2677346075722114,Moderate Value,0.7053795573145988,391,High Priority,Contract Upgrade Offer,40,0.2,164.40891428571427,124.40891428571427,3.110222857142857,405,14310
321,45,Female,8,80.11,Two-Year,No Internet,640.88,No,Yes,1,Expected Range,Expected Range,45-54,7-12 Months,High,961.3199999999999,80.11,961.3199999999999,Developing,0.9979999999999999,Critical,79.94977999999999,959.3973599999999,0.557025344597599,0.0516162287325078,0.06557377049180328,0.2572692605183682,Moderate Value,0.7017077042073472,414,High Priority,Complimentary Tech Support,20,0.15,143.90960399999997,123.90960399999997,6.195480199999999,406,14330
423,42,Female,37,69.85,Month-to-Month,DSL,2584.45,Yes,Yes,1,Expected Range,Expected Range,35-44,25-48 Months,Moderate,838.1999999999999,69.85,838.1999999999999,Established,0.977535576997542,Critical,68.2808600532783,819.3703206393396,0.4429746554024011,0.20815060908084163,0.30327868852459017,0.32586224747040254,High Value,0.7168662451866862,330,High Priority,Contract Upgrade Offer,40,0.2,163.87406412786794,123.87406412786794,3.0968516031966984,407,14370
844,48,Female,1,80.09,Two-Year,No Internet,80.09,No,Yes,1,Expected Range,Expected Range,45-54,0-6 Months,High,961.08,80.09,961.08,New,0.9979999999999999,Critical,79.92981999999999,959.1578399999999,0.5568030235660295,0.0064504177992550085,0.00819672131147541,0.22702803598401994,Moderate Value,0.6896112143936078,461,High Priority,Complimentary Tech Support,20,0.15,143.87367599999996,123.87367599999996,6.193683799999998,408,14390
881,70,Male,21,82.44,Two-Year,Fiber Optic,1731.24,No,Yes,1,Expected Range,Expected Range,65+,13-24 Months,High,989.28,82.44,989.28,Developing,0.9674992660033229,Critical,79.76063948931395,957.1276738717673,0.5829257447754558,0.13943340380549682,0.1721311475409836,0.3250047761273521,High Value,0.7105014700529346,362,High Priority,Complimentary Tech Support,20,0.15,143.5691510807651,123.5691510807651,6.178457554038255,409,14410
135,35,Male,18,82.29,One-Year,Fiber Optic,1481.22,No,Yes,1,Expected Range,Expected Range,35-44,13-24 Months,High,987.48,82.29,987.48,Developing,0.967063492063492,Critical,79.57965476190476,954.9558571428572,0.581258337038684,0.11929688915735427,0.14754098360655737,0.3111424919221869,High Value,0.7046950920069699,401,High Priority,Complimentary Tech Support,20,0.15,143.24337857142856,123.24337857142856,6.162168928571428,410,14430
491,44,Female,64,81.92,Two-Year,DSL,5242.88,No,Yes,1,Expected Range,Expected Range,35-44,49-72 Months,High,983.04,81.92,983.04,Loyal,0.9640100223850224,Critical,78.97170103378104,947.6604124053725,0.5771453979546466,0.4222595389107017,0.5245901639344263,0.5097965387842108,Top Value,0.7823246289446977,79,High Priority,Complimentary Tech Support,20,0.15,142.1490618608059,122.14906186080589,6.107453093040294,411,14450
268,30,Male,1,67.67,Month-to-Month,DSL,67.67,Yes,Yes,1,Expected Range,Expected Range,25-34,0-6 Months,Moderate,812.04,67.67,812.04,New,0.9971111111111111,Critical,67.47450888888889,809.6941066666667,0.4187416629613162,0.005450115775697171,0.00819672131147541,0.17145338603388935,Moderate Value,0.6668480210802223,547,High Priority,Contract Upgrade Offer,40,0.2,161.93882133333335,121.93882133333335,3.048470533333334,412,14490
571,45,Male,14,67.19,Month-to-Month,No Internet,940.66,No,Yes,1,Expected Range,Expected Range,45-54,13-24 Months,Moderate,806.28,67.19,806.28,Developing,1.0,Critical,67.19,806.28,0.4134059582036461,0.07576039464411558,0.11475409836065574,0.22056704599706287,Moderate Value,0.6882268183988252,468,High Priority,Contract Upgrade Offer,40,0.2,161.256,121.256,3.0314,413,14530
452,54,Male,3,67.01,Month-to-Month,No Internet,201.03000000000003,No,Yes,1,Expected Range,Expected Range,45-54,0-6 Months,Moderate,804.1200000000001,67.01,804.1200000000001,New,1.0,Critical,67.01,804.1200000000001,0.4114050689195199,0.01619087888855331,0.02459016393442623,0.1763763761624082,Moderate Value,0.6705505504649633,535,High Priority,Contract Upgrade Offer,40,0.2,160.82400000000004,120.82400000000004,3.020600000000001,414,14570
86,39,Male,38,68.91,Month-to-Month,Fiber Optic,2618.58,Yes,Yes,1,Expected Range,Expected Range,35-44,25-48 Months,Moderate,826.92,68.91,826.92,Established,0.969533846774765,Critical,66.81057738124905,801.7269285749885,0.43252556691863053,0.2108994261552401,0.3114754098360656,0.32469387838080266,High Value,0.71159785941718,357,High Priority,Contract Upgrade Offer,40,0.2,160.34538571499772,120.34538571499772,3.008634642874943,415,14610
467,51,Male,19,77.83,One-Year,No Internet,1478.77,No,Yes,1,Expected Range,Expected Range,45-54,13-24 Months,High,933.96,77.83,933.96,Developing,1.0,Critical,77.83,933.96,0.5316807469986661,0.1190995670995671,0.1557377049180328,0.2932915735138231,High Value,0.7173166294055292,325,High Priority,Complimentary Tech Support,20,0.15,140.094,120.094,6.0047,416,14630
660,43,Female,23,108.16,One-Year,Fiber Optic,2487.68,Yes,Yes,1,Expected Range,Expected Range,35-44,13-24 Months,Premium,1297.92,108.16,1297.92,Developing,0.7706009504398144,Critical,83.34819879957031,1000.1783855948438,0.868830591373944,0.20035679049632538,0.18852459016393444,0.46478826076427515,Top Value,0.6482758745695987,629,High Priority,Billing Review and Discount,30,0.15,150.02675783922658,120.02675783922658,4.000891927974219,417,14660
822,59,Female,0,66.59,Month-to-Month,No Internet,0.0,No,Yes,1,Expected Range,Expected Range,55-64,0-6 Months,Moderate,799.08,66.59,799.08,New,1.0,Critical,66.59,799.08,0.4067363272565586,0.0,0.0,0.16269453090262345,Moderate Value,0.6650778123610493,555,High Priority,Contract Upgrade Offer,40,0.2,159.81600000000003,119.81600000000003,2.995400000000001,418,14700
197,36,Male,28,109.29,One-Year,Fiber Optic,3060.1200000000003,Yes,Yes,1,Expected Range,Expected Range,35-44,25-48 Months,Premium,1311.48,109.29,1311.48,Established,0.7609749254266446,Critical,83.166949599878,998.0033951985359,0.8813917296576257,0.24646088794926008,0.22950819672131148,0.4961950518256192,Top Value,0.6550629759862344,604,High Priority,Billing Review and Discount,30,0.15,149.7005092797804,119.70050927978039,3.99001697599268,419,14730
453,35,Female,33,66.22,Month-to-Month,No Internet,2185.26,No,Yes,1,Expected Range,Expected Range,35-44,25-48 Months,Moderate,794.64,66.22,794.64,Established,1.0,Critical,66.22,794.64,0.4026233881725212,0.17600000000000002,0.27049180327868855,0.2902723060886806,High Value,0.7161089224354722,334,High Priority,Contract Upgrade Offer,40,0.2,158.928,118.928,2.9732,420,14770
684,49,Female,70,68.35,Month-to-Month,Fiber Optic,4784.5,Yes,Yes,1,Expected Range,Expected Range,45-54,49-72 Months,Moderate,820.1999999999999,68.35,820.1999999999999,Loyal,0.9674050019742828,Critical,66.12213188494222,793.4655826193066,0.42630057803468213,0.38534178999295277,0.5737704918032788,0.44883248066222603,Top Value,0.7599759934494601,141,High Priority,Contract Upgrade Offer,40,0.2,158.69311652386133,118.69311652386133,2.9673279130965335,421,14810
885,51,Male,2,66.24,Month-to-Month,Fiber Optic,132.48,Yes,Yes,1,Expected Range,Expected Range,45-54,0-6 Months,Moderate,794.8799999999999,66.24,794.8799999999999,New,0.9975203252032521,Critical,66.07574634146341,792.908956097561,0.4028457092040907,0.010669888251283599,0.01639344262295082,0.16897110522532327,Moderate Value,0.6661006372120805,551,High Priority,Contract Upgrade Offer,40,0.2,158.5817912195122,118.58179121951221,2.964544780487805,422,14850
332,36,Female,23,108.36,One-Year,Fiber Optic,2492.28,Yes,Yes,1,Expected Range,Expected Range,35-44,13-24 Months,Premium,1300.32,108.36,1300.32,Developing,0.7592619154213329,Critical,82.27362115505564,987.2834538606676,0.8710538016896399,0.20072727272727273,0.18852459016393444,0.46580721367138506,Top Value,0.6418800347213538,658,High Priority,Billing Review and Discount,30,0.15,148.09251807910013,118.09251807910013,3.936417269303338,423,14880
485,37,Male,1,65.96,Month-to-Month,Fiber Optic,65.96,Yes,Yes,1,Expected Range,Expected Range,35-44,0-6 Months,Moderate,791.52,65.96,791.52,New,0.9983720930232558,Critical,65.85262325581395,790.2314790697674,0.39973321476211654,0.0053123930333232655,0.00819672131147541,0.16380180379437864,Moderate Value,0.6645439773317049,560,High Priority,Contract Upgrade Offer,40,0.2,158.0462958139535,118.04629581395349,2.9511573953488375,424,14920
674,41,Male,13,65.79,Month-to-Month,No Internet,855.2700000000001,No,Yes,1,Expected Range,Expected Range,35-44,13-24 Months,Moderate,789.48,65.79,789.48,Developing,1.0,Critical,65.79,789.48,0.39784348599377517,0.0688831168831169,0.10655737704918034,0.20988582956889607,Moderate Value,0.6839543318275584,482,High Priority,Contract Upgrade Offer,40,0.2,157.89600000000002,117.89600000000002,2.9474000000000005,425,14960
731,46,Female,57,65.73,Month-to-Month,No Internet,3746.61,No,Yes,1,Expected Range,Expected Range,45-54,49-72 Months,Moderate,788.76,65.73,788.76,Loyal,1.0,Critical,65.73,788.76,0.39717652289906635,0.3017505285412262,0.4672131147540984,0.3812865728375803,Top Value,0.7525146291350321,173,High Priority,Contract Upgrade Offer,40,0.2,157.752,117.75200000000001,2.9438000000000004,426,15000
807,47,Male,49,79.33,One-Year,Fiber Optic,3887.17,No,Yes,1,Expected Range,Expected Range,45-54,49-72 Months,High,951.96,79.33,951.96,Loyal,0.9637571225071226,Critical,76.45485252849004,917.4582303418804,0.5483548243663852,0.31307117688513036,0.4016393442622951,0.42932667772192346,Top Value,0.749984944593043,184,High Priority,Complimentary Tech Support,20,0.15,137.61873455128205,117.61873455128205,5.8809367275641025,427,15020
946,34,Male,11,65.63,Month-to-Month,DSL,721.93,No,Yes,1,Expected Range,Expected Range,25-34,7-12 Months,Moderate,787.56,65.63,787.56,Developing,1.0,Critical,65.63,787.56,0.3960649177412183,0.058143964562569206,0.09016393442622951,0.20131733829994394,Moderate Value,0.6805269353199775,497,High Priority,Contract Upgrade Offer,40,0.2,157.512,117.512,2.9378,428,15060
598,35,Male,21,68.56,Month-to-Month,DSL,1439.76,Yes,Yes,1,Expected Range,Expected Range,35-44,13-24 Months,Moderate,822.72,68.56,822.72,Developing,0.9570272800004678,Critical,65.61379031683207,787.3654838019847,0.4286349488661628,0.11595771670190275,0.1721311475409836,0.255071967277377,Moderate Value,0.6762451549112315,517,High Priority,Contract Upgrade Offer,40,0.2,157.47309676039697,117.47309676039697,2.936827419009924,429,15100
545,20,Male,9,77.84,Two-Year,Fiber Optic,700.5600000000001,No,Yes,1,Expected Range,Expected Range,Under 25,7-12 Months,High,934.08,77.84,934.08,Developing,0.9807530864197531,Critical,76.34182024691358,916.101842962963,0.5317919075144509,0.05642283298097252,0.07377049180327869,0.2509073774999404,Moderate Value,0.6888148028518281,466,High Priority,Complimentary Tech Support,20,0.15,137.41527644444446,117.41527644444446,5.870763822222223,430,15120
702,55,Male,7,65.51,Month-to-Month,No Internet,458.5700000000001,No,Yes,1,Expected Range,Expected Range,55-64,7-12 Months,Moderate,786.1200000000001,65.51,786.1200000000001,Developing,1.0,Critical,65.51,786.1200000000001,0.3947309915518009,0.03693305144467936,0.05737704918032787,0.1851632269214401,Moderate Value,0.674065290768576,526,High Priority,Contract Upgrade Offer,40,0.2,157.22400000000005,117.22400000000005,2.930600000000001,431,15160
648,44,Female,25,65.38,Month-to-Month,No Internet,1634.5,No,Yes,1,Expected Range,Expected Range,35-44,25-48 Months,Moderate,784.56,65.38,784.56,Established,1.0,Critical,65.38,784.56,0.39328590484659853,0.13164200140944327,0.20491803278688525,0.2546185706286659,Moderate Value,0.7018474282514664,412,High Priority,Contract Upgrade Offer,40,0.2,156.912,116.912,2.9228,432,15200
666,46,Male,8,65.36,Month-to-Month,No Internet,522.88,No,Yes,1,Expected Range,Expected Range,45-54,7-12 Months,Moderate,784.3199999999999,65.36,784.3199999999999,Developing,1.0,Critical,65.36,784.3199999999999,0.3930635838150289,0.04211255411255411,0.06557377049180328,0.18835827008835634,Moderate Value,0.6753433080353425,520,High Priority,Contract Upgrade Offer,40,0.2,156.864,116.864,2.9216,433,15240
362,60,Male,37,75.95,One-Year,No Internet,2810.15,No,Yes,1,Expected Range,Expected Range,55-64,25-48 Months,High,911.4000000000001,75.95,911.4000000000001,Established,1.0,Critical,75.95,911.4000000000001,0.510782570031125,0.22632840028188866,0.30327868852459017,0.35934764024225857,High Value,0.7437390560969034,210,High Priority,Complimentary Tech Support,20,0.15,136.71,116.71000000000001,5.835500000000001,434,15260
369,45,Female,18,79.6,Two-Year,Fiber Optic,1432.8,No,Yes,1,Expected Range,Expected Range,45-54,13-24 Months,High,955.1999999999999,79.6,955.1999999999999,Developing,0.9534639040801506,Critical,75.89572676477998,910.7487211773598,0.5513561582925744,0.11539716097855632,0.14754098360655737,0.29781671556116385,High Value,0.6912050286725558,449,High Priority,Complimentary Tech Support,20,0.15,136.61230817660396,116.61230817660396,5.830615408830198,435,15280
79,45,Male,22,103.34,One-Year,Fiber Optic,2273.48,Yes,Yes,1,Expected Range,Expected Range,45-54,13-24 Months,Premium,1240.08,103.34,1240.08,Developing,0.787427486094494,Critical,81.372756413005,976.4730769560601,0.8152512227656739,0.18310520487264673,0.18032786885245902,0.43526927802481064,Top Value,0.6465642028666206,638,High Priority,Billing Review and Discount,30,0.15,146.470961543409,116.470961543409,3.8823653847803,436,15310
896,51,Female,49,108.56,One-Year,Fiber Optic,5319.4400000000005,Yes,Yes,1,Expected Range,Expected Range,45-54,49-72 Months,Premium,1302.72,108.56,1302.72,Loyal,0.7494417422140042,High,81.3593955347523,976.3127464170275,0.8732770120053359,0.42842565186751236,0.4016393442622951,0.5996696190213374,Top Value,0.6895328929369375,464,High Priority,Billing Review and Discount,30,0.15,146.4469119625541,116.44691196255411,3.881563732085137,437,15340
865,38,Female,11,76.3,One-Year,DSL,839.3,No,Yes,1,Expected Range,Expected Range,35-44,7-12 Months,High,915.5999999999999,76.3,915.5999999999999,Developing,0.9933333333333333,Critical,75.79133333333333,909.4959999999999,0.5146731880835927,0.0675968992248062,0.09016393442622951,0.2520691735686767,Moderate Value,0.6968276694274707,431,High Priority,Complimentary Tech Support,20,0.15,136.42439999999996,116.42439999999996,5.8212199999999985,438,15360
140,32,Male,9,65.03,Month-to-Month,No Internet,585.27,No,Yes,1,Expected Range,Expected Range,25-34,7-12 Months,Moderate,780.36,65.03,780.36,Developing,1.0,Critical,65.03,780.36,0.3893952867941308,0.04713742071881607,0.07377049180327869,0.19069883492005762,Moderate Value,0.676279533968023,516,High Priority,Contract Upgrade Offer,40,0.2,156.072,116.072,2.9018,439,15400
548,42,Female,60,66.7,Month-to-Month,DSL,4002.0,Yes,Yes,1,Expected Range,Expected Range,35-44,49-72 Months,Moderate,800.4000000000001,66.7,800.4000000000001,Loyal,0.9743623131086531,Critical,64.98996628434716,779.8795954121659,0.4079590929301913,0.32231954092419207,0.49180327868852464,0.3989462961676749,Top Value,0.7441959063322617,207,High Priority,Contract Upgrade Offer,40,0.2,155.9759190824332,115.9759190824332,2.89939797706083,440,15440
115,43,Male,23,67.01,Month-to-Month,Fiber Optic,1541.23,Yes,Yes,1,Expected Range,Expected Range,35-44,13-24 Months,Moderate,804.1200000000001,67.01,804.1200000000001,Developing,0.9695760253169436,Critical,64.97128945648839,779.6554734778607,0.4114050689195199,0.12413007147890869,0.18852459016393444,0.2551387001264096,Moderate Value,0.6838010952407301,483,High Priority,Contract Upgrade Offer,40,0.2,155.93109469557214,115.93109469557214,2.8982773673893036,441,15480
392,49,Female,10,64.86,Month-to-Month,No Internet,648.6,No,Yes,1,Expected Range,Expected Range,45-54,7-12 Months,Moderate,778.3199999999999,64.86,778.3199999999999,Developing,1.0,Critical,64.86,778.3199999999999,0.38750555802578934,0.05223799456357596,0.0819672131147541,0.19377732458625588,Moderate Value,0.6775109298345023,509,High Priority,Contract Upgrade Offer,40,0.2,155.664,115.66399999999999,2.8915999999999995,442,15520
968,63,Male,0,64.85,Month-to-Month,No Internet,0.0,No,Yes,1,Expected Range,Expected Range,55-64,0-6 Months,Moderate,778.1999999999999,64.85,778.1999999999999,New,1.0,Critical,64.85,778.1999999999999,0.3873943975100045,0.0,0.0,0.1549577590040018,Low Value,0.6619831036016007,572,High Priority,Contract Upgrade Offer,40,0.2,155.64,115.63999999999999,2.8909999999999996,443,15560
538,41,Female,6,64.61,Month-to-Month,Fiber Optic,387.66,No,Yes,1,Expected Range,Expected Range,35-44,0-6 Months,Moderate,775.3199999999999,64.61,775.3199999999999,New,1.0,Critical,64.61,775.3199999999999,0.38472654513116944,0.031221987315010573,0.04918032786885246,0.1771133955799346,Moderate Value,0.6708453582319738,533,High Priority,Contract Upgrade Offer,40,0.2,155.064,115.064,2.8766,444,15600
897,43,Female,61,75.0,One-Year,No Internet,4575.0,No,Yes,1,Expected Range,Expected Range,35-44,49-72 Months,Moderate,900.0,75.0,900.0,Loyal,1.0,Critical,75.0,900.0,0.5002223210315696,0.3684687405617638,0.5,0.4540529876092452,Top Value,0.7816211950436981,80,High Priority,Complimentary Tech Support,20,0.15,135.0,115.0,5.75,445,15620
981,52,Female,37,66.13,Month-to-Month,DSL,2446.81,Yes,Yes,1,Expected Range,Expected Range,45-54,25-48 Months,Moderate,793.56,66.13,793.56,Established,0.9758687498135129,Critical,64.5342004251676,774.4104051020112,0.401622943530458,0.1970651364139736,0.30327868852459017,0.30544164728822154,High Value,0.7076979088033963,378,High Priority,Contract Upgrade Offer,40,0.2,154.88208102040224,114.88208102040224,2.872052025510056,446,15660
922,34,Male,0,74.83,One-Year,Fiber Optic,0.0,No,Yes,1,Expected Range,Expected Range,25-34,0-6 Months,Moderate,897.96,74.83,897.96,New,0.9977777777777779,Critical,74.66371111111111,895.9645333333333,0.4983325922632281,0.0,0.0,0.19933303690529125,Moderate Value,0.6783998814287832,504,High Priority,Complimentary Tech Support,20,0.15,134.39468,114.39468,5.719734,447,15680
469,39,Male,2,74.35,One-Year,No Internet,148.7,No,Yes,1,Expected Range,Expected Range,35-44,0-6 Months,Moderate,892.1999999999999,74.35,892.1999999999999,New,1.0,Critical,74.35,892.1999999999999,0.49299688750555803,0.011976240813450115,0.01639344262295082,0.20548879994266847,Moderate Value,0.6821955199770674,491,High Priority,Complimentary Tech Support,20,0.15,133.82999999999998,113.82999999999998,5.6915,448,15700
575,53,Female,44,65.57,Month-to-Month,DSL,2885.08,Yes,Yes,1,Expected Range,Expected Range,45-54,25-48 Months,Moderate,786.8399999999999,65.57,786.8399999999999,Established,0.9755965275912907,Critical,63.96986431416092,767.638371769931,0.3953979546465095,0.23236323366555925,0.36065573770491804,0.32965024806777904,High Value,0.717218015781886,327,High Priority,Contract Upgrade Offer,40,0.2,153.5276743539862,113.52767435398621,2.8381918588496555,449,15740
6,42,Female,16,119.75,Two-Year,DSL,1916.0,Yes,Yes,1,Expected Range,Expected Range,35-44,13-24 Months,Premium,1437.0,119.75,1437.0,Developing,0.6647591581702981,High,79.6049091908932,955.2589102907184,0.9976656291685195,0.15431390315111246,0.13114754098360656,0.48586300301619884,Top Value,0.5932006961086583,811,Medium Priority,Billing Review and Discount,30,0.15,143.28883654360774,113.28883654360774,3.7762945514535913,450,15770
955,44,Male,15,64.01,Month-to-Month,Fiber Optic,960.15,No,Yes,1,Expected Range,Expected Range,35-44,13-24 Months,Moderate,768.1200000000001,64.01,768.1200000000001,Developing,0.997142857142857,Critical,63.82711428571428,765.9253714285713,0.37805691418408194,0.0773301117487164,0.12295081967213116,0.20902600970371632,Moderate Value,0.6818961181672007,494,High Priority,Contract Upgrade Offer,40,0.2,153.18507428571428,113.18507428571428,2.829626857142857,451,15810
183,34,Female,2,73.96,One-Year,No Internet,147.92,No,Yes,1,Expected Range,Expected Range,25-34,0-6 Months,Moderate,887.52,73.96,887.52,New,1.0,Critical,73.96,887.52,0.4886616273899511,0.011913419913419912,0.01639344262295082,0.20373270858141512,Moderate Value,0.6814930834325661,496,High Priority,Complimentary Tech Support,20,0.15,133.128,113.12799999999999,5.6564,452,15830
3,51,Female,2,63.79,Month-to-Month,Fiber Optic,127.58,No,Yes,1,Expected Range,Expected Range,45-54,0-6 Months,Moderate,765.48,63.79,765.48,New,1.0,Critical,63.79,765.48,0.3756113828368164,0.010275244135709252,0.01639344262295082,0.15793924923796251,Low Value,0.663175699695185,565,High Priority,Contract Upgrade Offer,40,0.2,153.096,113.096,2.8274,453,15870
262,44,Male,7,73.91,One-Year,No Internet,517.37,No,Yes,1,Expected Range,Expected Range,35-44,7-12 Months,Moderate,886.92,73.91,886.92,Developing,1.0,Critical,73.91,886.92,0.48810582481102716,0.04166878083157153,0.05737704918032787,0.22417066551054288,Moderate Value,0.6896682662042172,459,High Priority,Complimentary Tech Support,20,0.15,133.03799999999998,113.03799999999998,5.6518999999999995,454,15890
681,52,Male,36,63.72,Month-to-Month,DSL,2293.92,No,Yes,1,Expected Range,Expected Range,45-54,25-48 Months,Moderate,764.64,63.72,764.64,Established,1.0,Critical,63.72,764.64,0.3748332592263228,0.18475143461189972,0.29508196721311475,0.2883667976079727,High Value,0.715346719043189,339,High Priority,Contract Upgrade Offer,40,0.2,152.928,112.928,2.8232,455,15930
317,51,Female,5,63.71,Month-to-Month,No Internet,318.55,No,Yes,1,Expected Range,Expected Range,45-54,0-6 Months,Moderate,764.52,63.71,764.52,New,1.0,Critical,63.71,764.52,0.3747220987105381,0.025655894493103796,0.04098360655737705,0.16911430419614584,Moderate Value,0.6676457216784584,544,High Priority,Contract Upgrade Offer,40,0.2,152.904,112.904,2.8226,456,15970
816,30,Male,5,75.03,Two-Year,Fiber Optic,375.15,No,Yes,1,Expected Range,Expected Range,25-34,0-6 Months,High,900.36,75.03,900.36,New,0.9824197530864198,Critical,73.71095407407408,884.5314488888889,0.5005558025789241,0.03021443672606463,0.04098360655737705,0.22104327552503653,Moderate Value,0.6778691620618665,506,High Priority,Complimentary Tech Support,20,0.15,132.67971733333334,112.67971733333334,5.633985866666667,457,15990
429,55,Female,10,63.53,Month-to-Month,DSL,635.3,Yes,Yes,1,Expected Range,Expected Range,55-64,7-12 Months,Moderate,762.36,63.53,762.36,Developing,1.0,Critical,63.53,762.36,0.37272120942641185,0.05116681767844558,0.0819672131147541,0.18748867323670923,Moderate Value,0.6749954692946837,523,High Priority,Contract Upgrade Offer,40,0.2,152.472,112.47200000000001,2.8118000000000003,458,16030
303,52,Male,6,63.5,Month-to-Month,Fiber Optic,381.0,No,Yes,1,Expected Range,Expected Range,45-54,0-6 Months,Moderate,762.0,63.5,762.0,New,1.0,Critical,63.5,762.0,0.3723877278790574,0.03068559347629115,0.04918032786885246,0.171990130835538,Moderate Value,0.6687960523342151,541,High Priority,Contract Upgrade Offer,40,0.2,152.4,112.4,2.81,459,16070
567,24,Male,60,63.61,Month-to-Month,DSL,3816.6,No,Yes,1,Expected Range,Expected Range,Under 25,49-72 Months,Moderate,763.3199999999999,63.61,763.3199999999999,Loyal,0.9973333333333333,Critical,63.44037333333333,761.28448,0.37361049355269016,0.3073874962247055,0.49180327868852464,0.3799806407718542,Top Value,0.7503922563087416,183,High Priority,Contract Upgrade Offer,40,0.2,152.256896,112.25689600000001,2.8064224,460,16110
280,41,Male,20,63.43,Month-to-Month,DSL,1268.6,No,Yes,1,Expected Range,Expected Range,35-44,13-24 Months,Moderate,761.16,63.43,761.16,Developing,1.0,Critical,63.43,761.16,0.3716096042685638,0.10217255612604449,0.1639344262295082,0.22538784290891817,Moderate Value,0.6901551371635672,456,High Priority,Contract Upgrade Offer,40,0.2,152.232,112.232,2.8058,461,16150
11,40,Female,1,63.53,Month-to-Month,Fiber Optic,63.53,Yes,Yes,1,Expected Range,Expected Range,35-44,0-6 Months,Moderate,762.36,63.53,762.36,New,0.9975203252032521,Critical,63.372466260162604,760.4695951219512,0.37272120942641185,0.005116681767844558,0.00819672131147541,0.1529285027171792,Low Value,0.6596835962088229,585,High Priority,Contract Upgrade Offer,40,0.2,152.09391902439026,112.09391902439026,2.8023479756097567,462,16190
21,59,Female,6,73.56,One-Year,DSL,441.36,No,Yes,1,Expected Range,Expected Range,55-64,0-6 Months,Moderate,882.72,73.56,882.72,New,0.9934285714285713,Critical,73.0766057142857,876.9192685714285,0.48421520675855945,0.03554696466324373,0.04918032786885246,0.21842260230277222,Moderate Value,0.6834261837782516,485,High Priority,Complimentary Tech Support,20,0.15,131.53789028571427,111.53789028571427,5.576894514285714,463,16210
984,44,Male,31,65.26,Month-to-Month,DSL,2023.06,Yes,Yes,1,Expected Range,Expected Range,35-44,25-48 Months,Moderate,783.1200000000001,65.26,783.1200000000001,Established,0.9660621405103283,Critical,63.04521528970403,756.5425834764484,0.3919519786571811,0.16293647437833483,0.2540983606557377,0.27733314765922407,High Value,0.6905705433698867,452,High Priority,Contract Upgrade Offer,40,0.2,151.30851669528968,111.30851669528968,2.7827129173822422,464,16250
333,45,Male,13,101.33,One-Year,Fiber Optic,1317.29,Yes,Yes,1,Expected Range,Expected Range,45-54,13-24 Months,Premium,1215.96,101.33,1215.96,Developing,0.7740781340443493,Critical,78.43733732271392,941.248047872567,0.7929079590929302,0.10609403000100674,0.10655737704918034,0.3809354383998195,Top Value,0.6168210557865375,756,High Priority,Billing Review and Discount,30,0.15,141.18720718088505,111.18720718088505,3.706240239362835,465,16280
285,66,Male,2,73.49,Two-Year,DSL,146.98,No,Yes,1,Expected Range,Expected Range,65+,0-6 Months,Moderate,881.8799999999999,73.49,881.8799999999999,New,0.9914202741702742,Critical,72.85947594877345,874.3137113852814,0.48343708314806577,0.011837712674921976,0.01639344262295082,0.20161639335118672,Moderate Value,0.6754987218426391,519,High Priority,Complimentary Tech Support,20,0.15,131.14705670779222,111.14705670779222,5.557352835389611,466,16300
319,48,Male,7,63.07,Month-to-Month,Fiber Optic,441.49,Yes,Yes,1,Expected Range,Expected Range,45-54,7-12 Months,Moderate,756.84,63.07,756.84,Developing,0.9975203252032521,Critical,62.91360691056911,754.9632829268293,0.36760782570031136,0.035557434813248766,0.05737704918032787,0.17383249475984358,Moderate Value,0.6680451930258886,542,High Priority,Contract Upgrade Offer,40,0.2,150.99265658536586,110.99265658536586,2.7748164146341465,467,16340
536,45,Female,21,102.76,One-Year,Fiber Optic,2157.96,Yes,Yes,1,Expected Range,Expected Range,45-54,13-24 Months,Premium,1233.1200000000001,102.76,1233.1200000000001,Developing,0.7613014056305406,Critical,78.23133244259435,938.7759893111322,0.8088039128501558,0.17380126849894292,0.1721311475409836,0.4273847959999383,Top Value,0.6277347617782997,711,High Priority,Billing Review and Discount,30,0.15,140.81639839666983,110.81639839666983,3.693879946555661,468,16370
49,48,Female,56,72.65,One-Year,No Internet,4068.400000000001,No,Yes,1,Expected Range,Expected Range,45-54,49-72 Months,Moderate,871.8000000000001,72.65,871.8000000000001,Loyal,1.0,Critical,72.65,871.8000000000001,0.47409959982214334,0.3276673713883017,0.45901639344262296,0.4190775182754187,Top Value,0.7676310073101675,115,High Priority,Complimentary Tech Support,20,0.15,130.77,110.77000000000001,5.538500000000001,469,16390
526,26,Male,5,62.63,Month-to-Month,Fiber Optic,313.15000000000003,Yes,Yes,1,Expected Range,Expected Range,25-34,0-6 Months,Moderate,751.5600000000001,62.63,751.5600000000001,New,0.9970387596899225,Critical,62.44453751937985,749.3344502325582,0.3627167630057805,0.02522098056981778,0.04098360655737705,0.1641599500410927,Moderate Value,0.6638872358303907,562,High Priority,Contract Upgrade Offer,40,0.2,149.86689004651166,109.86689004651166,2.7466722511627912,470,16430
769,38,Male,20,107.9,One-Year,DSL,2158.0,Yes,Yes,1,Expected Range,Expected Range,35-44,13-24 Months,Premium,1294.8000000000002,107.9,1294.8000000000002,Developing,0.7199894841466178,High,77.68686533942007,932.2423840730407,0.8659404179635395,0.17380449008355986,0.1639344262295082,0.4481913452720388,Top Value,0.6112702285967861,785,High Priority,Billing Review and Discount,30,0.15,139.8363576109561,109.8363576109561,3.6612119203652034,471,16460
606,63,Male,29,64.11,Month-to-Month,Fiber Optic,1859.19,Yes,Yes,1,Expected Range,Expected Range,55-64,25-48 Months,Moderate,769.3199999999999,64.11,769.3199999999999,Established,0.9701887834387837,Critical,62.19880290626042,746.385634875125,0.37916851934192974,0.14973844759891272,0.2377049180327869,0.26350209390458806,Moderate Value,0.6875141076251055,474,High Priority,Contract Upgrade Offer,40,0.2,149.277126975025,109.277126975025,2.731928174375625,472,16500
14,25,Female,8,71.78,One-Year,No Internet,574.24,No,Yes,1,Expected Range,Expected Range,25-34,7-12 Months,Moderate,861.36,71.78,861.36,Developing,1.0,Critical,71.78,861.36,0.4644286349488662,0.04624906876069667,0.06557377049180328,0.21835207066874116,Moderate Value,0.6873408282674964,475,High Priority,Complimentary Tech Support,20,0.15,129.204,109.20400000000001,5.4602,473,16520
565,57,Female,40,103.32,One-Year,Fiber Optic,4132.799999999999,Yes,Yes,1,Expected Range,Expected Range,55-64,25-48 Months,Premium,1239.84,103.32,1239.84,Established,0.7481845290301274,High,77.30242553939276,927.6291064727131,0.8150289017341041,0.33285412262156444,0.3278688524590164,0.5244777167259433,Top Value,0.6587018041084538,589,High Priority,Billing Review and Discount,30,0.15,139.14436597090696,109.14436597090696,3.6381455323635654,474,16550
492,59,Female,4,71.76,Two-Year,No Internet,287.04,No,Yes,1,Expected Range,Expected Range,55-64,0-6 Months,Moderate,861.1200000000001,71.76,861.1200000000001,New,0.9979999999999999,Critical,71.61648,859.39776,0.4642063139172967,0.023118091211114467,0.03278688524590164,0.20197057880228417,Moderate Value,0.6795882315209135,499,High Priority,Complimentary Tech Support,20,0.15,128.909664,108.90966399999999,5.4454832,475,16570
191,40,Male,13,61.94,Month-to-Month,DSL,805.22,No,Yes,1,Expected Range,Expected Range,35-44,13-24 Months,Moderate,743.28,61.94,743.28,Developing,1.0,Critical,61.94,743.28,0.3550466874166296,0.0648521091311789,0.10655737704918034,0.19135625742485957,Moderate Value,0.6765425029699438,514,High Priority,Contract Upgrade Offer,40,0.2,148.656,108.656,2.7164,476,16610
963,46,Male,9,61.93,Month-to-Month,No Internet,557.37,No,Yes,1,Expected Range,Expected Range,45-54,7-12 Months,Moderate,743.16,61.93,743.16,Developing,1.0,Critical,61.93,743.16,0.35493552690084484,0.044890365448504985,0.07377049180327869,0.17612846161813436,Moderate Value,0.6704513846472537,536,High Priority,Contract Upgrade Offer,40,0.2,148.632,108.632,2.7158,477,16650
561,47,Female,4,61.92,Month-to-Month,DSL,247.68,Yes,Yes,1,Expected Range,Expected Range,45-54,0-6 Months,Moderate,743.04,61.92,743.04,New,1.0,Critical,61.92,743.04,0.3548243663850601,0.019948051948051947,0.03278688524590164,0.15710828604731764,Low Value,0.6628433144189271,566,High Priority,Contract Upgrade Offer,40,0.2,148.608,108.608,2.7152000000000003,478,16690
551,45,Male,30,117.4,Two-Year,DSL,3522.0,Yes,Yes,1,Expected Range,Expected Range,45-54,25-48 Months,Premium,1408.8000000000002,117.4,1408.8000000000002,Established,0.655013013328304,High,76.8985277647429,922.7823331769148,0.9715429079590931,0.28366052552099064,0.24590163934426232,0.5493737569520496,Top Value,0.6127573107778022,775,High Priority,Billing Review and Discount,30,0.15,138.41734997653722,108.41734997653722,3.613911665884574,479,16720
539,55,Female,10,71.32,One-Year,No Internet,713.1999999999999,No,Yes,1,Expected Range,Expected Range,55-64,7-12 Months,Moderate,855.8399999999999,71.32,855.8399999999999,Developing,1.0,Critical,71.32,855.8399999999999,0.4593152512227656,0.05744085371992348,0.0819672131147541,0.224322202569768,Moderate Value,0.6897288810279072,458,High Priority,Complimentary Tech Support,20,0.15,128.37599999999998,108.37599999999998,5.418799999999999,480,16740
525,37,Male,52,61.57,Month-to-Month,No Internet,3201.64,No,Yes,1,Expected Range,Expected Range,35-44,49-72 Months,Moderate,738.84,61.57,738.84,Loyal,1.0,Critical,61.57,738.84,0.3509337483325923,0.2578588543239706,0.42622950819672134,0.33718147539560694,High Value,0.7348725901582428,249,High Priority,Contract Upgrade Offer,40,0.2,147.768,107.768,2.6942,481,16780
219,40,Male,19,106.73,One-Year,DSL,2027.87,Yes,Yes,1,Expected Range,Expected Range,35-44,13-24 Months,Premium,1280.76,106.73,1280.76,Developing,0.7170102842529441,High,76.52650763831673,918.3180916598008,0.8529346376167186,0.16332386992852108,0.1557377049180328,0.43727163575117806,Top Value,0.6051148248522377,798,High Priority,Billing Review and Discount,30,0.15,137.7477137489701,107.74771374897011,3.5915904582990037,482,16810
516,52,Female,20,71.21,Two-Year,No Internet,1424.1999999999998,No,Yes,1,Expected Range,Expected Range,45-54,13-24 Months,Moderate,854.52,71.21,854.52,Developing,0.9946666666666666,Critical,70.83021333333332,849.9625599999998,0.45809248554913296,0.11470452028591561,0.1639344262295082,0.2643671828771007,Moderate Value,0.7025468731508402,408,High Priority,Complimentary Tech Support,20,0.15,127.49438399999997,107.49438399999997,5.374719199999999,483,16830
10,50,Female,10,61.55,Month-to-Month,Fiber Optic,615.5,Yes,Yes,1,Expected Range,Expected Range,45-54,7-12 Months,Moderate,738.5999999999999,61.55,738.5999999999999,Developing,0.9975203252032521,Critical,61.39737601626016,736.768512195122,0.35071142730102267,0.04957213329306352,0.0819672131147541,0.17812662085166983,Moderate Value,0.6697628434626192,539,High Priority,Contract Upgrade Offer,40,0.2,147.3537024390244,107.3537024390244,2.6838425609756102,484,16870
948,38,Female,23,70.88,Two-Year,No Internet,1630.2399999999998,No,Yes,1,Expected Range,Expected Range,35-44,13-24 Months,Moderate,850.56,70.88,850.56,Developing,0.9950833333333332,Critical,70.53150666666666,846.37808,0.45442418852823474,0.13129890264773983,0.18852459016393444,0.27485543887898645,High Value,0.7069921755515944,380,High Priority,Complimentary Tech Support,20,0.15,126.95671199999998,106.95671199999998,5.347835599999999,485,16890
351,48,Male,62,73.85,One-Year,DSL,4578.7,No,Yes,1,Expected Range,Expected Range,45-54,49-72 Months,Moderate,886.1999999999999,73.85,886.1999999999999,Loyal,0.9548405153450388,Critical,70.51497205823111,846.1796646987733,0.48743886171631834,0.3687667371388301,0.5081967213114754,0.4510930830129867,Top Value,0.753341542412218,166,High Priority,Complimentary Tech Support,20,0.15,126.926949704816,106.926949704816,5.3463474852408,486,16910
374,54,Female,7,70.41,One-Year,No Internet,492.87,No,Yes,1,Expected Range,Expected Range,45-54,7-12 Months,Moderate,844.92,70.41,844.92,Developing,1.0,Critical,70.41,844.92,0.4491996442863495,0.03969556025369979,0.05737704918032787,0.2079175660984167,Moderate Value,0.6831670264393667,487,High Priority,Complimentary Tech Support,20,0.15,126.73799999999999,106.73799999999999,5.336899999999999,487,16930
622,49,Female,37,61.12,Month-to-Month,Fiber Optic,2261.44,No,Yes,1,Expected Range,Expected Range,45-54,25-48 Months,Moderate,733.4399999999999,61.12,733.4399999999999,Established,1.0,Critical,61.12,733.4399999999999,0.34593152512227654,0.18213550790294977,0.30327868852459017,0.2779397099460906,High Value,0.7111758839784362,360,High Priority,Contract Upgrade Offer,40,0.2,146.688,106.68799999999999,2.6672,488,16970
868,48,Female,13,64.2,Month-to-Month,Fiber Optic,834.6,Yes,Yes,1,Expected Range,Expected Range,45-54,13-24 Months,Moderate,770.4000000000001,64.2,770.4000000000001,Developing,0.95180497346384,Critical,61.105879296378525,733.2705515565423,0.380168963983993,0.06721836303231653,0.10655737704918034,0.2022333569172031,Moderate Value,0.6519763268451851,616,High Priority,Contract Upgrade Offer,40,0.2,146.65411031130847,106.65411031130847,2.666352757782712,489,17010
692,56,Female,14,70.51,One-Year,No Internet,987.14,No,Yes,1,Expected Range,Expected Range,55-64,13-24 Months,Moderate,846.1200000000001,70.51,846.1200000000001,Developing,0.9977777777777779,Critical,70.35331111111113,844.2397333333336,0.45031124944419754,0.07950387596899225,0.11475409836065574,0.23663938095699025,Moderate Value,0.6933224190494628,441,High Priority,Complimentary Tech Support,20,0.15,126.63596000000003,106.63596000000003,5.331798000000001,490,17030
993,42,Female,46,61.09,Month-to-Month,No Internet,2810.1400000000003,No,Yes,1,Expected Range,Expected Range,35-44,25-48 Months,Moderate,733.08,61.09,733.08,Established,1.0,Critical,61.09,733.08,0.3455980435749223,0.22632759488573445,0.3770491803278689,0.3117161707219432,High Value,0.7246864682887773,294,High Priority,Contract Upgrade Offer,40,0.2,146.616,106.61600000000001,2.6654000000000004,491,17070
399,43,Male,66,61.06,Month-to-Month,No Internet,4029.96,No,Yes,1,Expected Range,Expected Range,35-44,49-72 Months,Moderate,732.72,61.06,732.72,Loyal,1.0,Critical,61.06,732.72,0.34526456202756783,0.32457142857142857,0.5409836065573771,0.38695172645037146,Top Value,0.7547806905801486,163,High Priority,Contract Upgrade Offer,40,0.2,146.544,106.54400000000001,2.6636,492,17110
85,36,Male,34,63.15,Month-to-Month,DSL,2147.1,Yes,Yes,1,Expected Range,Expected Range,35-44,25-48 Months,Moderate,757.8,63.15,757.8,Established,0.9663654044885925,Critical,61.025975293454614,732.3117035214553,0.3684971098265897,0.17292660827544548,0.27868852459016397,0.27759528797458277,High Value,0.6908573578829886,450,High Priority,Contract Upgrade Offer,40,0.2,146.46234070429108,106.46234070429108,2.661558517607277,493,17150
425,51,Male,45,60.9,Month-to-Month,DSL,2740.5,No,Yes,1,Expected Range,Expected Range,45-54,25-48 Months,Moderate,730.8,60.9,730.8,Established,1.0,Critical,60.9,730.8,0.3434859937750111,0.22071881606765328,0.36885245901639346,0.3068590978877815,High Value,0.7227436391551125,305,High Priority,Contract Upgrade Offer,40,0.2,146.16,106.16,2.654,494,17190
248,38,Male,19,60.84,Month-to-Month,No Internet,1155.96,No,Yes,1,Expected Range,Expected Range,35-44,13-24 Months,Moderate,730.08,60.84,730.08,Developing,1.0,Critical,60.84,730.08,0.3428190306803024,0.09310057384475989,0.1557377049180328,0.20864723934729512,Moderate Value,0.683458895738918,484,High Priority,Contract Upgrade Offer,40,0.2,146.01600000000002,106.01600000000002,2.6504000000000003,495,17230
796,55,Female,63,60.72,Month-to-Month,No Internet,3825.36,No,Yes,1,Expected Range,Expected Range,55-64,49-72 Months,Moderate,728.64,60.72,728.64,Loyal,1.0,Critical,60.72,728.64,0.34148510449088487,0.30809302325581395,0.5163934426229508,0.37352496059162654,High Value,0.7494099842366506,186,High Priority,Contract Upgrade Offer,40,0.2,145.728,105.72800000000001,2.6432,496,17270
734,27,Female,20,62.44,Month-to-Month,DSL,1248.8,Yes,Yes,1,Expected Range,Expected Range,25-34,13-24 Months,Moderate,749.28,62.44,749.28,Developing,0.9688174289002558,Critical,60.49296026053197,725.9155231263837,0.3606047132058693,0.10057787174066243,0.1639344262295082,0.22042774694895662,Moderate Value,0.6694615561197361,540,High Priority,Contract Upgrade Offer,40,0.2,145.18310462527674,105.18310462527674,2.6295776156319186,497,17310
437,61,Female,1,70.2,One-Year,Fiber Optic,70.2,No,Yes,1,Expected Range,Expected Range,55-64,0-6 Months,Moderate,842.4000000000001,70.2,842.4000000000001,New,0.98924652254064,Critical,69.44510588235293,833.3412705882351,0.4468652734548689,0.005653881002718212,0.00819672131147541,0.1827741480607678,Moderate Value,0.6666575727486911,549,High Priority,Complimentary Tech Support,20,0.15,125.00119058823526,105.00119058823526,5.250059529411763,498,17330
370,37,Female,6,69.44,One-Year,No Internet,416.64,No,Yes,1,Expected Range,Expected Range,35-44,0-6 Months,Moderate,833.28,69.44,833.28,New,1.0,Critical,69.44,833.28,0.4384170742552246,0.033556025369978856,0.04918032786885246,0.19940652054879554,Moderate Value,0.6797626082195182,498,High Priority,Complimentary Tech Support,20,0.15,124.99199999999999,104.99199999999999,5.249599999999999,499,17350
215,41,Female,1,60.18,Month-to-Month,DSL,60.18,Yes,Yes,1,Expected Range,Expected Range,35-44,0-6 Months,Moderate,722.16,60.18,722.16,New,1.0,Critical,60.18,722.16,0.3354824366385061,0.004846874056176381,0.00819672131147541,0.13793856090293302,Low Value,0.6551754243611732,603,High Priority,Contract Upgrade Offer,40,0.2,144.432,104.43199999999999,2.6108,500,17390
454,50,Male,20,109.61,Two-Year,Fiber Optic,2192.2,Yes,Yes,1,Expected Range,Expected Range,45-54,13-24 Months,Premium,1315.32,109.61,1315.32,Developing,0.6812653775003857,High,74.67349802781727,896.0819763338072,0.8849488661627392,0.17655894493103794,0.1639344262295082,0.45675878374833595,Top Value,0.5914627399995658,814,Medium Priority,Billing Review and Discount,30,0.15,134.41229645007107,104.41229645007107,3.4804098816690354,501,17420
143,28,Male,15,113.54,Two-Year,DSL,1703.1,Yes,Yes,1,Expected Range,Expected Range,25-34,13-24 Months,Premium,1362.48,113.54,1362.48,Developing,0.6560933312619283,High,74.49283683147934,893.914041977752,0.9286349488661629,0.13716701902748413,0.12295081967213116,0.45020014112411744,Top Value,0.5737360552068039,834,Medium Priority,Billing Review and Discount,30,0.15,134.0871062966628,104.0871062966628,3.4695702098887597,502,17450
701,39,Female,3,60.1,Month-to-Month,Fiber Optic,180.3,Yes,Yes,1,Expected Range,Expected Range,35-44,0-6 Months,Moderate,721.2,60.1,721.2,New,0.9975203252032521,Critical,59.95097154471545,719.4116585365854,0.33459315251222776,0.014521292660827545,0.02459016393442623,0.1450672544197873,Low Value,0.6565390968898661,598,High Priority,Contract Upgrade Offer,40,0.2,143.8823317073171,103.88233170731709,2.5970582926829273,503,17490
799,45,Male,4,59.88,Month-to-Month,DSL,239.52,Yes,Yes,1,Expected Range,Expected Range,45-54,0-6 Months,Moderate,718.5600000000001,59.88,718.5600000000001,New,1.0,Critical,59.88,718.5600000000001,0.3321476211649623,0.019290848686197525,0.03278688524590164,0.14780756681762947,Low Value,0.6591230267270518,587,High Priority,Contract Upgrade Offer,40,0.2,143.71200000000002,103.71200000000002,2.5928000000000004,504,17530
944,44,Male,16,59.82,Month-to-Month,No Internet,957.12,No,Yes,1,Expected Range,Expected Range,35-44,13-24 Months,Moderate,717.84,59.82,717.84,Developing,1.0,Critical,59.82,717.84,0.3314806580702535,0.0770860767139837,0.13114754098360656,0.19235927532389735,Moderate Value,0.6769437101295589,512,High Priority,Contract Upgrade Offer,40,0.2,143.568,103.56800000000001,2.5892000000000004,505,17570
751,35,Male,10,59.73,Month-to-Month,DSL,597.3,No,Yes,1,Expected Range,Expected Range,35-44,7-12 Months,Moderate,716.76,59.73,716.76,Developing,1.0,Critical,59.73,716.76,0.33048021342819034,0.0481063122923588,0.0819672131147541,0.16952109795229023,Moderate Value,0.667808439180916,543,High Priority,Contract Upgrade Offer,40,0.2,143.352,103.352,2.5838,506,17610
528,45,Female,5,59.54,Month-to-Month,No Internet,297.7,No,Yes,1,Expected Range,Expected Range,45-54,0-6 Months,Moderate,714.48,59.54,714.48,New,1.0,Critical,59.54,714.48,0.32836816362827925,0.023976643511527233,0.04098360655737705,0.1499849923196905,Low Value,0.6599939969278762,584,High Priority,Contract Upgrade Offer,40,0.2,142.89600000000002,102.89600000000002,2.5724000000000005,507,17650
750,30,Female,24,68.47,One-Year,No Internet,1643.28,No,Yes,1,Expected Range,Expected Range,25-34,13-24 Months,Moderate,821.64,68.47,821.64,Developing,0.9968627450980392,Critical,68.25519215686275,819.062305882353,0.42763450422409965,0.13234913923286015,0.19672131147540983,0.26655632828999337,Moderate Value,0.7047401783748208,399,High Priority,Complimentary Tech Support,20,0.15,122.85934588235295,102.85934588235295,5.142967294117648,508,17670
56,54,Female,48,68.24,One-Year,No Internet,3275.5199999999995,No,Yes,1,Expected Range,Expected Range,45-54,25-48 Months,Moderate,818.8799999999999,68.24,818.8799999999999,Established,1.0,Critical,68.24,818.8799999999999,0.42507781236104936,0.26380912111144666,0.39344262295081966,0.360724973071131,High Value,0.7442899892284524,206,High Priority,Complimentary Tech Support,20,0.15,122.83199999999998,102.83199999999998,5.141599999999999,509,17690
806,41,Female,27,68.38,One-Year,No Internet,1846.26,No,Yes,1,Expected Range,Expected Range,35-44,25-48 Months,Moderate,820.56,68.38,820.56,Established,0.9968627450980392,Critical,68.16547450980391,817.985694117647,0.4266340595820365,0.14869707037148897,0.2213114754098361,0.27802546731529476,High Value,0.7093278339849415,372,High Priority,Complimentary Tech Support,20,0.15,122.69785411764704,102.69785411764704,5.134892705882352,510,17710
194,32,Male,9,68.1,One-Year,No Internet,612.9,No,Yes,1,Expected Range,Expected Range,25-34,7-12 Months,Moderate,817.1999999999999,68.1,817.1999999999999,Developing,1.0,Critical,68.1,817.1999999999999,0.42352156514006223,0.04936273029296285,0.07377049180327869,0.20512820460938158,Moderate Value,0.6820512818437526,493,High Priority,Complimentary Tech Support,20,0.15,122.57999999999998,102.57999999999998,5.129,511,17730
108,46,Female,7,59.4,Month-to-Month,DSL,415.8,No,Yes,1,Expected Range,Expected Range,45-54,7-12 Months,Moderate,712.8,59.4,712.8,Developing,1.0,Critical,59.4,712.8,0.3268119164072921,0.03348837209302326,0.05737704918032787,0.15678995909055693,Low Value,0.6627159836362227,568,High Priority,Contract Upgrade Offer,40,0.2,142.56,102.56,2.564,512,17770
237,24,Female,6,59.36,Month-to-Month,Fiber Optic,356.15999999999997,No,Yes,1,Expected Range,Expected Range,Under 25,0-6 Months,Moderate,712.3199999999999,59.36,712.3199999999999,New,1.0,Critical,59.36,712.3199999999999,0.326367274344153,0.028684989429175474,0.04918032786885246,0.15288173800508575,Low Value,0.6611526952020342,578,High Priority,Contract Upgrade Offer,40,0.2,142.464,102.464,2.5616,513,17810
477,50,Female,32,60.96,Month-to-Month,DSL,1950.72,Yes,Yes,1,Expected Range,Expected Range,45-54,25-48 Months,Moderate,731.52,60.96,731.52,Established,0.9726933958881591,Critical,59.29538941334218,711.5446729601061,0.3441529568697199,0.1571102385986107,0.26229508196721313,0.258223536749205,Moderate Value,0.6869054522325774,477,High Priority,Contract Upgrade Offer,40,0.2,142.30893459202125,102.30893459202125,2.5577233648005313,514,17850
98,47,Female,3,59.28,Month-to-Month,Fiber Optic,177.84,Yes,Yes,1,Expected Range,Expected Range,45-54,0-6 Months,Moderate,711.36,59.28,711.36,New,0.9975203252032521,Critical,59.13300487804879,709.5960585365855,0.3254779902178747,0.014323165206886137,0.02459016393442623,0.1413518448931666,Low Value,0.6550529330792179,605,High Priority,Contract Upgrade Offer,40,0.2,141.9192117073171,101.91921170731709,2.547980292682927,515,17890
842,51,Female,26,59.12,Month-to-Month,No Internet,1537.12,No,Yes,1,Expected Range,Expected Range,45-54,25-48 Months,Moderate,709.4399999999999,59.12,709.4399999999999,Established,1.0,Critical,59.12,709.4399999999999,0.323699421965318,0.12379905365951877,0.21311475409836067,0.22608812609154894,Moderate Value,0.6904352504366196,454,High Priority,Contract Upgrade Offer,40,0.2,141.888,101.888,2.5472,516,17930
95,41,Male,9,59.07,Month-to-Month,DSL,531.63,Yes,Yes,1,Expected Range,Expected Range,35-44,7-12 Months,Moderate,708.84,59.07,708.84,Developing,1.0,Critical,59.07,708.84,0.323143619386394,0.04281727574750831,0.07377049180327869,0.16268611721700518,Moderate Value,0.6650744468868021,556,High Priority,Contract Upgrade Offer,40,0.2,141.768,101.768,2.5442,517,17970
71,48,Female,2,59.21,Month-to-Month,Fiber Optic,118.42,Yes,Yes,1,Expected Range,Expected Range,45-54,0-6 Months,Moderate,710.52,59.21,710.52,New,0.9975203252032521,Critical,59.06317845528456,708.7581414634146,0.32469986660738115,0.009537501258431492,0.01639344262295082,0.1373164327391412,Low Value,0.6534387682176077,612,High Priority,Contract Upgrade Offer,40,0.2,141.75162829268294,101.75162829268294,2.5437907073170734,518,18010
609,27,Female,14,105.98,Two-Year,DSL,1483.72,Yes,Yes,1,Expected Range,Expected Range,25-34,13-24 Months,Premium,1271.76,105.98,1271.76,Developing,0.6891209801818018,High,73.03304147966736,876.3964977560083,0.8445975989328591,0.11949823819591261,0.11475409836065574,0.408351947531877,Top Value,0.5768133671218318,826,Medium Priority,Billing Review and Discount,30,0.15,131.45947466340124,101.45947466340124,3.381982488780041,519,18040
231,37,Male,4,117.58,One-Year,Fiber Optic,470.32,Yes,Yes,1,Expected Range,Expected Range,35-44,0-6 Months,Premium,1410.96,117.58,1410.96,New,0.9853484848484849,Critical,115.85727484848485,1390.2872981818182,0.9735437972432193,0.037879391925903554,0.03278688524590164,0.41087202738282935,Top Value,0.7555579018622227,161,High Priority,New Customer Onboarding Call,10,0.08,111.22298385454546,101.22298385454546,10.122298385454545,520,18050
949,44,Female,24,67.11,One-Year,No Internet,1610.64,No,Yes,1,Expected Range,Expected Range,35-44,13-24 Months,Moderate,805.3199999999999,67.11,805.3199999999999,Developing,1.0,Critical,67.11,805.3199999999999,0.4125166740773678,0.12972032618544246,0.19672131147540983,0.25958911166470444,Moderate Value,0.7038356446658818,403,High Priority,Complimentary Tech Support,20,0.15,120.79799999999999,100.79799999999999,5.039899999999999,521,18070
749,38,Female,26,67.01,One-Year,No Internet,1742.2600000000002,No,Yes,1,Expected Range,Expected Range,35-44,25-48 Months,Moderate,804.1200000000001,67.01,804.1200000000001,Established,0.9968627450980392,Critical,66.79977254901961,801.5972705882352,0.4114050689195199,0.140320950367462,0.21311475409836067,0.26695304872100983,Moderate Value,0.7048988665472274,397,High Priority,Complimentary Tech Support,20,0.15,120.23959058823527,100.23959058823527,5.0119795294117635,522,18090
940,39,Female,5,58.42,Month-to-Month,No Internet,292.1,No,Yes,1,Expected Range,Expected Range,35-44,0-6 Months,Moderate,701.04,58.42,701.04,New,1.0,Critical,58.42,701.04,0.31591818586038245,0.02352562166515655,0.04098360655737705,0.14484714356630204,Low Value,0.6579388574265208,591,High Priority,Contract Upgrade Offer,40,0.2,140.208,100.208,2.5052,523,18130
233,45,Female,0,117.1,One-Year,Fiber Optic,0.0,Yes,Yes,1,Expected Range,Expected Range,45-54,0-6 Months,Premium,1405.1999999999998,117.1,1405.1999999999998,New,0.9781502866746208,Critical,114.54139856959809,1374.496782835177,0.9682080924855492,0.0,0.0,0.3872832369942197,Top Value,0.7418034668024603,218,High Priority,New Customer Onboarding Call,10,0.08,109.95974262681418,99.95974262681418,9.995974262681418,524,18140
264,34,Female,13,71.36,Two-Year,Fiber Optic,927.68,No,Yes,1,Expected Range,Expected Range,25-34,13-24 Months,Moderate,856.3199999999999,71.36,856.3199999999999,Developing,0.9333033406344993,Critical,66.60052638767787,799.2063166521345,0.45975989328590494,0.07471499043592067,0.10655737704918034,0.2366935482292293,Moderate Value,0.6546594236723913,608,High Priority,Complimentary Tech Support,20,0.15,119.88094749782017,99.88094749782017,4.994047374891009,525,18160
880,56,Female,4,119.6,Two-Year,Fiber Optic,478.4,Yes,Yes,1,Expected Range,Expected Range,55-64,0-6 Months,Premium,1435.1999999999998,119.6,1435.1999999999998,New,0.9567736544501253,Critical,114.43012907223498,1373.1615488668197,0.9959982214317475,0.03853015201852411,0.03278688524590164,0.42008156309065786,Top Value,0.7420968179063383,216,High Priority,New Customer Onboarding Call,10,0.08,109.85292390934558,99.85292390934558,9.985292390934557,526,18170
121,52,Male,9,58.15,Month-to-Month,Fiber Optic,523.35,Yes,Yes,1,Expected Range,Expected Range,45-54,7-12 Months,Moderate,697.8,58.15,697.8,Developing,0.9975203252032521,Critical,58.005806910569106,696.0696829268293,0.31291685193419305,0.042150407731803084,0.07377049180327869,0.15836200643062798,Moderate Value,0.6618569976942024,574,High Priority,Contract Upgrade Offer,40,0.2,139.21393658536587,99.21393658536587,2.480348414634147,527,18210
206,35,Male,28,102.24,One-Year,DSL,2862.72,Yes,Yes,1,Expected Range,Expected Range,35-44,25-48 Months,Premium,1226.8799999999999,102.24,1226.8799999999999,Established,0.7017688373663096,High,71.74884593233149,860.9861511879778,0.8030235660293463,0.23056236786469342,0.22950819672131148,0.45928330434470915,Top Value,0.6047746241576695,799,High Priority,Billing Review and Discount,30,0.15,129.14792267819666,99.14792267819666,3.3049307559398886,528,18240
420,45,Female,7,58.07,Month-to-Month,Fiber Optic,406.49,Yes,Yes,1,Expected Range,Expected Range,45-54,7-12 Months,Moderate,696.84,58.07,696.84,Developing,0.9975203252032521,Critical,57.92600528455285,695.1120634146342,0.31202756780791463,0.03273854827343199,0.05737704918032787,0.150613781313949,Low Value,0.6587577076475308,588,High Priority,Contract Upgrade Offer,40,0.2,139.02241268292684,99.02241268292684,2.475560317073171,529,18280
563,53,Female,0,66.29,Two-Year,DSL,0.0,No,Yes,1,Expected Range,Expected Range,45-54,0-6 Months,Moderate,795.48,66.29,795.48,New,0.995222222222222,Critical,65.9732811111111,791.6793733333333,0.40340151178301475,0.0,0.0,0.1613606047132059,Moderate Value,0.6616775752186156,575,High Priority,Complimentary Tech Support,20,0.15,118.75190599999999,98.75190599999999,4.9375953,530,18300
612,44,Male,5,57.76,Month-to-Month,No Internet,288.8,No,Yes,1,Expected Range,Expected Range,35-44,0-6 Months,Moderate,693.12,57.76,693.12,New,1.0,Critical,57.76,693.12,0.308581591818586,0.023259840934259538,0.04098360655737705,0.14181948269376954,Low Value,0.6567277930775078,595,High Priority,Contract Upgrade Offer,40,0.2,138.624,98.624,2.4656,531,18340
925,56,Female,14,57.7,Month-to-Month,No Internet,807.8000000000001,No,Yes,1,Expected Range,Expected Range,55-64,13-24 Months,Moderate,692.4000000000001,57.7,692.4000000000001,Developing,1.0,Critical,57.7,692.4000000000001,0.3079146287238773,0.0650599013389711,0.11475409836065574,0.17462534154835477,Moderate Value,0.6698501366193419,537,High Priority,Contract Upgrade Offer,40,0.2,138.48000000000002,98.48000000000002,2.4620000000000006,532,18380
626,39,Male,24,66.02,One-Year,No Internet,1584.48,No,Yes,1,Expected Range,Expected Range,35-44,13-24 Months,Moderate,792.24,66.02,792.24,Developing,0.9968888888888888,Critical,65.81460444444444,789.7752533333332,0.40040017785682525,0.12761340984596797,0.19672131147540983,0.25400509245767133,Moderate Value,0.6997353703164019,421,High Priority,Complimentary Tech Support,20,0.15,118.46628799999998,98.46628799999998,4.923314399999999,533,18400
356,34,Male,9,65.81,One-Year,Fiber Optic,592.29,No,Yes,1,Expected Range,Expected Range,25-34,7-12 Months,Moderate,789.72,65.81,789.72,Developing,1.0,Critical,65.81,789.72,0.39806580702534466,0.04770280881908789,0.07377049180327869,0.1943649288476383,Moderate Value,0.6777459715390552,507,High Priority,Complimentary Tech Support,20,0.15,118.458,98.458,4.9229,534,18420
486,30,Female,37,59.41,Month-to-Month,Fiber Optic,2198.17,Yes,Yes,1,Expected Range,Expected Range,25-34,25-48 Months,Moderate,712.92,59.41,712.92,Established,0.9709826951846857,Critical,57.68608192092218,692.2329830510662,0.326923076923077,0.17703976643511526,0.30327868852459017,0.26855282115266865,High Value,0.6900107455718788,457,High Priority,Contract Upgrade Offer,40,0.2,138.44659661021325,98.44659661021325,2.461164915255331,535,18460
982,49,Female,13,60.43,Month-to-Month,Fiber Optic,785.59,Yes,Yes,1,Expected Range,Expected Range,45-54,13-24 Months,Moderate,725.16,60.43,725.16,Developing,0.9525470369559035,Critical,57.562417443245245,690.749009318943,0.33826144953312587,0.0632711164804188,0.10655737704918034,0.18408881484369202,Moderate Value,0.6451637481110188,645,High Priority,Contract Upgrade Offer,40,0.2,138.1498018637886,98.14980186378861,2.4537450465947153,536,18500
639,32,Female,24,57.65,Month-to-Month,Fiber Optic,1383.6,No,Yes,1,Expected Range,Expected Range,25-34,13-24 Months,Moderate,691.8,57.65,691.8,Developing,0.9967543859649122,Critical,57.46289035087719,689.5546842105263,0.30735882614495336,0.11143461189972817,0.19672131147540983,0.21112597249173864,Moderate Value,0.6825030205756427,490,High Priority,Contract Upgrade Offer,40,0.2,137.91093684210526,97.91093684210526,2.4477734210526316,537,18540
999,39,Male,68,65.67,One-Year,No Internet,4465.56,No,Yes,1,Expected Range,Expected Range,35-44,49-72 Months,Moderate,788.04,65.67,788.04,Loyal,0.9957777777777779,Critical,65.39272666666668,784.7127200000001,0.39650955980435754,0.35965448504983394,0.5573770491803279,0.4238271559842669,Top Value,0.7669975290603734,117,High Priority,Complimentary Tech Support,20,0.15,117.70690800000001,97.70690800000001,4.8853454,538,18560
950,47,Female,3,114.13,One-Year,Fiber Optic,342.39,Yes,Yes,1,Expected Range,Expected Range,45-54,0-6 Months,Premium,1369.56,114.13,1369.56,New,0.9826231274303562,Critical,112.14677753362655,1345.7613304035185,0.9351934192974656,0.027575958924796133,0.02459016393442623,0.3898764943262714,Top Value,0.7455244741887223,201,High Priority,New Customer Onboarding Call,10,0.08,107.66090643228148,97.66090643228148,9.766090643228148,539,18570
738,54,Female,2,119.33,One-Year,DSL,238.66,Yes,Yes,1,Expected Range,Expected Range,45-54,0-6 Months,Premium,1431.96,119.33,1431.96,New,0.9392106468468842,Critical,112.07600648823869,1344.9120778588642,0.9929968875055581,0.019221584616933452,0.01639344262295082,0.4080246702738877,Top Value,0.7267362562176856,284,High Priority,New Customer Onboarding Call,10,0.08,107.59296622870914,97.59296622870914,9.759296622870915,540,18580
716,56,Male,6,65.27,One-Year,No Internet,391.62,No,Yes,1,Expected Range,Expected Range,55-64,0-6 Months,Moderate,783.24,65.27,783.24,New,1.0,Critical,65.27,783.24,0.39206313917296576,0.03154092419208698,0.04918032786885246,0.18015966110362985,Moderate Value,0.6720638644414519,529,High Priority,Complimentary Tech Support,20,0.15,117.48599999999999,97.48599999999999,4.8743,541,18600
973,53,Male,19,103.24,Two-Year,Fiber Optic,1961.56,Yes,Yes,1,Expected Range,Expected Range,45-54,13-24 Months,Premium,1238.8799999999999,103.24,1238.8799999999999,Developing,0.6854850708044444,High,70.76947870985084,849.2337445182102,0.8141396176078257,0.15798328802979966,0.1557377049180328,0.4198844240830684,Top Value,0.579244812115894,825,Medium Priority,Billing Review and Discount,30,0.15,127.38506167773153,97.38506167773153,3.246168722591051,542,18630
238,46,Male,0,56.94,Month-to-Month,No Internet,0.0,No,Yes,1,Expected Range,Expected Range,45-54,0-6 Months,Moderate,683.28,56.94,683.28,New,1.0,Critical,56.94,683.28,0.29946642952423297,0.0,0.0,0.1197865718096932,Low Value,0.6479146287238773,632,High Priority,Contract Upgrade Offer,40,0.2,136.656,96.656,2.4164000000000003,543,18670
587,40,Female,4,116.23,Two-Year,Fiber Optic,464.92,Yes,Yes,1,Expected Range,Expected Range,35-44,0-6 Months,Premium,1394.76,116.23,1394.76,New,0.9533383816145867,Critical,110.80652009506342,1329.678241140761,0.9585371276122723,0.03744447800261754,0.03278688524590164,0.4047171396573005,Top Value,0.7338898848316722,254,High Priority,New Customer Onboarding Call,10,0.08,106.37425929126088,96.37425929126088,9.637425929126088,544,18680
222,26,Female,12,64.7,Two-Year,No Internet,776.4000000000001,No,Yes,1,Expected Range,Expected Range,25-34,7-12 Months,Moderate,776.4000000000001,64.7,776.4000000000001,Developing,0.9979999999999999,Critical,64.5706,774.8471999999999,0.3857269897732326,0.06253095741467835,0.09836065573770492,0.2007667949388567,Moderate Value,0.6791067179755426,501,High Priority,Complimentary Tech Support,20,0.15,116.22707999999999,96.22707999999999,4.811354,545,18700
62,43,Male,1,64.45,One-Year,No Internet,64.45,No,Yes,1,Expected Range,Expected Range,35-44,0-6 Months,Moderate,773.4000000000001,64.45,773.4000000000001,New,1.0,Critical,64.45,773.4000000000001,0.3829479768786128,0.005190778214034028,0.00819672131147541,0.1570451434542259,Low Value,0.6628180573816903,567,High Priority,Complimentary Tech Support,20,0.15,116.01,96.01,4.8005,546,18720
1000,50,Male,1,56.67,Month-to-Month,No Internet,56.67,No,Yes,1,Expected Range,Expected Range,45-54,0-6 Months,Moderate,680.04,56.67,680.04,New,1.0,Critical,56.67,680.04,0.2964650955980437,0.004564180006040471,0.00819672131147541,0.1222326815692005,Low Value,0.6488930726276801,627,High Priority,Contract Upgrade Offer,40,0.2,136.008,96.00800000000001,2.4002000000000003,547,18760
809,57,Female,5,56.63,Month-to-Month,DSL,283.15000000000003,Yes,Yes,1,Expected Range,Expected Range,55-64,0-6 Months,Moderate,679.5600000000001,56.63,679.5600000000001,New,1.0,Critical,56.63,679.5600000000001,0.29602045353490447,0.02280479210711769,0.04098360655737705,0.13663576029079727,Low Value,0.6546543041163189,609,High Priority,Contract Upgrade Offer,40,0.2,135.912,95.912,2.3978,548,18800
873,31,Female,28,58.34,Month-to-Month,DSL,1633.52,Yes,Yes,1,Expected Range,Expected Range,25-34,25-48 Months,Moderate,700.08,58.34,700.08,Established,0.9680498876559704,Critical,56.47603044584932,677.7123653501918,0.31502890173410414,0.1315630725863284,0.22950819672131148,0.22943568527918448,Moderate Value,0.6726042067052561,528,High Priority,Contract Upgrade Offer,40,0.2,135.54247307003837,95.54247307003837,2.3885618267509594,549,18840
825,40,Female,6,56.4,Month-to-Month,DSL,338.4,No,Yes,1,Expected Range,Expected Range,35-44,0-6 Months,Moderate,676.8,56.4,676.8,New,1.0,Critical,56.4,676.8,0.2934637616718542,0.02725460585925702,0.04918032786885246,0.13921969868669476,Low Value,0.6556878794746779,602,High Priority,Contract Upgrade Offer,40,0.2,135.35999999999999,95.35999999999999,2.3839999999999995,550,18880
535,38,Female,13,64.29,One-Year,No Internet,835.7700000000001,No,Yes,1,Expected Range,Expected Range,35-44,13-24 Months,Moderate,771.48,64.29,771.48,Developing,0.9968627450980392,Critical,64.08830588235294,769.0596705882353,0.3811694086260562,0.06731259438236183,0.10655737704918034,0.2026665157465442,Moderate Value,0.6791842533574413,500,High Priority,Complimentary Tech Support,20,0.15,115.3589505882353,95.3589505882353,4.7679475294117655,551,18900
468,52,Female,11,55.92,Month-to-Month,DSL,615.12,Yes,Yes,1,Expected Range,Expected Range,45-54,7-12 Months,Moderate,671.04,55.92,671.04,Developing,1.0,Critical,55.92,671.04,0.2881280569141842,0.04954152823920266,0.09016393442622951,0.15513174125595197,Low Value,0.6620526965023807,571,High Priority,Contract Upgrade Offer,40,0.2,134.208,94.208,2.3552,552,18940
13,47,Male,2,63.26,Two-Year,No Internet,126.52,No,Yes,1,Expected Range,Expected Range,45-54,0-6 Months,Moderate,759.12,63.26,759.12,New,1.0,Critical,63.26,759.12,0.36971987550022234,0.010189872143360515,0.01639344262295082,0.15555276610600283,Low Value,0.6622211064424011,569,High Priority,Complimentary Tech Support,20,0.15,113.868,93.868,4.6934,553,18960
279,45,Male,5,110.06,One-Year,Fiber Optic,550.3,Yes,Yes,1,Expected Range,Expected Range,45-54,0-6 Months,Premium,1320.72,110.06,1320.72,New,0.9825327776798366,Critical,108.13755751144282,1297.6506901373139,0.8899510893730549,0.04432095036746199,0.04098360655737705,0.38173867001717793,Top Value,0.7422151346147731,215,High Priority,New Customer Onboarding Call,10,0.08,103.81205521098511,93.81205521098511,9.381205521098511,554,18970
312,55,Female,6,55.71,Month-to-Month,No Internet,334.26,No,Yes,1,Expected Range,Expected Range,55-64,0-6 Months,Moderate,668.52,55.71,668.52,New,1.0,Critical,55.71,668.52,0.2857936860827035,0.02692117185140441,0.04918032786885246,0.13603496654828606,Low Value,0.6544139866193144,610,High Priority,Contract Upgrade Offer,40,0.2,133.704,93.70400000000001,2.3426,555,19010
902,41,Female,41,55.61,Month-to-Month,No Internet,2280.01,No,Yes,1,Expected Range,Expected Range,35-44,25-48 Months,Moderate,667.3199999999999,55.61,667.3199999999999,Established,1.0,Critical,55.61,667.3199999999999,0.2846820809248556,0.18363112856136113,0.33606557377049184,0.2621601208090416,Moderate Value,0.7048640483236166,398,High Priority,Contract Upgrade Offer,40,0.2,133.464,93.464,2.3366,556,19050
96,30,Male,3,110.81,One-Year,Fiber Optic,332.43,Yes,Yes,1,Expected Range,Expected Range,25-34,0-6 Months,Premium,1329.72,110.81,1329.72,New,0.9723164964120845,Critical,107.74239096742309,1292.908691609077,0.8982881280569144,0.026773784355179703,0.02459016393442623,0.37483361673068516,High Value,0.7333233445395247,256,High Priority,New Customer Onboarding Call,10,0.08,103.43269532872617,93.43269532872617,9.343269532872617,557,19060
540,39,Female,50,57.3,Month-to-Month,Fiber Optic,2865.0,Yes,Yes,1,Expected Range,Expected Range,35-44,49-72 Months,Moderate,687.5999999999999,57.3,687.5999999999999,Loyal,0.9675337212082652,Critical,55.43968222523359,665.2761867028031,0.30346820809248554,0.23074599818785865,0.4098360655737705,0.3046073989961874,High Value,0.7023631923234341,409,High Priority,Contract Upgrade Offer,40,0.2,133.05523734056064,93.05523734056064,2.3263809335140158,558,19100
505,38,Female,31,56.67,Month-to-Month,DSL,1756.77,Yes,Yes,1,Expected Range,Expected Range,35-44,25-48 Months,Moderate,680.04,56.67,680.04,Established,0.9770721098781926,Critical,55.37067646679718,664.4481176015661,0.2964650955980437,0.1414895801872546,0.2540983606557377,0.23163198146869102,Moderate Value,0.6788960585143919,503,High Priority,Contract Upgrade Offer,40,0.2,132.88962352031322,92.88962352031322,2.3222405880078307,559,19140
931,39,Male,5,62.83,One-Year,DSL,314.15,No,Yes,1,Expected Range,Expected Range,35-44,0-6 Months,Moderate,753.96,62.83,753.96,New,0.9969811320754718,Critical,62.64032452830189,751.6838943396226,0.3649399733214762,0.02530152018524111,0.04098360655737705,0.16507742303276915,Moderate Value,0.6642196484583908,561,High Priority,Complimentary Tech Support,20,0.15,112.75258415094339,92.75258415094339,4.637629207547169,560,19160
287,43,Female,13,62.53,One-Year,No Internet,812.89,No,Yes,1,Expected Range,Expected Range,35-44,13-24 Months,Moderate,750.36,62.53,750.36,Developing,1.0,Critical,62.53,750.36,0.36160515784793246,0.06546984798147588,0.10655737704918034,0.19419585419498464,Moderate Value,0.6776783416779939,508,High Priority,Complimentary Tech Support,20,0.15,112.554,92.554,4.6277,561,19180
308,39,Male,7,55.08,Month-to-Month,Fiber Optic,385.56,No,Yes,1,Expected Range,Expected Range,35-44,7-12 Months,Moderate,660.96,55.08,660.96,Developing,1.0,Critical,55.08,660.96,0.2787905735882614,0.031052854122621563,0.05737704918032787,0.13672899067330407,Low Value,0.6546915962693216,607,High Priority,Contract Upgrade Offer,40,0.2,132.192,92.19200000000001,2.3048,562,19220
582,40,Female,4,109.14,One-Year,Fiber Optic,436.56,Yes,Yes,1,Expected Range,Expected Range,35-44,0-6 Months,Premium,1309.68,109.14,1309.68,New,0.9703792333815087,Critical,105.90718953125786,1270.8862743750942,0.8797243219208539,0.035160374509211716,0.03278688524590164,0.3723925811580411,High Value,0.7311845724921217,269,High Priority,New Customer Onboarding Call,10,0.08,101.67090195000753,91.67090195000753,9.167090195000753,563,19230
242,43,Female,3,61.98,One-Year,No Internet,185.94,No,Yes,1,Expected Range,Expected Range,35-44,0-6 Months,Moderate,743.76,61.98,743.76,New,1.0,Critical,61.98,743.76,0.3554913294797688,0.01497553609181516,0.02459016393442623,0.1535855104076494,Low Value,0.6614342041630598,577,High Priority,Complimentary Tech Support,20,0.15,111.564,91.564,4.5782,564,19250
412,33,Male,6,54.97,Month-to-Month,DSL,329.82,Yes,Yes,1,Expected Range,Expected Range,25-34,0-6 Months,Moderate,659.64,54.97,659.64,New,0.9971111111111111,Critical,54.81119777777777,657.7343733333332,0.27756780791462876,0.026563575958924796,0.04918032786885246,0.1326194567186883,Low Value,0.651314449354142,617,High Priority,Contract Upgrade Offer,40,0.2,131.54687466666664,91.54687466666664,2.288671866666666,565,19290
165,54,Male,101,54.78,Month-to-Month,No Internet,5532.78,No,Yes,1,Expected Range,Expected Range,45-54,73+ Months,Moderate,657.36,54.78,657.36,Loyal,0.9988888888888887,Critical,54.719133333333325,656.6295999999999,0.2754557581147177,0.4456079734219269,0.8278688524590164,0.47311230705831553,Top Value,0.7885782561566594,71,High Priority,Contract Upgrade Offer,40,0.2,131.32591999999997,91.32591999999997,2.2831479999999993,566,19330
782,31,Male,2,54.83,Month-to-Month,Fiber Optic,109.66,Yes,Yes,1,Expected Range,Expected Range,25-34,0-6 Months,Moderate,657.96,54.83,657.96,New,0.9970387596899225,Critical,54.667635193798446,656.0116223255814,0.27601156069364163,0.008831974227323064,0.01639344262295082,0.11759417591275745,Low Value,0.6452609261790565,644,High Priority,Contract Upgrade Offer,40,0.2,131.20232446511628,91.20232446511628,2.280058111627907,567,19370
833,34,Female,60,56.62,Month-to-Month,DSL,3397.2,Yes,Yes,1,Expected Range,Expected Range,25-34,49-72 Months,Moderate,679.4399999999999,56.62,679.4399999999999,Loyal,0.9648739557144133,Critical,54.63116337255008,655.5739604706009,0.2959092930191196,0.27360918151615826,0.49180327868852464,0.3370777504104344,High Value,0.7137554735928217,348,High Priority,Contract Upgrade Offer,40,0.2,131.1147920941202,91.11479209412019,2.277869802353005,568,19410
858,49,Female,11,62.09,One-Year,DSL,682.99,No,Yes,1,Expected Range,Expected Range,45-54,7-12 Months,Moderate,745.08,62.09,745.08,Developing,0.9934246575342466,Critical,61.681736986301374,740.1808438356165,0.3567140951534016,0.055007751937984496,0.09016393442622951,0.1844793348462126,Moderate Value,0.6698465284590329,538,High Priority,Complimentary Tech Support,20,0.15,111.02712657534248,91.02712657534248,4.551356328767124,569,19430
679,54,Male,9,54.43,Month-to-Month,DSL,489.87,Yes,Yes,1,Expected Range,Expected Range,45-54,7-12 Months,Moderate,653.16,54.43,653.16,Developing,1.0,Critical,54.43,653.16,0.27156514006224997,0.03945394140742978,0.07377049180327869,0.1408775584683201,Low Value,0.656351023387328,600,High Priority,Contract Upgrade Offer,40,0.2,130.632,90.632,2.2658,570,19470
512,44,Male,3,61.28,Two-Year,No Internet,183.84,No,Yes,1,Expected Range,Expected Range,35-44,0-6 Months,Moderate,735.36,61.28,735.36,New,1.0,Critical,61.28,735.36,0.3477100933748333,0.014806402899426155,0.02459016393442623,0.15041381934833906,Low Value,0.6601655277393356,582,High Priority,Complimentary Tech Support,20,0.15,110.304,90.304,4.5152,571,19490
710,61,Female,35,54.14,Month-to-Month,No Internet,1894.9,No,Yes,1,Expected Range,Expected Range,55-64,25-48 Months,Moderate,649.6800000000001,54.14,649.6800000000001,Established,1.0,Critical,54.14,649.6800000000001,0.26834148510449096,0.15261451726568007,0.2868852459016394,0.23247298656019427,Moderate Value,0.6929891946240777,444,High Priority,Contract Upgrade Offer,40,0.2,129.936,89.936,2.2484,572,19530
820,55,Male,41,60.69,One-Year,No Internet,2488.29,No,Yes,1,Expected Range,Expected Range,55-64,25-48 Months,Moderate,728.28,60.69,728.28,Established,1.0,Critical,60.69,728.28,0.3411516229435305,0.2004059196617336,0.33606557377049184,0.2906191145016419,High Value,0.7162476458006568,332,High Priority,Complimentary Tech Support,20,0.15,109.24199999999999,89.24199999999999,4.4620999999999995,573,19550
77,45,Female,23,53.82,Month-to-Month,Fiber Optic,1237.86,No,Yes,1,Expected Range,Expected Range,45-54,13-24 Months,Moderate,645.84,53.82,645.84,Developing,1.0,Critical,53.82,645.84,0.2647843485993776,0.09969676834793113,0.18852459016393444,0.18793875590251055,Moderate Value,0.6751755023610042,522,High Priority,Contract Upgrade Offer,40,0.2,129.168,89.168,2.2292,574,19590
845,46,Female,9,60.85,One-Year,Fiber Optic,547.65,No,Yes,1,Expected Range,Expected Range,45-54,7-12 Months,Moderate,730.2,60.85,730.2,Developing,0.9939475333512401,Critical,60.48170740442296,725.7804888530756,0.34293019119608725,0.04410752038659015,0.07377049180327869,0.17105233156456112,Moderate Value,0.6647894526365685,559,High Priority,Complimentary Tech Support,20,0.15,108.86707332796134,88.86707332796134,4.443353666398067,575,19610
235,66,Male,22,55.05,Month-to-Month,Fiber Optic,1211.1,Yes,Yes,1,Expected Range,Expected Range,65+,13-24 Months,Moderate,660.5999999999999,55.05,660.5999999999999,Developing,0.9731938339438341,Critical,53.574320558608065,642.8918467032968,0.2784570920409071,0.09754152823920265,0.18032786885245902,0.1906043389131985,Moderate Value,0.6601580359315797,583,High Priority,Contract Upgrade Offer,40,0.2,128.57836934065935,88.57836934065935,2.2144592335164837,576,19650
720,44,Male,8,53.38,Month-to-Month,No Internet,427.04,No,Yes,1,Expected Range,Expected Range,35-44,7-12 Months,Moderate,640.5600000000001,53.38,640.5600000000001,Developing,1.0,Critical,53.38,640.5600000000001,0.2598932859048467,0.034393637370381556,0.06557377049180328,0.13238853006452306,Low Value,0.6529554120258092,613,High Priority,Contract Upgrade Offer,40,0.2,128.11200000000002,88.11200000000002,2.2028000000000008,577,19690
803,45,Female,0,53.27,Month-to-Month,DSL,0.0,Yes,Yes,1,Expected Range,Expected Range,45-54,0-6 Months,Moderate,639.24,53.27,639.24,New,1.0,Critical,53.27,639.24,0.25867052023121395,0.0,0.0,0.10346820809248558,Low Value,0.6413872832369942,662,High Priority,Contract Upgrade Offer,40,0.2,127.84800000000001,87.84800000000001,2.1962,578,19730
507,39,Male,57,103.69,Two-Year,DSL,5910.33,Yes,Yes,1,Expected Range,Expected Range,35-44,49-72 Months,Premium,1244.28,103.69,1244.28,Loyal,0.6305802579505602,High,65.38486694689358,784.618403362723,0.8191418408181415,0.4760157052250075,0.4672131147540984,0.6110655118445338,Top Value,0.6227743595081496,734,High Priority,Billing Review and Discount,30,0.15,117.69276050440845,87.69276050440845,2.923092016813615,579,19760
604,58,Female,0,106.02,Two-Year,Fiber Optic,0.0,Yes,Yes,1,Expected Range,Expected Range,55-64,0-6 Months,Premium,1272.24,106.02,1272.24,New,0.9551069877834586,Critical,101.26044284480227,1215.1253141376274,0.8450422409959983,0.0,0.0,0.3380168963983994,High Value,0.708270951229435,374,High Priority,New Customer Onboarding Call,10,0.08,97.21002513101018,87.21002513101018,8.721002513101018,580,19770
464,47,Female,1,104.79,Two-Year,Fiber Optic,104.79,Yes,Yes,1,Expected Range,Expected Range,45-54,0-6 Months,Premium,1257.48,104.79,1257.48,New,0.9658251706875829,Critical,101.20881963635182,1214.505835636222,0.8313694975544688,0.008439746300211416,0.00819672131147541,0.33755089055473037,High Value,0.7145154586344419,347,High Priority,New Customer Onboarding Call,10,0.08,97.16046685089776,87.16046685089776,8.716046685089776,581,19780
322,50,Female,6,106.06,Two-Year,DSL,636.36,Yes,Yes,1,Expected Range,Expected Range,45-54,0-6 Months,Premium,1272.72,106.06,1272.72,New,0.9541820586820586,Critical,101.20054914381915,1214.4065897258297,0.8454868830591376,0.05125218967079432,0.04918032786885246,0.3684281015756462,High Value,0.7198804758394937,315,High Priority,New Customer Onboarding Call,10,0.08,97.15252717806638,87.15252717806638,8.715252717806639,582,19790
564,41,Female,3,105.03,Two-Year,Fiber Optic,315.09000000000003,Yes,Yes,1,Expected Range,Expected Range,35-44,0-6 Months,Premium,1260.3600000000001,105.03,1260.3600000000001,New,0.9589086242710365,Critical,100.71417280718697,1208.5700736862436,0.8340373499333038,0.025377227423739053,0.02459016393442623,0.34864451055523676,High Value,0.7148029787847167,345,High Priority,New Customer Onboarding Call,10,0.08,96.6856058948995,86.6856058948995,8.66856058948995,583,19800
775,51,Female,24,59.19,One-Year,No Internet,1420.56,No,Yes,1,Expected Range,Expected Range,45-54,13-24 Months,Moderate,710.28,59.19,710.28,Developing,1.0,Critical,59.19,710.28,0.32447754557581154,0.11441135608577468,0.19672131147540983,0.21901532072919822,Moderate Value,0.6876061282916792,473,High Priority,Complimentary Tech Support,20,0.15,106.54199999999999,86.54199999999999,4.3271,584,19820
768,62,Male,19,52.77,Month-to-Month,Fiber Optic,1002.63,No,Yes,1,Expected Range,Expected Range,55-64,13-24 Months,Moderate,633.24,52.77,633.24,Developing,0.997142857142857,Critical,52.619228571428565,631.4307428571428,0.25311249444197426,0.08075143461189972,0.1557377049180328,0.16844242612046278,Moderate Value,0.6656626847338993,553,High Priority,Contract Upgrade Offer,40,0.2,126.28614857142857,86.28614857142857,2.1571537142857142,585,19860
924,37,Male,26,52.71,Month-to-Month,DSL,1370.46,No,Yes,1,Expected Range,Expected Range,35-44,25-48 Months,Moderate,632.52,52.71,632.52,Established,0.996923076923077,Critical,52.54781538461539,630.5737846153847,0.25244553134726555,0.11037632135306553,0.21311475409836067,0.19288861353706932,Moderate Value,0.6753092915686739,521,High Priority,Contract Upgrade Offer,40,0.2,126.11475692307695,86.11475692307695,2.152868923076924,586,19900
8,52,Female,6,58.9,One-Year,No Internet,353.4,No,Yes,1,Expected Range,Expected Range,45-54,0-6 Months,Moderate,706.8,58.9,706.8,New,1.0,Critical,58.9,706.8,0.32125389061805254,0.028462700090607064,0.04918032786885246,0.1507585832461466,Low Value,0.6603034332984586,581,High Priority,Complimentary Tech Support,20,0.15,106.02,86.02,4.301,587,19920
608,32,Male,10,52.61,Month-to-Month,Fiber Optic,526.1,Yes,Yes,1,Expected Range,Expected Range,25-34,7-12 Months,Moderate,631.3199999999999,52.61,631.3199999999999,Developing,0.9970387596899225,Critical,52.454209147286825,629.4505097674419,0.2513339261894175,0.04237189167421725,0.0819672131147541,0.13585553584043158,Low Value,0.6525654701501261,614,High Priority,Contract Upgrade Offer,40,0.2,125.89010195348838,85.89010195348838,2.1472525488372094,588,19960
408,43,Female,0,106.33,One-Year,DSL,0.0,Yes,Yes,1,Expected Range,Expected Range,35-44,0-6 Months,Premium,1275.96,106.33,1275.96,New,0.9381014980016708,Critical,99.74833228251765,1196.9799873902118,0.848488216985327,0.0,0.0,0.3393952867941308,High Value,0.6986190135186547,425,High Priority,New Customer Onboarding Call,10,0.08,95.75839899121695,85.75839899121695,8.575839899121695,589,19970
888,41,Male,5,58.37,Two-Year,No Internet,291.84999999999997,No,Yes,1,Expected Range,Expected Range,35-44,0-6 Months,Moderate,700.4399999999999,58.37,700.4399999999999,New,1.0,Critical,58.37,700.4399999999999,0.3153623832814585,0.023505486761300712,0.04098360655737705,0.14461777531838294,Low Value,0.6578471101273532,592,High Priority,Complimentary Tech Support,20,0.15,105.06599999999999,85.06599999999999,4.253299999999999,590,19990
275,35,Female,10,58.25,One-Year,No Internet,582.5,No,Yes,1,Expected Range,Expected Range,35-44,7-12 Months,Moderate,699.0,58.25,699.0,Developing,1.0,Critical,58.25,699.0,0.31402845709204097,0.046914325984093425,0.0819672131147541,0.1625232002099376,Moderate Value,0.665009280083975,557,High Priority,Complimentary Tech Support,20,0.15,104.85,84.85,4.2425,591,20010
72,60,Female,16,54.26,Month-to-Month,Fiber Optic,868.16,Yes,Yes,1,Expected Range,Expected Range,55-64,13-24 Months,Moderate,651.12,54.26,651.12,Developing,0.955089004172742,Critical,51.82312936641298,621.8775523969557,0.2696754112939085,0.06992127252592369,0.13114754098360656,0.16512949514753833,Moderate Value,0.6391052005626605,675,High Priority,Contract Upgrade Offer,40,0.2,124.37551047939115,84.37551047939115,2.1093877619847787,592,20050
726,43,Female,11,51.65,Month-to-Month,No Internet,568.15,No,Yes,1,Expected Range,Expected Range,35-44,7-12 Months,Moderate,619.8,51.65,619.8,Developing,1.0,Critical,51.65,619.8,0.24066251667407734,0.04575858250276855,0.09016393442622951,0.13482149415215733,Low Value,0.6539285976608629,611,High Priority,Contract Upgrade Offer,40,0.2,123.96,83.96,2.0989999999999998,593,20090
671,57,Male,25,57.58,Two-Year,No Internet,1439.5,No,Yes,1,Expected Range,Expected Range,55-64,25-48 Months,Moderate,690.96,57.58,690.96,Established,1.0,Critical,57.58,690.96,0.3065807025344598,0.11593677640189268,0.20491803278688525,0.21443966095116768,Moderate Value,0.685775864380467,478,High Priority,Complimentary Tech Support,20,0.15,103.644,83.644,4.1822,594,20110
871,43,Female,52,51.63,Month-to-Month,Fiber Optic,2684.76,No,Yes,1,Expected Range,Expected Range,35-44,49-72 Months,Moderate,619.5600000000001,51.63,619.5600000000001,Loyal,0.9967543859649122,Critical,51.462428947368416,617.549147368421,0.24044019564250785,0.21622953790395652,0.42622950819672134,0.27841379357256824,High Value,0.7094181490079746,369,High Priority,Contract Upgrade Offer,40,0.2,123.5098294736842,83.5098294736842,2.087745736842105,595,20150
375,66,Male,20,51.37,Month-to-Month,No Internet,1027.4,No,Yes,1,Expected Range,Expected Range,65+,13-24 Months,Moderate,616.4399999999999,51.37,616.4399999999999,Developing,1.0,Critical,51.37,616.4399999999999,0.2375500222321032,0.08274640088593578,0.1639344262295082,0.16496485576029585,Moderate Value,0.6659859423041183,552,High Priority,Contract Upgrade Offer,40,0.2,123.288,83.288,2.0822,596,20190
388,63,Female,9,51.32,Month-to-Month,DSL,461.88,Yes,Yes,1,Expected Range,Expected Range,55-64,7-12 Months,Moderate,615.84,51.32,615.84,Developing,1.0,Critical,51.32,615.84,0.23699421965317924,0.037199637571730594,0.07377049180327869,0.12626018396219707,Low Value,0.6505040735848788,622,High Priority,Contract Upgrade Offer,40,0.2,123.168,83.168,2.0792,597,20230
470,39,Male,63,56.99,Two-Year,No Internet,3590.3700000000003,No,Yes,1,Expected Range,Expected Range,35-44,49-72 Months,Moderate,683.88,56.99,683.88,Loyal,1.0,Critical,56.99,683.88,0.30002223210315704,0.28916701902748415,0.5163934426229508,0.35031571015662,High Value,0.740126284062648,225,High Priority,Complimentary Tech Support,20,0.15,102.582,82.582,4.129099999999999,598,20250
29,38,Female,34,100.38,Two-Year,DSL,3412.92,Yes,Yes,1,Expected Range,Expected Range,35-44,25-48 Months,Premium,1204.56,100.38,1204.56,Established,0.6222279487656874,High,62.459241497099704,749.5108979651965,0.7823477100933749,0.2748752642706131,0.27868852459016397,0.47881755767960554,Top Value,0.5648637923312547,844,Medium Priority,Billing Review and Discount,30,0.15,112.42663469477947,82.42663469477947,2.747554489825982,599,20280
786,55,Male,42,51.0,Month-to-Month,No Internet,2142.0,No,Yes,1,Expected Range,Expected Range,55-64,25-48 Months,Moderate,612.0,51.0,612.0,Established,1.0,Critical,51.0,612.0,0.23343708314806588,0.17251585623678647,0.3442622950819672,0.2398209567125934,Moderate Value,0.6959283826850373,432,High Priority,Contract Upgrade Offer,40,0.2,122.4,82.4,2.06,600,20320
123,59,Male,0,50.88,Month-to-Month,Fiber Optic,0.0,No,Yes,1,Expected Range,Expected Range,55-64,0-6 Months,Moderate,610.5600000000001,50.88,610.5600000000001,New,1.0,Critical,50.88,610.5600000000001,0.23210315695864836,0.0,0.0,0.09284126278345935,Low Value,0.6371365051133837,679,High Priority,Contract Upgrade Offer,40,0.2,122.11200000000002,82.11200000000002,2.0528000000000004,601,20360
241,37,Male,26,53.08,Month-to-Month,DSL,1380.08,Yes,Yes,1,Expected Range,Expected Range,35-44,25-48 Months,Moderate,636.96,53.08,636.96,Established,0.9554321751053632,Critical,50.71433985459267,608.572078255112,0.25655847043130287,0.11115111245343803,0.21311475409836067,0.19480496605581463,Moderate Value,0.6511812914855437,620,High Priority,Contract Upgrade Offer,40,0.2,121.71441565102242,81.71441565102242,2.0428603912755605,602,20400
659,46,Female,50,50.83,Month-to-Month,DSL,2541.5,No,Yes,1,Expected Range,Expected Range,45-54,49-72 Months,Moderate,609.96,50.83,609.96,Loyal,0.9976190476190476,Critical,50.708976190476186,608.5077142857142,0.2315473543797244,0.20469143259840933,0.4098360655737705,0.2667199595547757,Moderate Value,0.7052594123933388,394,High Priority,Contract Upgrade Offer,40,0.2,121.70154285714284,81.70154285714284,2.042538571428571,603,20440
568,34,Female,17,52.98,Month-to-Month,Fiber Optic,900.66,Yes,Yes,1,Expected Range,Expected Range,25-34,13-24 Months,Moderate,635.76,52.98,635.76,Developing,0.9563015423891712,Critical,50.66485571577829,607.9782685893395,0.25544686527345484,0.07253881002718211,0.13934426229508198,0.16240339519266617,Moderate Value,0.6387422835105692,677,High Priority,Contract Upgrade Offer,40,0.2,121.59565371786789,81.59565371786789,2.039891342946697,604,20480
141,47,Male,9,50.6,Month-to-Month,DSL,455.4,Yes,Yes,1,Expected Range,Expected Range,45-54,7-12 Months,Moderate,607.2,50.6,607.2,Developing,1.0,Critical,50.6,607.2,0.2289906625166741,0.036677740863787375,0.07377049180327869,0.12287609725981491,Low Value,0.649150438903926,625,High Priority,Contract Upgrade Offer,40,0.2,121.44000000000001,81.44000000000001,2.0360000000000005,605,20520
439,27,Male,57,52.2,Month-to-Month,Fiber Optic,2975.4,Yes,Yes,1,Expected Range,Expected Range,25-34,49-72 Months,Moderate,626.4000000000001,52.2,626.4000000000001,Loyal,0.9679357816791462,Critical,50.52624780365144,606.3149736438172,0.2467763450422411,0.239637571730595,0.4672131147540984,0.29938696681112925,High Value,0.7005162557319394,419,High Priority,Contract Upgrade Offer,40,0.2,121.26299472876345,81.26299472876345,2.031574868219086,606,20560
517,50,Male,21,50.39,Month-to-Month,No Internet,1058.19,No,Yes,1,Expected Range,Expected Range,45-54,13-24 Months,Moderate,604.6800000000001,50.39,604.6800000000001,Developing,1.0,Critical,50.39,604.6800000000001,0.22665629168519352,0.0852262156448203,0.1721311475409836,0.1635244790350104,Moderate Value,0.6654097916140042,554,High Priority,Contract Upgrade Offer,40,0.2,120.93600000000002,80.93600000000002,2.0234000000000005,607,20600
784,51,Female,57,50.36,Month-to-Month,Fiber Optic,2870.52,No,Yes,1,Expected Range,Expected Range,45-54,49-72 Months,Moderate,604.3199999999999,50.36,604.3199999999999,Loyal,1.0,Critical,50.36,604.3199999999999,0.22632281013783906,0.23119057686499547,0.4672131147540984,0.2882491046464086,High Value,0.7152996418585634,341,High Priority,Contract Upgrade Offer,40,0.2,120.86399999999999,80.86399999999999,2.0216,608,20640
765,56,Male,7,56.47,Two-Year,Fiber Optic,395.29,No,Yes,1,Expected Range,Expected Range,55-64,7-12 Months,Moderate,677.64,56.47,677.64,Developing,0.9900363654233623,Critical,55.90735355545726,670.8882426654872,0.29424188528234774,0.03183650458069063,0.05737704918032787,0.14318379301126277,Low Value,0.6512953364585224,619,High Priority,Complimentary Tech Support,20,0.15,100.63323639982308,80.63323639982308,4.031661819991154,609,20660
103,41,Female,20,52.41,Month-to-Month,Fiber Optic,1048.1999999999998,Yes,Yes,1,Expected Range,Expected Range,35-44,13-24 Months,Moderate,628.92,52.41,628.92,Developing,0.9589384963736787,Critical,50.2579665949445,603.095599139334,0.2491107158737217,0.08442162488674115,0.1639344262295082,0.17017546161722513,Moderate Value,0.6434332824710972,653,High Priority,Contract Upgrade Offer,40,0.2,120.61911982786681,80.61911982786681,2.01547799569667,610,20700
627,35,Female,33,100.5,One-Year,DSL,3316.5,Yes,Yes,1,Expected Range,Expected Range,35-44,25-48 Months,Premium,1206.0,100.5,1206.0,Established,0.6088540809028268,High,61.18983513073409,734.2780215688091,0.7836816362827925,0.267109634551495,0.27049180327868855,0.4745839774258124,Top Value,0.555146039512021,848,Medium Priority,Billing Review and Discount,30,0.15,110.14170323532136,80.14170323532136,2.6713901078440454,611,20730
638,45,Female,15,50.04,Month-to-Month,No Internet,750.6,No,Yes,1,Expected Range,Expected Range,45-54,13-24 Months,Moderate,600.48,50.04,600.48,Developing,1.0,Critical,50.04,600.48,0.2227656736327257,0.06045303533675627,0.12295081967213116,0.14100253673898777,Low Value,0.6564010146955951,599,High Priority,Contract Upgrade Offer,40,0.2,120.096,80.096,2.0024,612,20770
588,36,Female,1,49.84,Month-to-Month,No Internet,49.84,No,Yes,1,Expected Range,Expected Range,35-44,0-6 Months,Low,598.08,49.84,598.08,New,1.0,Critical,49.84,598.08,0.22054246331702987,0.004014094432699084,0.00819672131147541,0.09167109870612548,Low Value,0.6366684394824502,680,High Priority,Contract Upgrade Offer,40,0.2,119.61600000000001,79.61600000000001,1.9904000000000004,613,20810
113,45,Female,88,51.73,Month-to-Month,Fiber Optic,4552.24,Yes,Yes,1,Expected Range,Expected Range,45-54,73+ Months,Moderate,620.76,51.73,620.76,Loyal,0.9626921791192581,Critical,49.80006642583922,597.6007971100706,0.24155180080035576,0.36663565891472866,0.7213114754098361,0.4052710697927564,Top Value,0.7397237353886574,226,High Priority,Contract Upgrade Offer,40,0.2,119.52015942201413,79.52015942201413,1.9880039855503533,614,20850
327,56,Female,11,49.64,Month-to-Month,No Internet,546.04,No,Yes,1,Expected Range,Expected Range,55-64,7-12 Months,Low,595.6800000000001,49.64,595.6800000000001,Developing,1.0,Critical,49.64,595.6800000000001,0.21831925300133392,0.04397785160575858,0.09016393442622951,0.12526093286910644,Low Value,0.6501043731476426,624,High Priority,Contract Upgrade Offer,40,0.2,119.13600000000002,79.13600000000002,1.9784000000000006,615,20890
495,60,Male,24,49.32,Month-to-Month,DSL,1183.68,No,Yes,1,Expected Range,Expected Range,55-64,13-24 Months,Low,591.84,49.32,591.84,Developing,1.0,Critical,49.32,591.84,0.21476211649622057,0.09533313198429477,0.19672131147540983,0.16845177066184386,Moderate Value,0.6673807082647375,545,High Priority,Contract Upgrade Offer,40,0.2,118.36800000000001,78.36800000000001,1.9592000000000003,616,20930
677,33,Male,30,54.77,One-Year,No Internet,1643.1,No,Yes,1,Expected Range,Expected Range,25-34,25-48 Months,Moderate,657.24,54.77,657.24,Established,0.9968888888888888,Critical,54.599604444444445,655.1952533333333,0.2753445975989329,0.13233464210208395,0.24590163934426232,0.21793037361136813,Moderate Value,0.6853054827778806,480,High Priority,Complimentary Tech Support,20,0.15,98.279288,78.279288,3.9139644,617,20950
380,36,Male,6,55.29,Two-Year,DSL,331.74,No,Yes,1,Expected Range,Expected Range,35-44,0-6 Months,Moderate,663.48,55.29,663.48,New,0.986621276871277,Critical,54.5502903982129,654.6034847785548,0.2811249444197421,0.0267182120205376,0.04918032786885246,0.13409643394229814,Low Value,0.6456113396996854,643,High Priority,Complimentary Tech Support,20,0.15,98.19052271678322,78.19052271678322,3.909526135839161,618,20970
616,46,Female,0,54.48,One-Year,No Internet,0.0,No,Yes,1,Expected Range,Expected Range,45-54,0-6 Months,Moderate,653.76,54.48,653.76,New,1.0,Critical,54.48,653.76,0.2721209426411738,0.0,0.0,0.10884837705646953,Low Value,0.6435393508225878,651,High Priority,Complimentary Tech Support,20,0.15,98.064,78.064,3.9031999999999996,619,20990
459,39,Female,49,54.45,Two-Year,No Internet,2668.05,No,Yes,1,Expected Range,Expected Range,35-44,49-72 Months,Moderate,653.4000000000001,54.45,653.4000000000001,Loyal,0.9979999999999999,Critical,54.3411,652.0932,0.27178746109381957,0.21488372093023256,0.4016393442622951,0.284334122828683,High Value,0.7125336491314731,354,High Priority,Complimentary Tech Support,20,0.15,97.81398,77.81398,3.890699,620,21010
147,32,Female,28,49.05,Month-to-Month,DSL,1373.4,No,Yes,1,Expected Range,Expected Range,25-34,25-48 Months,Low,588.5999999999999,49.05,588.5999999999999,Established,0.9989583333333333,Critical,48.99890625,587.9868749999999,0.21176078257003117,0.11061310782241016,0.22950819672131148,0.1807959499461839,Moderate Value,0.6716933799784736,532,High Priority,Contract Upgrade Offer,40,0.2,117.597375,77.597375,1.939934375,621,21050
450,34,Female,30,49.12,Month-to-Month,Fiber Optic,1473.6,No,Yes,1,Expected Range,Expected Range,25-34,25-48 Months,Low,589.4399999999999,49.12,589.4399999999999,Established,0.9944395711500973,Critical,48.84687173489278,586.1624608187134,0.21253890618052473,0.11868317728782844,0.24590163934426232,0.18803008435901544,Moderate Value,0.6718757764336646,530,High Priority,Contract Upgrade Offer,40,0.2,117.23249216374268,77.23249216374268,1.930812304093567,622,21090
987,60,Male,38,48.79,Month-to-Month,No Internet,1854.02,No,Yes,1,Expected Range,Expected Range,55-64,25-48 Months,Low,585.48,48.79,585.48,Established,1.0,Critical,48.79,585.48,0.20887060915962652,0.14932205778717406,0.3114754098360656,0.21367981634837793,Moderate Value,0.6854719265393512,479,High Priority,Contract Upgrade Offer,40,0.2,117.096,77.096,1.9274,623,21130
330,51,Female,66,53.69,One-Year,No Internet,3543.54,No,Yes,1,Expected Range,Expected Range,45-54,49-72 Months,Moderate,644.28,53.69,644.28,Loyal,0.9970000000000001,Critical,53.52893,642.34716,0.2633392618941752,0.2853953488372093,0.5409836065573771,0.3404699784900376,High Value,0.7343879913960151,251,High Priority,Complimentary Tech Support,20,0.15,96.352074,76.352074,3.8176037000000003,624,21150
360,36,Female,10,48.4,Month-to-Month,DSL,484.0,Yes,Yes,1,Expected Range,Expected Range,35-44,7-12 Months,Low,580.8,48.4,580.8,Developing,1.0,Critical,48.4,580.8,0.2045353490440196,0.038981173864894796,0.0819672131147541,0.11594935374900955,Low Value,0.6463797414996038,640,High Priority,Contract Upgrade Offer,40,0.2,116.16,76.16,1.904,625,21190
227,45,Male,7,54.17,Two-Year,Fiber Optic,379.19,No,Yes,1,Expected Range,Expected Range,45-54,7-12 Months,Moderate,650.04,54.17,650.04,Developing,0.9829091478696743,Critical,53.24418854010026,638.9302624812032,0.2686749666518453,0.03053981677237491,0.05737704918032787,0.1325031848261513,Low Value,0.642746762652265,655,High Priority,Complimentary Tech Support,20,0.15,95.83953937218047,75.83953937218047,3.7919769686090232,626,21210
789,44,Female,24,49.68,Month-to-Month,DSL,1192.32,Yes,Yes,1,Expected Range,Expected Range,35-44,13-24 Months,Low,596.16,49.68,596.16,Developing,0.967780719966598,Critical,48.079346167940585,576.9521540152871,0.21876389506447314,0.0960289942615524,0.19672131147540983,0.17029603388618506,Moderate Value,0.6487868455344328,628,High Priority,Contract Upgrade Offer,40,0.2,115.39043080305743,75.39043080305743,1.8847607700764357,627,21250
75,18,Female,21,49.68,Month-to-Month,Fiber Optic,1043.28,Yes,Yes,1,Expected Range,Expected Range,Under 25,13-24 Months,Low,596.16,49.68,596.16,Developing,0.9611866428155338,Critical,47.75175241507572,573.0210289809087,0.21876389506447314,0.08402536997885834,0.1721311475409836,0.15994722440363557,Moderate Value,0.6406908754507745,665,High Priority,Contract Upgrade Offer,40,0.2,114.60420579618174,74.60420579618174,1.8651051449045437,628,21290
281,46,Male,77,47.56,Month-to-Month,Fiber Optic,3662.12,No,Yes,1,Expected Range,Expected Range,45-54,73+ Months,Low,570.72,47.56,570.72,Loyal,0.9949874686716792,Critical,47.32160401002506,567.8592481203008,0.19519786571809705,0.2949457364341085,0.6311475409836066,0.33909703928507845,High Value,0.7326312969170389,259,High Priority,Contract Upgrade Offer,40,0.2,113.57184962406016,73.57184962406016,1.839296240601504,629,21330
224,28,Female,25,48.97,Month-to-Month,Fiber Optic,1224.25,Yes,Yes,1,Expected Range,Expected Range,25-34,25-48 Months,Low,587.64,48.97,587.64,Established,0.9661727539266447,Critical,47.31347975978779,567.7617571174535,0.21087149844375286,0.09860062418201952,0.20491803278688525,0.17008832603792928,Moderate Value,0.6477389827711585,634,High Priority,Contract Upgrade Offer,40,0.2,113.5523514234907,73.5523514234907,1.8388087855872677,630,21370
73,44,Male,8,47.18,Month-to-Month,No Internet,377.44,No,Yes,1,Expected Range,Expected Range,35-44,7-12 Months,Low,566.16,47.18,566.16,Developing,1.0,Critical,47.18,566.16,0.19097376611827488,0.030398872445384074,0.06557377049180328,0.10342255442614522,Low Value,0.6413690217704581,663,High Priority,Contract Upgrade Offer,40,0.2,113.232,73.232,1.8308,631,21410
329,51,Male,9,52.47,Two-Year,DSL,472.23,No,Yes,1,Expected Range,Expected Range,45-54,7-12 Months,Moderate,629.64,52.47,629.64,Developing,0.9861485495985496,Critical,51.74321439743589,620.9185727692307,0.2497776789684304,0.038033222591362124,0.07377049180327869,0.13166532244516857,Low Value,0.6443552587371971,649,High Priority,Complimentary Tech Support,20,0.15,93.1377859153846,73.1377859153846,3.65688929576923,632,21430
54,51,Male,0,51.74,One-Year,Fiber Optic,0.0,No,Yes,1,Expected Range,Expected Range,45-54,0-6 Months,Moderate,620.88,51.74,620.88,New,0.9937240829346092,Critical,51.415284051036686,616.9834086124403,0.24166296131614062,0.0,0.0,0.09666518452645625,Low Value,0.6349005235713481,686,High Priority,Complimentary Tech Support,20,0.15,92.54751129186603,72.54751129186603,3.6273755645933017,633,21450
349,37,Male,0,98.45,One-Year,Fiber Optic,0.0,Yes,Yes,1,Expected Range,Expected Range,35-44,0-6 Months,High,1181.4,98.45,1181.4,New,0.8714303851896216,Critical,85.79232142191825,1029.507857063019,0.7608937305469099,0.0,0.0,0.30435749221876396,High Value,0.6446012280012785,648,High Priority,New Customer Onboarding Call,10,0.08,82.36062856504152,72.36062856504152,7.2360628565041525,634,21460
245,32,Female,21,48.95,Month-to-Month,DSL,1027.95,Yes,Yes,1,Expected Range,Expected Range,25-34,13-24 Months,Low,587.4000000000001,48.95,587.4000000000001,Developing,0.9561268107328935,Critical,46.80240738537514,561.6288886245017,0.21064917741218325,0.0827906976744186,0.1721311475409836,0.1562692020361657,Low Value,0.6361837672542023,681,High Priority,Contract Upgrade Offer,40,0.2,112.32577772490033,72.32577772490033,1.8081444431225084,635,21500
461,64,Female,12,46.62,Month-to-Month,Fiber Optic,559.4399999999999,No,Yes,1,Expected Range,Expected Range,55-64,7-12 Months,Low,559.4399999999999,46.62,559.4399999999999,Developing,1.0,Critical,46.62,559.4399999999999,0.18474877723432637,0.045057082452431285,0.09836065573770492,0.11425965368650773,Low Value,0.6457038614746031,642,High Priority,Contract Upgrade Offer,40,0.2,111.88799999999999,71.88799999999999,1.7971999999999997,636,21540
654,33,Male,54,51.04,Two-Year,No Internet,2756.16,No,Yes,1,Expected Range,Expected Range,25-34,49-72 Months,Moderate,612.48,51.04,612.48,Loyal,1.0,Critical,51.04,612.48,0.23388172521120498,0.2219800664451827,0.4426229508196722,0.28190145104521397,High Value,0.7127605804180855,353,High Priority,Complimentary Tech Support,20,0.15,91.872,71.872,3.5936,637,21560
225,40,Male,23,50.64,Two-Year,No Internet,1164.72,No,Yes,1,Expected Range,Expected Range,35-44,13-24 Months,Moderate,607.6800000000001,50.64,607.6800000000001,Developing,0.9966666666666667,Critical,50.4712,605.6544,0.22943530457981332,0.09380610087586831,0.18852459016393444,0.17173740467946286,Moderate Value,0.6666949618717851,548,High Priority,Complimentary Tech Support,20,0.15,90.84816,70.84816,3.5424079999999996,638,21580
203,55,Male,78,47.7,Month-to-Month,Fiber Optic,3720.6,Yes,Yes,1,Expected Range,Expected Range,55-64,73+ Months,Low,572.4000000000001,47.7,572.4000000000001,Loyal,0.9646274420024419,Critical,46.01272898351648,552.1527478021978,0.19675411293908407,0.2996556931440652,0.639344262295082,0.34341720334982695,High Value,0.7161433465413959,333,High Priority,Contract Upgrade Offer,40,0.2,110.43054956043957,70.43054956043957,1.7607637390109894,639,21620
345,40,Female,7,51.43,Two-Year,Fiber Optic,360.01,No,Yes,1,Expected Range,Expected Range,35-44,7-12 Months,Moderate,617.16,51.43,617.16,Developing,0.9761405723905724,Critical,50.20290963804714,602.4349156565656,0.2382169853268119,0.02899506694855532,0.05737704918032787,0.1197793298578011,Low Value,0.6335960753774639,691,High Priority,Complimentary Tech Support,20,0.15,90.36523734848484,70.36523734848484,3.518261867424242,640,21640
687,42,Male,24,50.19,One-Year,No Internet,1204.56,No,Yes,1,Expected Range,Expected Range,35-44,13-24 Months,Moderate,602.28,50.19,602.28,Developing,0.9968888888888888,Critical,50.033853333333326,600.4062399999999,0.22443308136949758,0.09701479915433403,0.19672131147540983,0.1729087401206684,Moderate Value,0.6672968293816006,546,High Priority,Complimentary Tech Support,20,0.15,90.06093599999998,70.06093599999998,3.503046799999999,641,21660
808,40,Female,11,45.72,Month-to-Month,No Internet,502.92,No,Yes,1,Expected Range,Expected Range,35-44,7-12 Months,Low,548.64,45.72,548.64,Developing,1.0,Critical,45.72,548.64,0.174744330813695,0.04050498338870432,0.09016393442622951,0.1066154601180819,Low Value,0.6426461840472327,656,High Priority,Contract Upgrade Offer,40,0.2,109.72800000000001,69.72800000000001,1.7432000000000003,642,21700
326,32,Male,44,49.85,One-Year,No Internet,2193.4,No,Yes,1,Expected Range,Expected Range,25-34,25-48 Months,Low,598.2,49.85,598.2,Established,0.9968888888888888,Critical,49.69491111111111,596.3389333333333,0.22065362383281462,0.17665559246954596,0.36065573770491804,0.24025484132369646,Moderate Value,0.6942352698628119,438,High Priority,Complimentary Tech Support,20,0.15,89.45084,69.45084,3.472542,643,21720
836,47,Male,34,49.61,One-Year,No Internet,1686.74,No,Yes,1,Expected Range,Expected Range,45-54,25-48 Months,Low,595.3199999999999,49.61,595.3199999999999,Established,1.0,Critical,49.61,595.3199999999999,0.21798577145397957,0.13584939091915835,0.27868852459016397,0.20441372655083823,Moderate Value,0.6817654906203353,495,High Priority,Complimentary Tech Support,20,0.15,89.29799999999999,69.29799999999999,3.464899999999999,644,21740
381,36,Male,9,45.61,Month-to-Month,Fiber Optic,410.49,Yes,Yes,1,Expected Range,Expected Range,35-44,7-12 Months,Low,547.3199999999999,45.61,547.3199999999999,Developing,0.9983720930232558,Critical,45.535751162790696,546.4290139534884,0.17352156514006223,0.03306070673512534,0.07377049180327869,0.09942249636413844,Low Value,0.6387922543596088,676,High Priority,Contract Upgrade Offer,40,0.2,109.28580279069769,69.28580279069769,1.732145069767442,645,21780
503,31,Male,79,45.53,Month-to-Month,No Internet,3596.87,No,Yes,1,Expected Range,Expected Range,25-34,73+ Months,Low,546.36,45.53,546.36,Loyal,1.0,Critical,45.53,546.36,0.17263228101378392,0.2896905265277358,0.6475409836065574,0.3323298425918605,High Value,0.7329319370367442,257,High Priority,Contract Upgrade Offer,40,0.2,109.272,69.272,1.7318000000000002,646,21820
398,58,Male,12,51.1,One-Year,Fiber Optic,613.2,No,Yes,1,Expected Range,Expected Range,55-64,7-12 Months,Moderate,613.2,51.1,613.2,Developing,0.9685055052160315,Critical,49.490631316539215,593.8875757984706,0.2345486883059138,0.049386892177589854,0.09836065573770492,0.1356950515189482,Low Value,0.6353813237371981,683,High Priority,Complimentary Tech Support,20,0.15,89.08313636977059,69.08313636977059,3.454156818488529,647,21840
55,55,Female,20,49.34,One-Year,No Internet,986.8,No,Yes,1,Expected Range,Expected Range,55-64,13-24 Months,Low,592.08,49.34,592.08,Developing,1.0,Critical,49.34,592.08,0.21498443752779017,0.07947649249974831,0.1639344262295082,0.15479415394340504,Low Value,0.661917661577362,573,High Priority,Complimentary Tech Support,20,0.15,88.812,68.812,3.4406,648,21860
428,51,Male,12,46.72,Month-to-Month,DSL,560.64,Yes,Yes,1,Expected Range,Expected Range,45-54,7-12 Months,Low,560.64,46.72,560.64,Developing,0.9701713549213548,Critical,45.326405701925694,543.9168684231083,0.18586038239217428,0.04515372999093929,0.09836065573770492,0.1147381223881247,Low Value,0.6279980619080627,709,High Priority,Contract Upgrade Offer,40,0.2,108.78337368462167,68.78337368462167,1.7195843421155417,649,21900
270,46,Male,6,95.25,Two-Year,DSL,571.5,Yes,Yes,1,Expected Range,Expected Range,45-54,0-6 Months,High,1143.0,95.25,1143.0,New,0.8601172432489063,Critical,81.92616741945832,983.1140090334999,0.7253223654957759,0.04602839021443673,0.04918032786885246,0.3185339647405763,High Value,0.6434839318455743,652,High Priority,New Customer Onboarding Call,10,0.08,78.64912072268,68.64912072268,6.864912072268,650,21910
724,52,Female,30,50.7,Two-Year,DSL,1521.0,No,Yes,1,Expected Range,Expected Range,45-54,25-48 Months,Moderate,608.4000000000001,50.7,608.4000000000001,Established,0.9696386183261184,Critical,49.160677949134204,589.9281353896105,0.23010226767452213,0.12250075505889459,0.24590163934426232,0.19639158117648756,Moderate Value,0.660339803466266,580,High Priority,Complimentary Tech Support,20,0.15,88.48922030844157,68.48922030844157,3.4244610154220787,651,21930
160,51,Female,2,45.06,Month-to-Month,DSL,90.12,Yes,Yes,1,Expected Range,Expected Range,45-54,0-6 Months,Low,540.72,45.06,540.72,New,1.0,Critical,45.06,540.72,0.16740773677189869,0.0072582301419510725,0.01639344262295082,0.07360183591418007,Low Value,0.629440734365672,706,High Priority,Contract Upgrade Offer,40,0.2,108.144,68.144,1.7036000000000002,652,21970
688,41,Female,33,50.35,Two-Year,DSL,1661.55,No,Yes,1,Expected Range,Expected Range,35-44,25-48 Months,Moderate,604.2,50.35,604.2,Established,0.9695565476190476,Critical,48.81717217261905,585.8060660714286,0.2262116496220543,0.1338205980066445,0.27049180327868855,0.20494481997081943,Moderate Value,0.6637118565597564,563,High Priority,Complimentary Tech Support,20,0.15,87.87090991071429,67.87090991071429,3.3935454955357143,653,21990
549,48,Female,17,44.51,Month-to-Month,No Internet,756.67,No,Yes,1,Expected Range,Expected Range,45-54,13-24 Months,Low,534.12,44.51,534.12,Developing,1.0,Critical,44.51,534.12,0.16129390840373503,0.06094191080237591,0.13934426229508198,0.1206832977160961,Low Value,0.6482733190864384,630,High Priority,Contract Upgrade Offer,40,0.2,106.82400000000001,66.82400000000001,1.6706000000000003,654,22030
576,22,Male,58,46.36,Month-to-Month,DSL,2688.88,Yes,Yes,1,Expected Range,Expected Range,Under 25,49-72 Months,Low,556.3199999999999,46.36,556.3199999999999,Loyal,0.9594330881830202,Critical,44.479317968164814,533.7518156179777,0.18185860382392183,0.21656136111950067,0.4754098360655738,0.2673923769377874,Moderate Value,0.6826168036849272,488,High Priority,Contract Upgrade Offer,40,0.2,106.75036312359555,66.75036312359555,1.6687590780898887,655,22070
636,28,Female,21,46.31,Month-to-Month,Fiber Optic,972.51,Yes,Yes,1,Expected Range,Expected Range,25-34,13-24 Months,Low,555.72,46.31,555.72,Developing,0.9604243203426851,Critical,44.47725027506975,533.7270033008369,0.18130280124499787,0.07832558139534883,0.1721311475409836,0.14296786087161714,Low Value,0.633441736554258,692,High Priority,Contract Upgrade Offer,40,0.2,106.74540066016739,66.74540066016739,1.6686350165041848,656,22110
754,55,Male,6,48.14,One-Year,No Internet,288.84000000000003,No,Yes,1,Expected Range,Expected Range,55-64,0-6 Months,Low,577.6800000000001,48.14,577.6800000000001,New,1.0,Critical,48.14,577.6800000000001,0.20164517563361495,0.023263062518876474,0.04918032786885246,0.10109522410226586,Low Value,0.6404380896409063,667,High Priority,Complimentary Tech Support,20,0.15,86.652,66.652,3.3326000000000002,657,22130
52,41,Male,8,48.2,One-Year,DSL,385.6,No,Yes,1,Expected Range,Expected Range,35-44,7-12 Months,Low,578.4000000000001,48.2,578.4000000000001,Developing,0.9969811320754718,Critical,48.05449056603774,576.6538867924529,0.20231213872832376,0.0310560757072385,0.06557377049180328,0.10818792461181381,Low Value,0.6414638490900086,660,High Priority,Complimentary Tech Support,20,0.15,86.49808301886793,66.49808301886793,3.3249041509433965,658,22150
875,44,Female,21,45.92,Month-to-Month,DSL,964.32,Yes,Yes,1,Expected Range,Expected Range,35-44,13-24 Months,Low,551.04,45.92,551.04,Developing,0.9644473866332646,Critical,44.28742399419951,531.4490879303941,0.17696754112939095,0.07766596194503171,0.1721311475409836,0.14100289001776337,Low Value,0.6350695879870641,685,High Priority,Contract Upgrade Offer,40,0.2,106.28981758607881,66.28981758607881,1.6572454396519702,659,22190
743,38,Male,1,89.35,One-Year,DSL,89.35,Yes,Yes,1,Expected Range,Expected Range,35-44,0-6 Months,High,1072.1999999999998,89.35,1072.1999999999998,New,0.8872955998876383,Critical,79.27986184996048,951.3583421995259,0.6597376611827479,0.0071962146380751026,0.00819672131147541,0.2684629199242943,High Value,0.6397625279023007,671,High Priority,New Customer Onboarding Call,10,0.08,76.10866737596207,66.10866737596207,6.610866737596207,660,22200
296,38,Female,32,45.79,Month-to-Month,Fiber Optic,1465.28,Yes,Yes,1,Expected Range,Expected Range,35-44,25-48 Months,Low,549.48,45.79,549.48,Established,0.9618424188064364,Critical,44.04276435714672,528.5131722857607,0.17552245442418857,0.11801308768750629,0.26229508196721313,0.1770873329521059,Moderate Value,0.6479403844647041,631,High Priority,Contract Upgrade Offer,40,0.2,105.70263445715214,65.70263445715214,1.6425658614288037,661,22240
732,35,Female,20,44.07,Month-to-Month,DSL,881.4,No,Yes,1,Expected Range,Expected Range,35-44,13-24 Months,Low,528.84,44.07,528.84,Developing,0.9989583333333333,Critical,44.02409375,528.289125,0.15640284570920415,0.07098761703412866,0.1639344262295082,0.12839041080300373,Low Value,0.6507311643212015,621,High Priority,Contract Upgrade Offer,40,0.2,105.657825,65.657825,1.641445625,662,22280
739,61,Female,6,44.06,Month-to-Month,Fiber Optic,264.36,Yes,Yes,1,Expected Range,Expected Range,55-64,0-6 Months,Low,528.72,44.06,528.72,New,0.9986666666666667,Critical,44.00125333333334,528.01504,0.15629168519341935,0.0212914527333132,0.04918032786885246,0.08226376450124048,Low Value,0.6321055058004962,695,High Priority,Contract Upgrade Offer,40,0.2,105.603008,65.603008,1.6400752,663,22320
185,42,Female,6,43.83,Month-to-Month,No Internet,262.98,No,Yes,1,Expected Range,Expected Range,35-44,0-6 Months,Low,525.96,43.83,525.96,New,1.0,Critical,43.83,525.96,0.15373499333036905,0.021180308064028996,0.04918032786885246,0.08120218712177088,Low Value,0.6324808748487083,693,High Priority,Contract Upgrade Offer,40,0.2,105.19200000000001,65.19200000000001,1.6298000000000001,664,22360
708,62,Male,19,43.85,Month-to-Month,Fiber Optic,833.15,No,Yes,1,Expected Range,Expected Range,55-64,13-24 Months,Low,526.2,43.85,526.2,Developing,0.9949874686716792,Critical,43.630200501253135,523.5624060150376,0.1539573143619387,0.06710158058995268,0.1557377049180328,0.12400290518076712,Low Value,0.6465936432753143,637,High Priority,Contract Upgrade Offer,40,0.2,104.71248120300753,64.71248120300753,1.6178120300751881,665,22400
435,60,Male,27,43.54,Month-to-Month,No Internet,1175.58,No,Yes,1,Expected Range,Expected Range,55-64,25-48 Months,Low,522.48,43.54,522.48,Established,1.0,Critical,43.54,522.48,0.15051133837261005,0.09468076109936574,0.2213114754098361,0.14867067058628106,Low Value,0.6594682682345124,586,High Priority,Contract Upgrade Offer,40,0.2,104.49600000000001,64.49600000000001,1.6124000000000003,666,22440
47,40,Female,1,86.92,Two-Year,DSL,86.92,Yes,Yes,1,Expected Range,Expected Range,35-44,0-6 Months,High,1043.04,86.92,1043.04,New,0.8910679784493366,Critical,77.45162868681633,929.4195442417961,0.6327256558470432,0.0070005033725963955,0.00819672131147541,0.25758961884709486,Moderate Value,0.6376766346084399,678,High Priority,New Customer Onboarding Call,10,0.08,74.35356353934368,64.35356353934368,6.435356353934369,667,22450
152,48,Female,4,94.36,One-Year,Fiber Optic,377.44,Yes,Yes,1,Expected Range,Expected Range,45-54,0-6 Months,High,1132.32,94.36,1132.32,New,0.8205302444984846,Critical,77.42523387087701,929.1028064505241,0.7154290795909295,0.030398872445384074,0.03278688524590164,0.30500795850373164,High Value,0.6143213301005833,764,High Priority,New Customer Onboarding Call,10,0.08,74.32822451604193,64.32822451604193,6.432822451604193,668,22460
37,47,Male,18,45.29,Month-to-Month,DSL,815.22,Yes,Yes,1,Expected Range,Expected Range,45-54,13-24 Months,Low,543.48,45.29,543.48,Developing,0.9584032546593373,Critical,43.406083403521386,520.8730008422566,0.16996442863494887,0.06565750528541227,0.14754098360655737,0.1278511442055132,Low Value,0.6261824104778076,716,High Priority,Contract Upgrade Offer,40,0.2,104.17460016845132,64.17460016845132,1.604365004211283,669,22500
230,51,Male,6,43.25,Month-to-Month,DSL,259.5,No,Yes,1,Expected Range,Expected Range,45-54,0-6 Months,Low,519.0,43.25,519.0,New,1.0,Critical,43.25,519.0,0.1472876834148511,0.020900030202355785,0.04918032786885246,0.07852516590397808,Low Value,0.6314100663615912,696,High Priority,Contract Upgrade Offer,40,0.2,103.80000000000001,63.80000000000001,1.5950000000000002,670,22540
247,40,Female,37,43.22,Month-to-Month,No Internet,1599.14,No,Yes,1,Expected Range,Expected Range,35-44,25-48 Months,Low,518.64,43.22,518.64,Established,1.0,Critical,43.22,518.64,0.1469542018674967,0.1287941206080741,0.30327868852459017,0.17967929509097216,Moderate Value,0.6718717180363889,531,High Priority,Contract Upgrade Offer,40,0.2,103.72800000000001,63.72800000000001,1.5932000000000002,671,22580
601,52,Female,15,43.18,Month-to-Month,No Internet,647.7,No,Yes,1,Expected Range,Expected Range,45-54,13-24 Months,Low,518.16,43.18,518.16,Developing,1.0,Critical,43.18,518.16,0.14650955980435754,0.05216550890969496,0.12295081967213116,0.10759945695816904,Low Value,0.6430397827832676,654,High Priority,Contract Upgrade Offer,40,0.2,103.632,63.632000000000005,1.5908000000000002,672,22620
259,49,Male,1,42.97,Month-to-Month,No Internet,42.97,No,Yes,1,Expected Range,Expected Range,45-54,0-6 Months,Low,515.64,42.97,515.64,New,1.0,Critical,42.97,515.64,0.14417518897287684,0.003460787274740763,0.00819672131147541,0.060930531463178866,Low Value,0.6243722125852715,724,High Priority,Contract Upgrade Offer,40,0.2,103.128,63.128,1.5782,673,22660
34,34,Female,1,90.4,Two-Year,Fiber Optic,90.4,Yes,Yes,1,Expected Range,Expected Range,25-34,0-6 Months,High,1084.8000000000002,90.4,1084.8000000000002,New,0.8412430948263129,Critical,76.04837577229868,912.5805092675841,0.6714095153401514,0.007280781234269606,0.00819672131147541,0.27316125989592377,High Value,0.6140103608541572,768,High Priority,New Customer Onboarding Call,10,0.08,73.00644074140673,63.006440741406735,6.300644074140673,674,22670
316,45,Female,0,42.87,Month-to-Month,Fiber Optic,0.0,No,Yes,1,Expected Range,Expected Range,45-54,0-6 Months,Low,514.4399999999999,42.87,514.4399999999999,New,1.0,Critical,42.87,514.4399999999999,0.14306358381502893,0.0,0.0,0.057225433526011574,Low Value,0.6228901734104046,733,High Priority,Contract Upgrade Offer,40,0.2,102.88799999999999,62.88799999999999,1.5721999999999998,675,22710
126,66,Female,0,86.14,Two-Year,Fiber Optic,0.0,Yes,Yes,1,Expected Range,Expected Range,65+,0-6 Months,High,1033.68,86.14,1033.68,New,0.8778479687087164,Critical,75.61782402456883,907.4138882948259,0.6240551356158294,0.0,0.0,0.24962205424633177,Moderate Value,0.6265576029237625,715,High Priority,New Customer Onboarding Call,10,0.08,72.59311106358608,62.59311106358608,6.2593111063586075,676,22720
67,44,Female,6,92.31,One-Year,Fiber Optic,553.86,Yes,Yes,1,Expected Range,Expected Range,35-44,0-6 Months,High,1107.72,92.31,1107.72,New,0.8178513312403269,Critical,75.49585638679459,905.9502766415351,0.6926411738550469,0.044607671398369075,0.04918032786885246,0.30496423649866106,High Value,0.6126964933436606,776,High Priority,New Customer Onboarding Call,10,0.08,72.47602213132281,62.47602213132281,6.24760221313228,677,22730
294,53,Female,25,47.68,One-Year,Fiber Optic,1192.0,No,Yes,1,Expected Range,Expected Range,45-54,25-48 Months,Low,572.16,47.68,572.16,Established,0.9600506390590425,Critical,45.77521447033515,549.3025736440218,0.19653179190751446,0.09600322158461694,0.20491803278688525,0.16344335251434303,Moderate Value,0.6414077244411627,661,High Priority,Complimentary Tech Support,20,0.15,82.39538604660326,62.395386046603264,3.1197693023301634,678,22750
729,39,Male,1,90.58,Two-Year,DSL,90.58,Yes,Yes,1,Expected Range,Expected Range,35-44,0-6 Months,High,1086.96,90.58,1086.96,New,0.8296912871019095,Critical,75.15343678569097,901.8412414282916,0.6734104046242775,0.007295278365045807,0.00819672131147541,0.27396668960534587,High Value,0.607401448103284,793,High Priority,New Customer Onboarding Call,10,0.08,72.14729931426334,62.147299314263336,6.214729931426334,679,22760
577,47,Female,44,44.11,Month-to-Month,Fiber Optic,1940.84,Yes,Yes,1,Expected Range,Expected Range,45-54,25-48 Months,Low,529.3199999999999,44.11,529.3199999999999,Established,0.9640140133332942,Critical,42.5226581281316,510.2718975375792,0.1568474877723433,0.15631450719822812,0.36065573770491804,0.20761300705454666,Moderate Value,0.6614536108217952,576,High Priority,Contract Upgrade Offer,40,0.2,102.05437950751585,62.05437950751585,1.5513594876878962,680,22800
773,51,Male,5,90.65,Two-Year,DSL,453.25,Yes,Yes,1,Expected Range,Expected Range,45-54,0-6 Months,High,1087.8000000000002,90.65,1087.8000000000002,New,0.8278335475392228,Critical,75.04311108443055,900.5173330131665,0.6741885282347713,0.0365045806906272,0.04098360655737705,0.2926979161749723,High Value,0.6137792949935226,769,High Priority,New Customer Onboarding Call,10,0.08,72.04138664105332,62.04138664105332,6.204138664105332,681,22810
324,65,Female,7,45.76,Two-Year,DSL,320.32,No,Yes,1,Expected Range,Expected Range,65+,7-12 Months,Low,549.12,45.76,549.12,Developing,0.9943247863247863,Critical,45.50030222222222,546.0036266666666,0.17518897287683421,0.025798449612403098,0.05737704918032787,0.09344930881015674,Low Value,0.6339745953189344,688,High Priority,Complimentary Tech Support,20,0.15,81.90054399999998,61.90054399999998,3.095027199999999,682,22830
886,63,Male,6,90.53,Two-Year,DSL,543.1800000000001,Yes,Yes,1,Expected Range,Expected Range,55-64,0-6 Months,High,1086.3600000000001,90.53,1086.3600000000001,New,0.826386528763581,Critical,74.81277244896698,897.7532693876037,0.6728546020453536,0.043747508305647845,0.04918032786885246,0.29674855069233136,High Value,0.6145313375350812,763,High Priority,New Customer Onboarding Call,10,0.08,71.8202615510083,61.8202615510083,6.18202615510083,683,22840
637,53,Female,1,86.05,Two-Year,DSL,86.05,Yes,Yes,1,Expected Range,Expected Range,45-54,0-6 Months,High,1032.6,86.05,1032.6,New,0.8666968697389575,Critical,74.5792656410373,894.9511876924475,0.6230546909737662,0.006930433907178093,0.00819672131147541,0.25369670858488763,Moderate Value,0.6214968052773295,738,High Priority,New Customer Onboarding Call,10,0.08,71.5960950153958,61.596095015395804,6.15960950153958,684,22850
256,40,Female,2,42.34,Month-to-Month,Fiber Optic,84.68,Yes,Yes,1,Expected Range,Expected Range,35-44,0-6 Months,Low,508.08000000000004,42.34,508.08000000000004,New,0.9975203252032521,Critical,42.2350105691057,506.82012682926836,0.13717207647843493,0.006820094634048123,0.01639344262295082,0.06135422436902852,Low Value,0.6230538848695626,730,High Priority,Contract Upgrade Offer,40,0.2,101.36402536585368,61.36402536585368,1.534100634146342,685,22890
581,48,Female,13,45.14,One-Year,No Internet,586.82,No,Yes,1,Expected Range,Expected Range,45-54,13-24 Months,Low,541.6800000000001,45.14,541.6800000000001,Developing,1.0,Critical,45.14,541.6800000000001,0.168297020898177,0.047262257122722244,0.10655737704918034,0.11049994261451868,Low Value,0.6441999770458074,650,High Priority,Complimentary Tech Support,20,0.15,81.25200000000001,61.25200000000001,3.0626000000000007,686,22910
59,48,Female,25,46.91,One-Year,Fiber Optic,1172.75,No,Yes,1,Expected Range,Expected Range,45-54,25-48 Months,Low,562.92,46.91,562.92,Established,0.9605581331467138,Critical,45.05978202591234,540.7173843109481,0.18797243219208537,0.09445283398771771,0.20491803278688525,0.15947697296925667,Moderate Value,0.6401256690757309,669,High Priority,Complimentary Tech Support,20,0.15,81.10760764664221,61.10760764664221,3.0553803823321104,687,22930
336,43,Male,24,43.68,Month-to-Month,Fiber Optic,1048.32,Yes,Yes,1,Expected Range,Expected Range,35-44,13-24 Months,Low,524.16,43.68,524.16,Developing,0.9634840860092146,Critical,42.084984876882494,505.01981852258996,0.15206758559359718,0.08443128964059196,0.19672131147540983,0.13955831348049852,Low Value,0.6339137769977281,689,High Priority,Contract Upgrade Offer,40,0.2,101.003963704518,61.003963704518,1.52509909261295,688,22970
977,40,Female,25,43.63,Month-to-Month,DSL,1090.75,Yes,Yes,1,Expected Range,Expected Range,35-44,25-48 Months,Low,523.5600000000001,43.63,523.5600000000001,Established,0.9636577986377943,Critical,42.04438975456697,504.5326770548037,0.15151178301467327,0.08784858552300412,0.20491803278688525,0.14258122633564208,Low Value,0.6352271697169334,684,High Priority,Contract Upgrade Offer,40,0.2,100.90653541096074,60.90653541096074,1.5226633852740186,689,23010
559,48,Female,2,89.56,One-Year,Fiber Optic,179.12,Yes,Yes,1,Expected Range,Expected Range,45-54,0-6 Months,High,1074.72,89.56,1074.72,New,0.8245033809168673,Critical,73.84252279491463,886.1102735389755,0.6620720320142287,0.014426255914628008,0.01639344262295082,0.273976363031549,High Value,0.6042925737627399,801,High Priority,New Customer Onboarding Call,10,0.08,70.88882188311804,60.88882188311804,6.088882188311804,690,23020
787,53,Male,4,86.28,Two-Year,Fiber Optic,345.12,Yes,Yes,1,Expected Range,Expected Range,45-54,0-6 Months,High,1035.3600000000001,86.28,1035.3600000000001,New,0.8535680860312493,Critical,73.6458544627762,883.7502535533145,0.6256113828368165,0.02779583207490184,0.03278688524590164,0.26816981567241766,High Value,0.6194087778877166,745,High Priority,New Customer Onboarding Call,10,0.08,70.70002028426516,60.700020284265165,6.070002028426517,691,23030
985,44,Male,12,44.64,Two-Year,No Internet,535.6800000000001,No,Yes,1,Expected Range,Expected Range,35-44,7-12 Months,Low,535.6800000000001,44.64,535.6800000000001,Developing,0.9985714285714286,Critical,44.57622857142857,534.9147428571429,0.16273899510893736,0.04314346118997282,0.09836065573770492,0.10478597339449165,Low Value,0.6410572465006538,664,High Priority,Complimentary Tech Support,20,0.15,80.23721142857143,60.23721142857143,3.0118605714285716,692,23050
116,48,Male,3,41.71,Month-to-Month,DSL,125.13,Yes,Yes,1,Expected Range,Expected Range,45-54,0-6 Months,Low,500.52,41.71,500.52,New,1.0,Critical,41.71,500.52,0.1301689639839929,0.010077922077922078,0.02459016393442623,0.061742399304476454,Low Value,0.6246969597217905,723,High Priority,Contract Upgrade Offer,40,0.2,100.104,60.104,1.5026,693,23090
433,42,Female,5,44.65,One-Year,DSL,223.25,No,Yes,1,Expected Range,Expected Range,35-44,0-6 Months,Low,535.8,44.65,535.8,New,0.9966666666666667,Critical,44.50116666666667,534.014,0.1628501556247221,0.01798046914325984,0.04098360655737705,0.08167912808937405,Low Value,0.6306716512357496,701,High Priority,Complimentary Tech Support,20,0.15,80.1021,60.10209999999999,3.0051049999999995,694,23110
82,48,Female,31,46.9,Two-Year,Fiber Optic,1453.9,No,Yes,1,Expected Range,Expected Range,45-54,25-48 Months,Low,562.8,46.9,562.8,Established,0.9461873096039765,Critical,44.376184820426495,532.514217845118,0.18786127167630062,0.11709654686398872,0.2540983606557377,0.17965289023685072,Moderate Value,0.6395735418571261,674,High Priority,Complimentary Tech Support,20,0.15,79.87713267676769,59.87713267676769,2.9938566338383845,695,23130
169,42,Female,19,46.14,One-Year,DSL,876.66,No,Yes,1,Expected Range,Expected Range,35-44,13-24 Months,Low,553.6800000000001,46.14,553.6800000000001,Developing,0.9596237353138561,Critical,44.27703914738132,531.3244697685759,0.1794130724766564,0.07060585925702205,0.1557377049180328,0.13541170596012847,Low Value,0.629938923572365,703,High Priority,Complimentary Tech Support,20,0.15,79.69867046528638,59.69867046528638,2.9849335232643193,696,23150
372,49,Female,21,44.46,Two-Year,No Internet,933.66,No,Yes,1,Expected Range,Expected Range,45-54,13-24 Months,Low,533.52,44.46,533.52,Developing,0.9946666666666666,Critical,44.222879999999996,530.6745599999999,0.16073810582481107,0.07519661733615221,0.1721311475409836,0.1336468452828236,Low Value,0.6502587381131293,623,High Priority,Complimentary Tech Support,20,0.15,79.60118399999999,59.60118399999999,2.9800591999999995,697,23170
771,52,Male,0,41.34,Month-to-Month,Fiber Optic,0.0,Yes,Yes,1,Expected Range,Expected Range,45-54,0-6 Months,Low,496.08000000000004,41.34,496.08000000000004,New,0.9975203252032521,Critical,41.23749024390244,494.8498829268293,0.1260560248999556,0.0,0.0,0.05042240995998224,Low Value,0.6186811591059441,748,High Priority,Contract Upgrade Offer,40,0.2,98.96997658536587,58.96997658536587,1.4742494146341467,698,23210
48,55,Female,8,44.08,Two-Year,DSL,352.64,No,Yes,1,Expected Range,Expected Range,55-64,7-12 Months,Low,528.96,44.08,528.96,Developing,0.9943247863247863,Critical,43.829836581196574,525.9580389743589,0.1565140062249889,0.02840148998288533,0.06557377049180328,0.08893956660695626,Low Value,0.6321706984376542,694,High Priority,Complimentary Tech Support,20,0.15,78.89370584615384,58.893705846153836,2.9446852923076916,699,23230
990,45,Male,1,83.57,One-Year,Fiber Optic,83.57,Yes,Yes,1,Expected Range,Expected Range,45-54,0-6 Months,High,1002.8399999999999,83.57,1002.8399999999999,New,0.8577362428081526,Critical,71.6810178114773,860.1722137377276,0.5954868830591374,0.0067306956609282185,0.00819672131147541,0.2425996770328487,Moderate Value,0.611681616498031,782,High Priority,New Customer Onboarding Call,10,0.08,68.81377709901821,58.81377709901821,5.881377709901821,700,23240
839,54,Female,4,83.41,Two-Year,DSL,333.64,Yes,Yes,1,Expected Range,Expected Range,45-54,0-6 Months,High,1000.92,83.41,1000.92,New,0.8587152032572908,Critical,71.62543510369062,859.5052212442874,0.5937083148065807,0.026871237289841938,0.03278688524590164,0.2550849802855524,Moderate Value,0.6172631140685954,753,High Priority,New Customer Onboarding Call,10,0.08,68.760417699543,58.760417699543,5.8760417699543,701,23250
653,42,Male,9,44.67,Two-Year,Fiber Optic,402.03,No,Yes,1,Expected Range,Expected Range,35-44,7-12 Months,Low,536.04,44.67,536.04,Developing,0.9785903880070547,Critical,43.713632632275136,524.5635915873016,0.16307247665629176,0.03237934158864391,0.07377049180327869,0.09500438316936174,Low Value,0.6251559860719774,720,High Priority,Complimentary Tech Support,20,0.15,78.68453873809524,58.68453873809524,2.934226936904762,702,23270
665,37,Male,4,81.66,One-Year,Fiber Optic,326.64,Yes,Yes,1,Expected Range,Expected Range,35-44,0-6 Months,High,979.92,81.66,979.92,New,0.8758058235428998,Critical,71.5183035505132,858.2196426061583,0.5742552245442419,0.026307459981878584,0.03278688524590164,0.2471064221228297,Moderate Value,0.6243260629748718,725,High Priority,New Customer Onboarding Call,10,0.08,68.65757140849267,58.65757140849267,5.865757140849267,703,23280
33,44,Female,20,42.63,Month-to-Month,Fiber Optic,852.6,Yes,Yes,1,Expected Range,Expected Range,35-44,13-24 Months,Low,511.56000000000006,42.63,511.56000000000006,Developing,0.9640871903118462,Critical,41.099036922994,493.18844307592803,0.14039573143619394,0.06866807610993658,0.1639344262295082,0.12117572577033243,Low Value,0.6269226044952407,713,High Priority,Contract Upgrade Offer,40,0.2,98.63768861518561,58.63768861518561,1.4659422153796402,704,23320
305,44,Male,19,42.71,Month-to-Month,DSL,811.49,Yes,Yes,1,Expected Range,Expected Range,35-44,13-24 Months,Low,512.52,42.71,512.52,Developing,0.9589771048252926,Critical,40.95791214708825,491.494945765059,0.14128501556247225,0.06535709251988321,0.1557377049180328,0.11832341483645623,Low Value,0.6227156288297581,735,High Priority,Contract Upgrade Offer,40,0.2,98.2989891530118,58.2989891530118,1.4574747288252952,705,23360
504,50,Male,4,81.12,One-Year,DSL,324.48,Yes,Yes,1,Expected Range,Expected Range,45-54,0-6 Months,High,973.44,81.12,973.44,New,0.8723503156363777,Critical,70.76505760442296,849.1806912530756,0.5682525566918631,0.02613349441256418,0.03278688524590164,0.24464446703261813,Moderate Value,0.6212679761948738,741,High Priority,New Customer Onboarding Call,10,0.08,67.93445530024604,57.93445530024604,5.793445530024604,706,23370
465,43,Male,3,40.79,Month-to-Month,No Internet,122.37,No,Yes,1,Expected Range,Expected Range,35-44,0-6 Months,Low,489.48,40.79,489.48,New,1.0,Critical,40.79,489.48,0.11994219653179194,0.00985563273935367,0.02459016393442623,0.05757389105509712,Low Value,0.6230295564220388,732,High Priority,Contract Upgrade Offer,40,0.2,97.89600000000002,57.896000000000015,1.4474000000000005,707,23410
493,45,Male,60,40.68,Month-to-Month,No Internet,2440.8,No,Yes,1,Expected Range,Expected Range,45-54,49-72 Months,Low,488.15999999999997,40.68,488.15999999999997,Loyal,1.0,Critical,40.68,488.15999999999997,0.11871943085815923,0.19658109332527937,0.49180327868852464,0.23924197467924263,Moderate Value,0.695696789871697,433,High Priority,Contract Upgrade Offer,40,0.2,97.632,57.632000000000005,1.4408,708,23450
846,49,Female,50,42.11,Month-to-Month,Fiber Optic,2105.5,Yes,Yes,1,Expected Range,Expected Range,45-54,49-72 Months,Low,505.32,42.11,505.32,Loyal,0.9644468721411531,Critical,40.61285778586396,487.35429343036753,0.13461538461538464,0.16957616027383468,0.4098360655737705,0.21565682633543862,Moderate Value,0.6649308538188673,558,High Priority,Contract Upgrade Offer,40,0.2,97.47085868607351,57.47085868607351,1.436771467151838,709,23490
306,46,Male,1,81.38,One-Year,Fiber Optic,81.38,Yes,Yes,1,Expected Range,Expected Range,45-54,0-6 Months,High,976.56,81.38,976.56,New,0.862110515960015,Critical,70.15855378882601,841.9026454659122,0.5711427301022677,0.006554313903151112,0.00819672131147541,0.23280028223487884,Moderate Value,0.6103864224699604,787,High Priority,New Customer Onboarding Call,10,0.08,67.35221163727297,57.35221163727297,5.735221163727298,710,23500
542,33,Male,0,40.68,Month-to-Month,Fiber Optic,0.0,Yes,Yes,1,Expected Range,Expected Range,25-34,0-6 Months,Low,488.15999999999997,40.68,488.15999999999997,New,0.9970387596899225,Critical,40.55953674418605,486.71444093023257,0.11871943085815923,0.0,0.0,0.04748777234326369,Low Value,0.617218364751259,754,High Priority,Contract Upgrade Offer,40,0.2,97.34288818604652,57.34288818604652,1.433572204651163,711,23540
474,58,Male,22,40.49,Month-to-Month,No Internet,890.7800000000001,No,Yes,1,Expected Range,Expected Range,55-64,13-24 Months,Low,485.88,40.49,485.88,Developing,1.0,Critical,40.49,485.88,0.11660738105824814,0.07174307862679956,0.18032786885245902,0.11683499715579385,Low Value,0.6467339988623175,636,High Priority,Contract Upgrade Offer,40,0.2,97.176,57.176,1.4294,712,23580
556,40,Female,5,40.47,Month-to-Month,No Internet,202.35,No,Yes,1,Expected Range,Expected Range,35-44,0-6 Months,Low,485.64,40.47,485.64,New,1.0,Critical,40.47,485.64,0.11638506002667853,0.01629719118091211,0.04098360655737705,0.06250394256333491,Low Value,0.625001577025334,721,High Priority,Contract Upgrade Offer,40,0.2,97.128,57.128,1.4282,713,23620
855,59,Male,19,40.64,Month-to-Month,Fiber Optic,772.16,No,Yes,1,Expected Range,Expected Range,55-64,13-24 Months,Low,487.68,40.64,487.68,Developing,0.9949874686716792,Critical,40.43629072681704,485.2354887218045,0.11827478879502007,0.0621894694452834,0.1557377049180328,0.10801065605336542,Low Value,0.6401967436243536,668,High Priority,Contract Upgrade Offer,40,0.2,97.0470977443609,57.0470977443609,1.4261774436090224,714,23660
174,48,Female,15,45.28,Two-Year,Fiber Optic,679.2,No,Yes,1,Expected Range,Expected Range,45-54,13-24 Months,Low,543.36,45.28,543.36,Developing,0.9441138559801023,Critical,42.74947539877903,512.9937047853484,0.16985326811916412,0.054702506795530056,0.12295081967213116,0.11782488954413398,Low Value,0.6135982694057149,771,High Priority,Complimentary Tech Support,20,0.15,76.94905571780227,56.94905571780227,2.8474527858901135,715,23680
965,44,Female,4,40.36,Month-to-Month,DSL,161.44,Yes,Yes,1,Expected Range,Expected Range,35-44,0-6 Months,Low,484.32,40.36,484.32,New,1.0,Critical,40.36,484.32,0.11516229435304581,0.013002315513943421,0.03278688524590164,0.058812449482573935,Low Value,0.6235249797930296,728,High Priority,Contract Upgrade Offer,40,0.2,96.864,56.864000000000004,1.4216000000000002,716,23720
676,37,Female,3,78.98,Two-Year,DSL,236.94,Yes,Yes,1,Expected Range,Expected Range,35-44,0-6 Months,High,947.76,78.98,947.76,New,0.8817516804771568,Critical,69.64074772408584,835.6889726890302,0.5444642063139175,0.019083056478405316,0.02459016393442623,0.23061229327661542,Moderate Value,0.6212959255969402,740,High Priority,New Customer Onboarding Call,10,0.08,66.85511781512241,56.85511781512241,5.685511781512242,717,23730
473,29,Male,13,44.8,One-Year,DSL,582.4,No,Yes,1,Expected Range,Expected Range,25-34,13-24 Months,Low,537.5999999999999,44.8,537.5999999999999,Developing,0.951079313583837,Critical,42.60835324855589,511.30023898267075,0.16451756336149398,0.04690627202255109,0.10655737704918034,0.10886356481478555,Low Value,0.6141930140762164,765,High Priority,Complimentary Tech Support,20,0.15,76.6950358474006,56.695035847400604,2.8347517923700303,718,23750
642,61,Female,17,44.42,One-Year,DSL,755.14,No,Yes,1,Expected Range,Expected Range,55-64,13-24 Months,Low,533.04,44.42,533.04,Developing,0.953385496072996,Critical,42.34938373556248,508.1926048267498,0.16029346376167192,0.06081868519077821,0.13934426229508198,0.12023999089521165,Low Value,0.6201272940018823,744,High Priority,Complimentary Tech Support,20,0.15,76.22889072401247,56.22889072401247,2.8114445362006237,719,23770
386,46,Female,36,41.29,Month-to-Month,Fiber Optic,1486.44,Yes,Yes,1,Expected Range,Expected Range,45-54,25-48 Months,Low,495.48,41.29,495.48,Established,0.9690237535930343,Critical,40.010990785856386,480.1318894302766,0.12550022232103158,0.11971730594986409,0.29508196721311475,0.16587163781414374,Moderate Value,0.647762907281478,633,High Priority,Contract Upgrade Offer,40,0.2,96.02637788605533,56.02637788605533,1.4006594471513831,720,23810
378,46,Female,4,40.04,Month-to-Month,Fiber Optic,160.16,Yes,Yes,1,Expected Range,Expected Range,45-54,0-6 Months,Low,480.48,40.04,480.48,New,0.9975203252032521,Critical,39.94071382113821,479.2885658536585,0.11160515784793246,0.012899224806201549,0.03278688524590164,0.057353513132818945,Low Value,0.6214536003750788,739,High Priority,Contract Upgrade Offer,40,0.2,95.8577131707317,55.8577131707317,1.3964428292682924,721,23850
791,49,Male,10,41.79,One-Year,No Internet,417.9,No,Yes,1,Expected Range,Expected Range,45-54,7-12 Months,Low,501.48,41.79,501.48,Developing,1.0,Critical,41.79,501.48,0.13105824811027128,0.03365750528541226,0.0819672131147541,0.08469522937269133,Low Value,0.6338780917490765,690,High Priority,Complimentary Tech Support,20,0.15,75.222,55.221999999999994,2.7611,722,23870
569,26,Female,11,39.53,Month-to-Month,No Internet,434.83,No,Yes,1,Expected Range,Expected Range,25-34,7-12 Months,Low,474.36,39.53,474.36,Developing,1.0,Critical,39.53,474.36,0.10593597154290801,0.03502104097452934,0.09016393442622951,0.07717273656480586,Low Value,0.6308690946259223,698,High Priority,Contract Upgrade Offer,40,0.2,94.87200000000001,54.872000000000014,1.3718000000000004,723,23910
891,53,Female,8,41.55,One-Year,No Internet,332.4,No,Yes,1,Expected Range,Expected Range,45-54,7-12 Months,Low,498.59999999999997,41.55,498.59999999999997,Developing,1.0,Critical,41.55,498.59999999999997,0.12839039573143618,0.026771368166717,0.06557377049180328,0.07711957977387625,Low Value,0.6308478319095505,699,High Priority,Complimentary Tech Support,20,0.15,74.78999999999999,54.78999999999999,2.7394999999999996,724,23930
490,53,Female,5,39.4,Month-to-Month,No Internet,197.0,No,Yes,1,Expected Range,Expected Range,45-54,0-6 Months,Low,472.79999999999995,39.4,472.79999999999995,New,1.0,Critical,39.4,472.79999999999995,0.10449088483770569,0.01586630423839726,0.04098360655737705,0.05759546205786559,Low Value,0.6230381848231462,731,High Priority,Contract Upgrade Offer,40,0.2,94.56,54.56,1.364,725,23970
293,39,Male,5,41.34,One-Year,No Internet,206.7,No,Yes,1,Expected Range,Expected Range,35-44,0-6 Months,Low,496.08000000000004,41.34,496.08000000000004,New,1.0,Critical,41.34,496.08000000000004,0.1260560248999556,0.01664753850800362,0.04098360655737705,0.06649495007712777,Low Value,0.6265979800308511,714,High Priority,Complimentary Tech Support,20,0.15,74.412,54.412000000000006,2.7206,726,23990
983,35,Female,8,41.41,Two-Year,No Internet,331.28,No,Yes,1,Expected Range,Expected Range,35-44,7-12 Months,Low,496.91999999999996,41.41,496.91999999999996,Developing,0.9979999999999999,Critical,41.32717999999999,495.92615999999987,0.1268341485104491,0.026681163797442866,0.06557377049180328,0.07646550935623547,Low Value,0.6293862037424941,707,High Priority,Complimentary Tech Support,20,0.15,74.38892399999997,54.388923999999975,2.719446199999999,727,24010
907,31,Male,4,41.3,One-Year,No Internet,165.2,No,Yes,1,Expected Range,Expected Range,25-34,0-6 Months,Low,495.59999999999997,41.3,495.59999999999997,New,1.0,Critical,41.3,495.59999999999997,0.1256113828368164,0.013305144467935164,0.03278688524590164,0.06309807500997927,Low Value,0.6252392300039917,719,High Priority,Complimentary Tech Support,20,0.15,74.33999999999999,54.33999999999999,2.7169999999999996,728,24030
770,63,Female,6,39.26,Month-to-Month,No Internet,235.56,No,Yes,1,Expected Range,Expected Range,55-64,0-6 Months,Low,471.12,39.26,471.12,New,1.0,Critical,39.26,471.12,0.10293463761671856,0.01897191180912111,0.04918032786885246,0.06010910614709293,Low Value,0.6240436424588371,727,High Priority,Contract Upgrade Offer,40,0.2,94.224,54.224000000000004,1.3556000000000001,729,24070
634,40,Male,9,40.83,Two-Year,No Internet,367.47,No,Yes,1,Expected Range,Expected Range,35-44,7-12 Months,Low,489.96,40.83,489.96,Developing,1.0,Critical,40.83,489.96,0.1203868385949311,0.02959589247961341,0.07377049180327869,0.0769559207566568,Low Value,0.6307823683026627,700,High Priority,Complimentary Tech Support,20,0.15,73.494,53.494,2.6747,730,24090
952,48,Female,10,40.84,Two-Year,No Internet,408.4,No,Yes,1,Expected Range,Expected Range,45-54,7-12 Months,Low,490.08000000000004,40.84,490.08000000000004,Developing,0.9979999999999999,Critical,40.75832,489.09984,0.12049799911071596,0.03289237893889056,0.0819672131147541,0.08020333555158661,Low Value,0.6308813342206345,697,High Priority,Complimentary Tech Support,20,0.15,73.364976,53.364976,2.6682487999999998,731,24110
254,55,Female,1,80.71,One-Year,DSL,80.71,Yes,Yes,1,Expected Range,Expected Range,55-64,0-6 Months,High,968.52,80.71,968.52,New,0.8148822890293448,Critical,65.76914954755841,789.229794570701,0.5636949755446865,0.006500352360817477,0.00819672131147541,0.2298022938720296,Moderate Value,0.5808502909664187,822,Medium Priority,New Customer Onboarding Call,10,0.08,63.13838356565608,53.13838356565608,5.313838356565608,732,24120
826,59,Female,5,77.29,Two-Year,DSL,386.4500000000001,Yes,Yes,1,Expected Range,Expected Range,55-64,0-6 Months,High,927.48,77.29,927.48,New,0.8465439883066643,Critical,65.42938485622209,785.152618274665,0.5256780791462874,0.031124534380348342,0.04098360655737705,0.23141072033098117,Moderate Value,0.600490681116391,808,High Priority,New Customer Onboarding Call,10,0.08,62.8122094619732,52.8122094619732,5.28122094619732,733,24130
872,37,Male,2,38.55,Month-to-Month,No Internet,77.1,No,Yes,1,Expected Range,Expected Range,35-44,0-6 Months,Low,462.59999999999997,38.55,462.59999999999997,New,1.0,Critical,38.55,462.59999999999997,0.09504224099599823,0.006209604349139232,0.01639344262295082,0.044288618576335724,Low Value,0.6177154474305343,750,High Priority,Contract Upgrade Offer,40,0.2,92.52,52.519999999999996,1.313,734,24170
562,65,Male,0,79.56,Two-Year,DSL,0.0,Yes,Yes,1,Expected Range,Expected Range,65+,0-6 Months,High,954.72,79.56,954.72,New,0.8132587695402336,Critical,64.70286770462099,776.4344124554518,0.5509115162294355,0.0,0.0,0.2203646064917742,Moderate Value,0.5761011043208498,831,Medium Priority,New Customer Onboarding Call,10,0.08,62.114752996436145,52.114752996436145,5.211475299643615,735,24180
32,63,Female,0,76.62,Two-Year,DSL,0.0,Yes,Yes,1,Expected Range,Expected Range,55-64,0-6 Months,High,919.44,76.62,919.44,New,0.8406428480239451,Critical,64.41005501559468,772.9206601871361,0.5182303245887062,0.0,0.0,0.2072921298354825,Moderate Value,0.58730256074856,816,Medium Priority,New Customer Onboarding Call,10,0.08,61.8336528149709,51.8336528149709,5.18336528149709,736,24190
83,59,Male,11,37.95,Month-to-Month,No Internet,417.4500000000001,No,Yes,1,Expected Range,Expected Range,55-64,7-12 Months,Low,455.40000000000003,37.95,455.40000000000003,Developing,1.0,Critical,37.95,455.40000000000003,0.08837261004891067,0.033621262458471766,0.09016393442622951,0.06965746948658677,Low Value,0.6278629877946347,710,High Priority,Contract Upgrade Offer,40,0.2,91.08000000000001,51.08000000000001,1.2770000000000004,737,24230
320,43,Female,2,37.83,Month-to-Month,No Internet,75.66,No,Yes,1,Expected Range,Expected Range,35-44,0-6 Months,Low,453.96,37.83,453.96,New,1.0,Critical,37.83,453.96,0.0870386838594931,0.006093627302929628,0.01639344262295082,0.04104660375556031,Low Value,0.6164186415022241,758,High Priority,Contract Upgrade Offer,40,0.2,90.792,50.792,1.2698,738,24270
502,64,Male,19,39.29,One-Year,No Internet,746.51,No,Yes,1,Expected Range,Expected Range,55-64,13-24 Months,Low,471.48,39.29,471.48,Developing,1.0,Critical,39.29,471.48,0.10326811916407297,0.06012362830967482,0.1557377049180328,0.10128494380352357,Low Value,0.6405139775214094,666,High Priority,Complimentary Tech Support,20,0.15,70.722,50.721999999999994,2.5361,739,24290
195,46,Male,6,37.61,Month-to-Month,DSL,225.66,Yes,Yes,1,Expected Range,Expected Range,45-54,0-6 Months,Low,451.32,37.61,451.32,New,1.0,Critical,37.61,451.32,0.08459315251222765,0.018174569616430082,0.04918032786885246,0.052493442337854704,Low Value,0.6209973769351419,742,High Priority,Contract Upgrade Offer,40,0.2,90.26400000000001,50.26400000000001,1.2566000000000002,740,24330
649,42,Female,28,39.02,One-Year,No Internet,1092.5600000000002,No,Yes,1,Expected Range,Expected Range,35-44,25-48 Months,Low,468.24,39.02,468.24,Established,1.0,Critical,39.02,468.24,0.10026678523788357,0.08799436222692038,0.22950819672131148,0.12828179005490342,Low Value,0.6513127160219614,618,High Priority,Complimentary Tech Support,20,0.15,70.236,50.236000000000004,2.5118,741,24350
337,36,Female,0,71.25,Two-Year,DSL,0.0,Yes,Yes,1,Expected Range,Expected Range,35-44,0-6 Months,Moderate,855.0,71.25,855.0,New,0.8798141772912014,Critical,62.6867601319981,752.2411215839772,0.45853712761227217,0.0,0.0,0.18341485104490887,Moderate Value,0.6012544467926844,807,High Priority,New Customer Onboarding Call,10,0.08,60.17928972671818,50.17928972671818,5.017928972671818,742,24360
866,41,Female,0,37.66,Month-to-Month,Fiber Optic,0.0,Yes,Yes,1,Expected Range,Expected Range,35-44,0-6 Months,Low,451.91999999999996,37.66,451.91999999999996,New,0.9975203252032521,Critical,37.56661544715447,450.7993853658536,0.08514895509115161,0.0,0.0,0.034059582036460645,Low Value,0.6121360279365354,780,High Priority,Contract Upgrade Offer,40,0.2,90.15987707317072,50.15987707317072,1.2539969268292679,743,24400
530,35,Female,37,37.62,Month-to-Month,Fiber Optic,1391.9399999999998,No,Yes,1,Expected Range,Expected Range,35-44,25-48 Months,Low,451.43999999999994,37.62,451.43999999999994,Established,0.9950661375661376,Critical,37.43438809523809,449.2126571428571,0.08470431302801246,0.11210631229235879,0.30327868852459017,0.14893860664467812,Low Value,0.6566151251975538,597,High Priority,Contract Upgrade Offer,40,0.2,89.84253142857142,49.84253142857142,1.2460632857142855,744,24440
703,37,Male,6,77.69,Two-Year,Fiber Optic,466.14,Yes,Yes,1,Expected Range,Expected Range,35-44,0-6 Months,High,932.28,77.69,932.28,New,0.8019627153591997,Critical,62.30448335625623,747.6538002750747,0.5301244997776791,0.037542736333434,0.04918032786885246,0.23748483959498667,Moderate Value,0.5761715650535145,830,Medium Priority,New Customer Onboarding Call,10,0.08,59.812304022005975,49.812304022005975,4.981230402200597,745,24450
251,32,Female,1,37.45,Month-to-Month,DSL,37.45,Yes,Yes,1,Expected Range,Expected Range,25-34,0-6 Months,Low,449.40000000000003,37.45,449.40000000000003,New,0.9971111111111111,Critical,37.34181111111111,448.10173333333336,0.08281458425967103,0.0030162085976039466,0.00819672131147541,0.03623068704089865,Low Value,0.6127589414830261,774,High Priority,Contract Upgrade Offer,40,0.2,89.62034666666668,49.62034666666668,1.240508666666667,746,24490
802,39,Female,2,37.34,Month-to-Month,No Internet,74.68,No,Yes,1,Expected Range,Expected Range,35-44,0-6 Months,Low,448.08000000000004,37.34,448.08000000000004,New,1.0,Critical,37.34,448.08000000000004,0.08159181858603831,0.00601469847981476,0.01639344262295082,0.038840232558088196,Low Value,0.6155360930232353,759,High Priority,Contract Upgrade Offer,40,0.2,89.61600000000001,49.616000000000014,1.2404000000000004,747,24530
106,49,Male,1,38.54,One-Year,No Internet,38.54,No,Yes,1,Expected Range,Expected Range,45-54,0-6 Months,Low,462.48,38.54,462.48,New,1.0,Critical,38.54,462.48,0.09493108048021343,0.003103996778415383,0.00819672131147541,0.04110801139239961,Low Value,0.6164432045569598,757,High Priority,Complimentary Tech Support,20,0.15,69.372,49.372,2.4686,748,24550
909,51,Female,22,39.72,Two-Year,DSL,873.8399999999999,No,Yes,1,Expected Range,Expected Range,45-54,13-24 Months,Low,476.64,39.72,476.64,Developing,0.9663767135642134,Critical,38.384483062770556,460.6137967532467,0.10804802134281905,0.07037873754152824,0.18032786885245902,0.11293373388977726,Low Value,0.624999521694439,722,High Priority,Complimentary Tech Support,20,0.15,69.092069512987,49.092069512986996,2.4546034756493498,749,24570
851,38,Male,45,39.31,One-Year,Fiber Optic,1768.95,No,Yes,1,Expected Range,Expected Range,35-44,25-48 Months,Low,471.72,39.31,471.72,Established,0.9722910052910053,Critical,38.22075941798942,458.649113015873,0.10349044019564257,0.14247055270311085,0.36885245901639346,0.1834739842784442,Moderate Value,0.6567641968859809,594,High Priority,Complimentary Tech Support,20,0.15,68.79736695238095,48.797366952380955,2.439868347619048,750,24590
339,49,Female,24,38.44,Month-to-Month,DSL,922.56,Yes,Yes,1,Expected Range,Expected Range,45-54,13-24 Months,Low,461.28,38.44,461.28,Developing,0.961739804050682,Critical,36.96927806770822,443.6313368124986,0.09381947532236551,0.07430262760495318,0.19672131147540983,0.11271403765953228,Low Value,0.6221294974942221,737,High Priority,Contract Upgrade Offer,40,0.2,88.72626736249973,48.726267362499726,1.2181566840624931,751,24630
560,40,Male,14,36.91,Month-to-Month,No Internet,516.74,No,Yes,1,Expected Range,Expected Range,35-44,13-24 Months,Low,442.91999999999996,36.91,442.91999999999996,Developing,1.0,Critical,36.91,442.91999999999996,0.07681191640729212,0.041618040873854824,0.11475409836065574,0.07397960545892998,Low Value,0.629591842183572,704,High Priority,Contract Upgrade Offer,40,0.2,88.584,48.584,1.2146000000000001,752,24670
138,41,Female,6,69.81,Two-Year,DSL,418.86,Yes,Yes,1,Expected Range,Expected Range,35-44,0-6 Months,Moderate,837.72,69.81,837.72,New,0.8720541906168923,Critical,60.87810304696525,730.5372365635831,0.442530013339262,0.033734823316218666,0.04918032786885246,0.20111427546359445,Moderate Value,0.6036782245555731,802,High Priority,New Customer Onboarding Call,10,0.08,58.44297892508665,48.44297892508665,4.844297892508665,753,24680
2,43,Male,0,36.67,Month-to-Month,Fiber Optic,0.0,Yes,Yes,1,Expected Range,Expected Range,35-44,0-6 Months,Low,440.04,36.67,440.04,New,0.9975203252032521,Critical,36.579070325203254,438.9488439024391,0.07414406402845714,0.0,0.0,0.029657625611382854,Low Value,0.6103752453665043,788,High Priority,Contract Upgrade Offer,40,0.2,87.78976878048782,47.78976878048782,1.1947442195121956,754,24720
221,68,Female,0,37.66,One-Year,No Internet,0.0,No,Yes,1,Expected Range,Expected Range,65+,0-6 Months,Low,451.91999999999996,37.66,451.91999999999996,New,1.0,Critical,37.66,451.91999999999996,0.08514895509115161,0.0,0.0,0.034059582036460645,Low Value,0.6136238328145842,770,High Priority,Complimentary Tech Support,20,0.15,67.788,47.788,2.3893999999999997,755,24740
223,51,Male,23,36.39,Month-to-Month,DSL,836.97,No,Yes,1,Expected Range,Expected Range,45-54,13-24 Months,Low,436.68,36.39,436.68,Developing,1.0,Critical,36.39,436.68,0.07103156958648293,0.06740924192086983,0.18852459016393444,0.09913701004788122,Low Value,0.6396548040191524,673,High Priority,Contract Upgrade Offer,40,0.2,87.33600000000001,47.33600000000001,1.1834000000000002,756,24780
695,50,Female,3,37.52,Two-Year,DSL,112.56,No,Yes,1,Expected Range,Expected Range,45-54,0-6 Months,Low,450.24,37.52,450.24,New,0.9948888888888888,Critical,37.32823111111111,447.9387733333333,0.0835927078701646,0.00906553911205074,0.02459016393442623,0.04275756282089015,Low Value,0.6140363584616894,767,High Priority,Complimentary Tech Support,20,0.15,67.190816,47.190816,2.3595408,757,24800
737,47,Male,27,37.31,One-Year,No Internet,1007.37,No,Yes,1,Expected Range,Expected Range,45-54,25-48 Months,Low,447.72,37.31,447.72,Established,1.0,Critical,37.31,447.72,0.0812583370386839,0.08113319238900635,0.2213114754098361,0.11622782100408481,Low Value,0.6464911284016339,639,High Priority,Complimentary Tech Support,20,0.15,67.158,47.158,2.3579,758,24820
962,58,Male,4,70.66,One-Year,Fiber Optic,282.64,Yes,Yes,1,Expected Range,Expected Range,55-64,0-6 Months,Moderate,847.92,70.66,847.92,New,0.8415702659595962,Critical,59.46535499270506,713.5842599124608,0.4519786571809693,0.022763716903251786,0.03278688524590164,0.19695548510000127,Moderate Value,0.5837243536157583,818,Medium Priority,New Customer Onboarding Call,10,0.08,57.08674079299686,47.08674079299686,4.708674079299686,759,24830
226,55,Female,2,72.22,One-Year,Fiber Optic,144.44,Yes,Yes,1,Expected Range,Expected Range,55-64,0-6 Months,Moderate,866.64,72.22,866.64,New,0.8223784474924218,Critical,59.39217147790271,712.7060577348325,0.4693196976433971,0.011633142051746703,0.01639344262295082,0.19589783943120792,Moderate Value,0.5717862042679362,837,Medium Priority,New Customer Onboarding Call,10,0.08,57.0164846187866,47.0164846187866,4.70164846187866,760,24840
263,12,Female,1,37.4,Two-Year,DSL,37.4,No,Yes,1,Review,Expected Range,Under 25,0-6 Months,Low,448.79999999999995,37.4,448.79999999999995,New,0.9926666666666665,Critical,37.12573333333332,445.50879999999984,0.08225878168074702,0.0030121816168327794,0.00819672131147541,0.03600695656605914,Low Value,0.6100027826264236,791,High Priority,Complimentary Tech Support,20,0.15,66.82631999999997,46.82631999999997,2.341315999999998,761,24860
554,47,Female,8,36.16,Month-to-Month,Fiber Optic,289.28,Yes,Yes,1,Expected Range,Expected Range,45-54,7-12 Months,Low,433.91999999999996,36.16,433.91999999999996,Developing,0.9975203252032521,Critical,36.070334959349594,432.84401951219513,0.06847487772343264,0.023298499949662738,0.06557377049180328,0.05193786869470583,Low Value,0.6192873425998335,746,High Priority,Contract Upgrade Offer,40,0.2,86.56880390243903,46.56880390243903,1.1642200975609758,762,24900
105,43,Male,8,36.05,Month-to-Month,DSL,288.4,Yes,Yes,1,Expected Range,Expected Range,35-44,7-12 Months,Low,432.59999999999997,36.05,432.59999999999997,Developing,1.0,Critical,36.05,432.59999999999997,0.06725211204979992,0.023227625088090204,0.06557377049180328,0.051423956223702355,Low Value,0.6205695824894809,743,High Priority,Contract Upgrade Offer,40,0.2,86.52,46.519999999999996,1.1629999999999998,763,24940
847,47,Female,17,38.5,One-Year,DSL,654.5,No,Yes,1,Expected Range,Expected Range,45-54,13-24 Months,Low,462.0,38.5,462.0,Developing,0.9595641023341464,Critical,36.94321793986463,443.31861527837555,0.09448643841707427,0.05271317829457364,0.13934426229508198,0.09108025334370098,Low Value,0.6121705627379682,779,High Priority,Complimentary Tech Support,20,0.15,66.49779229175633,46.497792291756326,2.3248896145878164,764,24960
216,52,Female,42,36.03,Month-to-Month,No Internet,1513.26,No,Yes,1,Expected Range,Expected Range,45-54,25-48 Months,Low,432.36,36.03,432.36,Established,1.0,Critical,36.03,432.36,0.06702979101823037,0.12187737843551796,0.3442622950819672,0.15553457263021525,Low Value,0.662213829052086,570,High Priority,Contract Upgrade Offer,40,0.2,86.47200000000001,46.47200000000001,1.1618000000000002,765,25000
60,54,Female,2,36.93,One-Year,Fiber Optic,73.86,No,Yes,1,Expected Range,Expected Range,45-54,0-6 Months,Low,443.15999999999997,36.93,443.15999999999997,New,0.9944359192952542,Critical,36.72451849957374,440.69422199488486,0.07703423743886173,0.0059486559951676225,0.01639344262295082,0.036994085229591064,Low Value,0.6114591856689889,784,High Priority,Complimentary Tech Support,20,0.15,66.10413329923273,46.10413329923273,2.3052066649616365,766,25020
996,42,Male,41,37.14,Month-to-Month,Fiber Optic,1522.74,Yes,Yes,1,Expected Range,Expected Range,35-44,25-48 Months,Low,445.68,37.14,445.68,Established,0.9649451249702536,Critical,35.83806194139522,430.05674329674264,0.07936860827034242,0.1226408939897312,0.33606557377049184,0.15868814964716585,Moderate Value,0.6424423348410185,657,High Priority,Contract Upgrade Offer,40,0.2,86.01134865934853,46.01134865934853,1.1502837164837132,767,25060
970,30,Female,1,69.78,One-Year,Fiber Optic,69.78,Yes,Yes,1,Expected Range,Expected Range,25-34,0-6 Months,Moderate,837.36,69.78,837.36,New,0.8267232729246404,Critical,57.68874998468141,692.2649998161769,0.44219653179190754,0.005620054364240411,0.00819672131147541,0.18089481207211602,Moderate Value,0.5683918885836307,841,Medium Priority,New Customer Onboarding Call,10,0.08,55.38119998529415,45.38119998529415,4.538119998529416,768,25070
817,47,Male,25,36.25,One-Year,No Internet,906.25,No,Yes,1,Expected Range,Expected Range,45-54,25-48 Months,Low,435.0,36.25,435.0,Established,1.0,Critical,36.25,435.0,0.0694753223654958,0.07298902647739856,0.20491803278688525,0.10456579641000913,Low Value,0.6418263185640036,659,High Priority,Complimentary Tech Support,20,0.15,65.25,45.25,2.2625,769,25090
712,44,Female,0,66.76,Two-Year,DSL,0.0,Yes,Yes,1,Expected Range,Expected Range,35-44,0-6 Months,Moderate,801.1200000000001,66.76,801.1200000000001,New,0.8519475345060294,Critical,56.876017403622534,682.5122088434704,0.4086260560249001,0.0,0.0,0.16345042240996005,Moderate Value,0.5765486896676016,827,Medium Priority,New Customer Onboarding Call,10,0.08,54.60097670747763,44.60097670747763,4.460097670747762,770,25100
725,46,Female,6,67.02,One-Year,Fiber Optic,402.12,Yes,Yes,1,Expected Range,Expected Range,45-54,0-6 Months,Moderate,804.24,67.02,804.24,New,0.8432873327819104,Critical,56.517117043043626,678.2054045165235,0.41151622943530464,0.032386590154032016,0.04918032786885246,0.1882368802952462,Moderate Value,0.5812671517872448,821,Medium Priority,New Customer Onboarding Call,10,0.08,54.25643236132188,44.25643236132188,4.425643236132188,771,25110
714,48,Female,1,35.1,Month-to-Month,DSL,35.1,Yes,Yes,1,Expected Range,Expected Range,45-54,0-6 Months,Low,421.20000000000005,35.1,421.20000000000005,New,1.0,Critical,35.1,421.20000000000005,0.056691863050244595,0.002826940501359106,0.00819672131147541,0.025715354723442378,Low Value,0.6102861418893769,789,High Priority,Contract Upgrade Offer,40,0.2,84.24000000000001,44.24000000000001,1.1060000000000003,772,25150
914,60,Female,18,35.13,Month-to-Month,DSL,632.34,No,Yes,1,Expected Range,Expected Range,55-64,13-24 Months,Low,421.56000000000006,35.13,421.56000000000006,Developing,0.9976190476190476,Critical,35.04635714285715,420.55628571428576,0.057025344597599004,0.05092842041679251,0.14754098360655737,0.07752033088655633,Low Value,0.629579560926051,705,High Priority,Contract Upgrade Offer,40,0.2,84.11125714285716,44.111257142857156,1.1027814285714288,773,25190
574,42,Female,8,36.31,Two-Year,Fiber Optic,290.48,No,Yes,1,Expected Range,Expected Range,35-44,7-12 Months,Low,435.72,36.31,435.72,Developing,0.9756018518518518,Critical,35.42410324074074,425.0892388888889,0.07014228546020457,0.023395147488170745,0.06557377049180328,0.05263865842789241,Low Value,0.6064165744822679,795,High Priority,Complimentary Tech Support,20,0.15,63.76338583333333,43.76338583333333,2.1881692916666666,774,25210
988,53,Male,42,35.27,Two-Year,No Internet,1481.34,No,Yes,1,Expected Range,Expected Range,45-54,25-48 Months,Low,423.24,35.27,423.24,Established,1.0,Critical,35.27,423.24,0.058581591818586076,0.11930655391120507,0.3442622950819672,0.15125550436684798,Low Value,0.6605022017467391,579,High Priority,Complimentary Tech Support,20,0.15,63.486,43.486,2.1742999999999997,775,25230
956,56,Female,2,35.58,Two-Year,DSL,71.16,No,Yes,1,Expected Range,Expected Range,55-64,0-6 Months,Low,426.96,35.58,426.96,New,0.990991452991453,Critical,35.2594758974359,423.1137107692308,0.06202756780791463,0.005731199033524615,0.01639344262295082,0.030915307440637172,Low Value,0.6069609947711266,794,High Priority,Complimentary Tech Support,20,0.15,63.46705661538462,43.46705661538462,2.173352830769231,776,25250
448,35,Male,3,35.0,Two-Year,No Internet,105.0,No,Yes,1,Expected Range,Expected Range,35-44,0-6 Months,Low,420.0,35.0,420.0,New,1.0,Critical,35.0,420.0,0.05558025789239662,0.008456659619450317,0.02459016393442623,0.031339475007372816,Low Value,0.6125357900029491,777,High Priority,Complimentary Tech Support,20,0.15,63.0,43.0,2.15,777,25270
663,44,Female,6,34.56,Month-to-Month,No Internet,207.36,No,Yes,1,Expected Range,Expected Range,35-44,0-6 Months,Low,414.72,34.56,414.72,New,1.0,Critical,34.56,414.72,0.050689195197865744,0.016700694654183026,0.04918032786885246,0.03841600317532347,Low Value,0.6153664012701293,761,High Priority,Contract Upgrade Offer,40,0.2,82.94400000000002,42.94400000000002,1.0736000000000003,778,25310
244,53,Female,29,35.63,Month-to-Month,Fiber Optic,1033.27,Yes,Yes,1,Expected Range,Expected Range,45-54,25-48 Months,Low,427.56000000000006,35.63,427.56000000000006,Established,0.969606622850775,Critical,34.54708397217312,414.56500766607746,0.06258337038683864,0.08321916842847076,0.2377049180327869,0.11358628661289694,Low Value,0.6271984883556238,712,High Priority,Contract Upgrade Offer,40,0.2,82.91300153321549,42.91300153321549,1.0728250383303872,779,25350
812,40,Female,0,34.54,Month-to-Month,DSL,0.0,Yes,Yes,1,Expected Range,Expected Range,35-44,0-6 Months,Low,414.48,34.54,414.48,New,1.0,Critical,34.54,414.48,0.05046687416629614,0.0,0.0,0.020186749666518455,Low Value,0.6080746998666073,792,High Priority,Contract Upgrade Offer,40,0.2,82.89600000000002,42.896000000000015,1.0724000000000005,780,25390
367,47,Female,4,34.52,Month-to-Month,No Internet,138.08,No,Yes,1,Expected Range,Expected Range,45-54,0-6 Months,Low,414.24,34.52,414.24,New,1.0,Critical,34.52,414.24,0.05024455313472659,0.011120910097654285,0.03278688524590164,0.03218686109954504,Low Value,0.612874744439818,772,High Priority,Contract Upgrade Offer,40,0.2,82.84800000000001,42.84800000000001,1.0712000000000004,781,25430
683,39,Female,24,34.55,Month-to-Month,Fiber Optic,829.1999999999999,No,Yes,1,Expected Range,Expected Range,35-44,13-24 Months,Low,414.59999999999997,34.55,414.59999999999997,Developing,0.9950661375661376,Critical,34.37953505291005,412.5544206349206,0.05057803468208094,0.0667834491090305,0.19672131147540983,0.09278574892984551,Low Value,0.6341539821116208,687,High Priority,Contract Upgrade Offer,40,0.2,82.51088412698412,42.510884126984124,1.0627721031746031,782,25470
644,29,Male,0,67.63,Two-Year,DSL,0.0,Yes,Yes,1,Expected Range,Expected Range,25-34,0-6 Months,Moderate,811.56,67.63,811.56,New,0.7960221643939291,Critical,53.83497897796143,646.0197477355371,0.418297020898177,0.0,0.0,0.16731880835927082,Moderate Value,0.5445408219800658,853,Medium Priority,New Customer Onboarding Call,10,0.08,51.68157981884297,41.68157981884297,4.168157981884297,783,25480
376,37,Female,10,34.47,Two-Year,DSL,344.7,No,Yes,1,Expected Range,Expected Range,35-44,7-12 Months,Low,413.64,34.47,413.64,Developing,0.9924444444444444,Critical,34.209559999999996,410.51471999999995,0.049688750555802574,0.02776200543642404,0.0819672131147541,0.05008400540375797,Low Value,0.6155002688281698,760,High Priority,Complimentary Tech Support,20,0.15,61.57720799999999,41.57720799999999,2.0788603999999995,784,25500
972,38,Female,16,35.53,Month-to-Month,DSL,568.48,Yes,Yes,1,Expected Range,Expected Range,35-44,13-24 Months,Low,426.36,35.53,426.36,Developing,0.9556282171082129,Critical,33.95347055385481,407.4416466462577,0.06147176522899073,0.04578516057585825,0.13114754098360656,0.07340039753904831,Low Value,0.602737089280547,805,High Priority,Contract Upgrade Offer,40,0.2,81.48832932925154,41.48832932925154,1.0372082332312886,785,25540
794,32,Male,5,34.05,Month-to-Month,DSL,170.25,Yes,Yes,1,Expected Range,Expected Range,25-34,0-6 Months,Low,408.59999999999997,34.05,408.59999999999997,New,0.9971111111111111,Critical,33.95163333333333,407.41959999999995,0.045020008892841246,0.013711869525823013,0.04098360655737705,0.03305305953051882,Low Value,0.6114878904788741,783,High Priority,Contract Upgrade Offer,40,0.2,81.48392,41.48392,1.0370979999999999,786,25580
338,41,Female,3,61.61,Two-Year,DSL,184.83,Yes,Yes,1,Expected Range,Expected Range,35-44,0-6 Months,Moderate,739.3199999999999,61.61,739.3199999999999,New,0.8686358940996525,Critical,53.51665743547959,642.199889225755,0.3513783903957315,0.01488613711869526,0.02459016393442623,0.1519090451334425,Low Value,0.5819451545131685,820,Medium Priority,New Customer Onboarding Call,10,0.08,51.3759911380604,41.3759911380604,4.13759911380604,787,25590
118,33,Male,0,62.44,One-Year,DSL,0.0,Yes,Yes,1,Expected Range,Expected Range,25-34,0-6 Months,Moderate,749.28,62.44,749.28,New,0.8544825701664621,Critical,53.35389168119389,640.2467001743267,0.3606047132058693,0.0,0.0,0.14424188528234771,Low Value,0.5703862962128163,840,Medium Priority,New Customer Onboarding Call,10,0.08,51.21973601394614,41.21973601394614,4.121973601394614,788,25600
921,55,Female,3,33.74,Month-to-Month,DSL,101.22,Yes,Yes,1,Expected Range,Expected Range,55-64,0-6 Months,Low,404.88,33.74,404.88,New,1.0,Critical,33.74,404.88,0.04157403290351269,0.008152219873150105,0.02459016393442623,0.025630431100614172,Low Value,0.6102521724402457,790,High Priority,Contract Upgrade Offer,40,0.2,80.976,40.976,1.0244,789,25640
579,30,Female,30,33.77,Month-to-Month,Fiber Optic,1013.1,No,Yes,1,Expected Range,Expected Range,25-34,25-48 Months,Low,405.24,33.77,405.24,Established,0.9950661375661376,Critical,33.60338346560847,403.2406015873016,0.0419075144508671,0.08159468438538206,0.24590163934426232,0.10679655515129613,Low Value,0.639758304600201,672,High Priority,Contract Upgrade Offer,40,0.2,80.64812031746033,40.648120317460325,1.016203007936508,790,25680
192,53,Female,39,34.68,Month-to-Month,Fiber Optic,1352.52,Yes,Yes,1,Expected Range,Expected Range,45-54,25-48 Months,Low,416.15999999999997,34.68,416.15999999999997,Established,0.9674498768190289,Critical,33.551161728083926,402.6139407370071,0.052023121387283267,0.10893144065237088,0.319672131147541,0.13885328557012838,Low Value,0.6360112403194687,682,High Priority,Contract Upgrade Offer,40,0.2,80.52278814740143,40.52278814740143,1.0130697036850358,791,25720
342,47,Male,28,33.61,One-Year,No Internet,941.08,No,Yes,1,Expected Range,Expected Range,45-54,25-48 Months,Low,403.32,33.61,403.32,Established,1.0,Critical,33.61,403.32,0.04012894619831037,0.07579422128259337,0.22950819672131148,0.09995660510855969,Low Value,0.6399826420434238,670,High Priority,Complimentary Tech Support,20,0.15,60.498,40.498,2.0248999999999997,792,25740
762,46,Male,1,33.61,Month-to-Month,Fiber Optic,33.61,Yes,Yes,1,Expected Range,Expected Range,45-54,0-6 Months,Low,403.32,33.61,403.32,New,0.9975203252032521,Critical,33.5266581300813,402.3198975609756,0.04012894619831037,0.002706936474378335,0.00819672131147541,0.019048186573225417,Low Value,0.6061314697512413,796,High Priority,Contract Upgrade Offer,40,0.2,80.46397951219512,40.463979512195124,1.0115994878048782,793,25780
664,39,Female,32,33.55,One-Year,No Internet,1073.6,No,Yes,1,Expected Range,Expected Range,35-44,25-48 Months,Low,402.59999999999997,33.55,402.59999999999997,Established,1.0,Critical,33.55,402.59999999999997,0.039461983103601606,0.0864673311184939,0.26229508196721313,0.11162212962471679,Low Value,0.6446488518498867,647,High Priority,Complimentary Tech Support,20,0.15,60.38999999999999,40.38999999999999,2.0195,794,25800
513,42,Male,12,34.53,Month-to-Month,Fiber Optic,414.36,Yes,Yes,1,Expected Range,Expected Range,35-44,7-12 Months,Low,414.36,34.53,414.36,Developing,0.9683901412113226,Critical,33.43851157602697,401.2621389123236,0.05035571365051139,0.03337239504681365,0.09836065573770492,0.05641278766101557,Low Value,0.6035991997911998,803,High Priority,Contract Upgrade Offer,40,0.2,80.25242778246474,40.252427782464736,1.0063106945616185,795,25840
937,34,Female,5,62.28,One-Year,Fiber Optic,311.4,Yes,Yes,1,Expected Range,Expected Range,25-34,0-6 Months,Moderate,747.36,62.28,747.36,New,0.8357888933291229,Critical,52.052932276537774,624.6351873184533,0.35882614495331266,0.02508003624282694,0.04098360655737705,0.16255437230565878,Moderate Value,0.5664950849197372,843,Medium Priority,New Customer Onboarding Call,10,0.08,49.97081498547627,39.97081498547627,3.997081498547627,796,25850
407,34,Male,2,58.58,One-Year,Fiber Optic,117.16,Yes,Yes,1,Expected Range,Expected Range,25-34,0-6 Months,Moderate,702.96,58.58,702.96,New,0.8842636471370514,Critical,51.800164449288474,621.6019733914617,0.3176967541129391,0.009436021342998088,0.01639344262295082,0.13447966977096265,Low Value,0.5843500561906159,817,Medium Priority,New Customer Onboarding Call,10,0.08,49.72815787131694,39.72815787131694,3.972815787131694,797,25860
382,39,Male,1,64.18,Two-Year,DSL,64.18,Yes,Yes,1,Expected Range,Expected Range,35-44,0-6 Months,Moderate,770.1600000000001,64.18,770.1600000000001,New,0.8033399878157772,Critical,51.55836041801658,618.700325016199,0.3799466429524234,0.005169032517869728,0.00819672131147541,0.15583699889009262,Low Value,0.5443387922455034,854,Medium Priority,New Customer Onboarding Call,10,0.08,49.496026001295924,39.496026001295924,3.9496026001295923,798,25870
715,44,Male,15,33.12,Month-to-Month,No Internet,496.7999999999999,No,Yes,1,Expected Range,Expected Range,35-44,13-24 Months,Low,397.43999999999994,33.12,397.43999999999994,Developing,1.0,Critical,33.12,397.43999999999994,0.034682080924855474,0.04001208094231349,0.12295081967213116,0.0586147656177847,Low Value,0.6234459062471138,729,High Priority,Contract Upgrade Offer,40,0.2,79.488,39.488,0.9872,799,25910
499,36,Male,11,32.92,Month-to-Month,Fiber Optic,362.12,Yes,Yes,1,Expected Range,Expected Range,35-44,7-12 Months,Low,395.04,32.92,395.04,Developing,0.9983720930232558,Critical,32.866409302325586,394.396911627907,0.032458870609159696,0.02916500553709856,0.09016393442622951,0.04573228378820575,Low Value,0.6173161693292357,752,High Priority,Contract Upgrade Offer,40,0.2,78.8793823255814,38.8793823255814,0.9719845581395351,800,25950
723,31,Male,1,56.76,One-Year,Fiber Optic,56.76,Yes,Yes,1,Expected Range,Expected Range,25-34,0-6 Months,Moderate,681.12,56.76,681.12,New,0.8847773927515228,Critical,50.21996481257643,602.6395777509172,0.29746554024010674,0.004571428571428571,0.00819672131147541,0.12263539642391157,Low Value,0.5799205942204783,824,Medium Priority,New Customer Onboarding Call,10,0.08,48.21116622007337,38.21116622007337,3.821116622007337,801,25960
667,42,Female,8,32.58,Month-to-Month,Fiber Optic,260.64,No,Yes,1,Expected Range,Expected Range,35-44,7-12 Months,Low,390.96,32.58,390.96,Developing,1.0,Critical,32.58,390.96,0.028679413072476678,0.020991845363938385,0.06557377049180328,0.035212353729319926,Low Value,0.614084941491728,766,High Priority,Contract Upgrade Offer,40,0.2,78.19200000000001,38.19200000000001,0.9548000000000002,802,26000
457,43,Male,6,58.25,One-Year,DSL,349.5,Yes,Yes,1,Expected Range,Expected Range,35-44,0-6 Months,Moderate,699.0,58.25,699.0,New,0.8606941279378933,Critical,50.13543295238229,601.6251954285874,0.31402845709204097,0.028148595590456054,0.04918032786885246,0.14775847326068914,Low Value,0.5755198660670116,832,Medium Priority,New Customer Onboarding Call,10,0.08,48.13001563428699,38.13001563428699,3.813001563428699,803,26010
114,69,Female,12,33.63,One-Year,Fiber Optic,403.56000000000006,No,Yes,1,Expected Range,Expected Range,65+,7-12 Months,Low,403.56000000000006,33.63,403.56000000000006,Developing,0.9590398743193774,Critical,32.252510973360664,387.03013168032794,0.04035126722987997,0.032502567200241625,0.09836065573770492,0.05210656934646279,Low Value,0.5962665523302115,810,Medium Priority,Complimentary Tech Support,20,0.15,58.05451975204919,38.05451975204919,1.9027259876024594,804,26030
93,37,Female,24,33.51,Month-to-Month,Fiber Optic,804.24,Yes,Yes,1,Expected Range,Expected Range,35-44,13-24 Months,Low,402.12,33.51,402.12,Developing,0.9703274008295034,Critical,32.51567120179666,390.18805442155985,0.03901734104046245,0.06477318030806403,0.19672131147540983,0.08745787739285985,Low Value,0.6171795914548459,755,High Priority,Contract Upgrade Offer,40,0.2,78.03761088431197,38.037610884311974,0.9509402721077993,805,26070
804,40,Male,11,32.51,Month-to-Month,No Internet,357.60999999999996,No,Yes,1,Expected Range,Expected Range,35-44,7-12 Months,Low,390.12,32.51,390.12,Developing,1.0,Critical,32.51,390.12,0.027901289461983114,0.02880177187153931,0.09016393442622951,0.043782119546389386,Low Value,0.6175128478185558,751,High Priority,Contract Upgrade Offer,40,0.2,78.024,38.024,0.9506,806,26110
630,55,Male,46,32.32,Month-to-Month,No Internet,1486.72,No,Yes,1,Expected Range,Expected Range,55-64,25-48 Months,Low,387.84000000000003,32.32,387.84000000000003,Established,1.0,Critical,32.32,387.84000000000003,0.025789239662072083,0.11973985704218262,0.3770491803278689,0.14648694091155998,Low Value,0.6585947763646239,590,High Priority,Contract Upgrade Offer,40,0.2,77.56800000000001,37.56800000000001,0.9392000000000003,807,26150
117,44,Male,13,32.02,One-Year,No Internet,416.2600000000001,No,Yes,1,Expected Range,Expected Range,35-44,13-24 Months,Low,384.24,32.02,384.24,Developing,0.9979999999999999,Critical,31.95596,383.47152,0.022454424188528277,0.033525420316118,0.10655737704918034,0.047355011048347696,Low Value,0.617742004419339,749,High Priority,Complimentary Tech Support,20,0.15,57.520728,37.520728,1.8760363999999998,808,26170
655,70,Male,35,32.13,Month-to-Month,DSL,1124.5500000000002,No,Yes,1,Expected Range,Expected Range,65+,25-48 Months,Low,385.56000000000006,32.13,385.56000000000006,Established,1.0,Critical,32.13,385.56000000000006,0.023677189862160997,0.0905708245243129,0.2868852459016394,0.11289197600378376,Low Value,0.6451567904015135,646,High Priority,Contract Upgrade Offer,40,0.2,77.11200000000002,37.11200000000002,0.9278000000000006,809,26210
368,45,Female,22,33.14,Two-Year,Fiber Optic,729.08,No,Yes,1,Expected Range,Expected Range,45-54,13-24 Months,Low,397.68,33.14,397.68,Developing,0.946048680414927,Critical,31.35205326895068,376.22463922740815,0.034904401956425135,0.05871982281284607,0.18032786885245902,0.07959566598018093,Low Value,0.5994674746410285,809,Medium Priority,Complimentary Tech Support,20,0.15,56.43369588411122,36.43369588411122,1.8216847942055612,810,26230
400,57,Male,14,32.71,Two-Year,Fiber Optic,457.94,No,Yes,1,Expected Range,Expected Range,55-64,13-24 Months,Low,392.52,32.71,392.52,Developing,0.9523685195567869,Critical,31.1519742747025,373.82369129643,0.030124499777679004,0.03688231148696265,0.11475409836065574,0.05364713352167247,Low Value,0.5928799651427412,812,Medium Priority,Complimentary Tech Support,20,0.15,56.0735536944645,36.0735536944645,1.803677684723225,811,26250
650,51,Female,2,31.49,Two-Year,Fiber Optic,62.98,No,Yes,1,Expected Range,Expected Range,45-54,0-6 Months,Low,377.88,31.49,377.88,New,0.97977849002849,Critical,30.85322465099715,370.2386958119658,0.016562916851934173,0.005072384979361723,0.01639344262295082,0.012498862139287976,Low Value,0.5928666388728092,813,Medium Priority,Complimentary Tech Support,20,0.15,55.53580437179487,35.53580437179487,1.7767902185897433,812,26270
840,42,Female,19,31.46,Month-to-Month,DSL,597.74,No,Yes,1,Expected Range,Expected Range,35-44,13-24 Months,Low,377.52,31.46,377.52,Developing,0.9989583333333333,Critical,31.427229166666667,377.12675,0.01622943530457982,0.04814174972314507,0.1557377049180328,0.0622758127544409,Low Value,0.6242853251017764,726,High Priority,Contract Upgrade Offer,40,0.2,75.42535000000001,35.42535000000001,0.8856337500000002,813,26310
208,50,Male,62,32.7,Month-to-Month,Fiber Optic,2027.4,Yes,Yes,1,Expected Range,Expected Range,45-54,49-72 Months,Low,392.40000000000003,32.7,392.40000000000003,Loyal,0.9605243905823175,Critical,31.409147572041785,376.9097708645014,0.030013339261894256,0.16328601630927211,0.5081967213114754,0.19620462174087178,Moderate Value,0.6547964830457391,606,High Priority,Contract Upgrade Offer,40,0.2,75.38195417290028,35.38195417290028,0.884548854322507,814,26350
18,48,Female,24,30.75,Two-Year,No Internet,738.0,No,Yes,1,Expected Range,Expected Range,45-54,13-24 Months,Low,369.0,30.75,369.0,Developing,0.9946666666666666,Critical,30.586,367.032,0.008337038683859488,0.05943823618242223,0.19672131147540983,0.07331852600624403,Low Value,0.6261274104024975,717,High Priority,Complimentary Tech Support,20,0.15,55.05479999999999,35.05479999999999,1.7527399999999997,815,26370
124,30,Female,9,31.29,Month-to-Month,Fiber Optic,281.61,Yes,Yes,1,Expected Range,Expected Range,25-34,7-12 Months,Low,375.48,31.29,375.48,Developing,0.9983720930232558,Critical,31.239062790697673,374.8687534883721,0.014339706536238339,0.022680761099365752,0.07377049180327869,0.03211677195009302,Low Value,0.6118699645939907,781,High Priority,Contract Upgrade Offer,40,0.2,74.97375069767442,34.97375069767442,0.8743437674418605,816,26410
617,46,Female,26,30.57,One-Year,No Internet,794.82,No,Yes,1,Expected Range,Expected Range,45-54,25-48 Months,Low,366.84000000000003,30.57,366.84000000000003,Established,0.9979999999999999,Critical,30.50886,366.10632,0.00633614939973326,0.0640144971307762,0.21311475409836067,0.07821822228025514,Low Value,0.630087288912102,702,High Priority,Complimentary Tech Support,20,0.15,54.91594799999999,34.91594799999999,1.7457973999999996,817,26430
359,48,Male,29,32.74,Month-to-Month,DSL,949.46,Yes,Yes,1,Expected Range,Expected Range,45-54,25-48 Months,Low,392.88,32.74,392.88,Established,0.9529588394649221,Critical,31.199872404081553,374.3984688489786,0.030457981325033412,0.07646914325984093,0.2377049180327869,0.09837362217915441,Low Value,0.611124752550615,786,High Priority,Contract Upgrade Offer,40,0.2,74.87969376979572,34.87969376979572,0.871992344244893,818,26470
860,51,Male,20,31.16,Month-to-Month,DSL,623.2,No,Yes,1,Expected Range,Expected Range,45-54,13-24 Months,Low,373.92,31.16,373.92,Developing,1.0,Critical,31.16,373.92,0.012894619831036014,0.050192288331823216,0.1639344262295082,0.06370875540592959,Low Value,0.6254835021623718,718,High Priority,Contract Upgrade Offer,40,0.2,74.784,34.784000000000006,0.8696000000000002,819,26510
801,54,Female,75,31.23,Two-Year,DSL,2342.25,No,Yes,1,Expected Range,Expected Range,45-54,73+ Months,Low,374.76,31.23,374.76,Loyal,0.9604261648174692,Critical,29.994109127249565,359.92930952699476,0.013672743441529578,0.18864391422530957,0.6147540983606558,0.22518299194563413,Moderate Value,0.6663288956687352,550,High Priority,Complimentary Tech Support,20,0.15,53.989396429049215,33.989396429049215,1.6994698214524608,820,26530
413,29,Female,0,55.35,Two-Year,Fiber Optic,0.0,Yes,Yes,1,Expected Range,Expected Range,25-34,0-6 Months,Moderate,664.2,55.35,664.2,New,0.8193745190305912,Critical,45.35237962834322,544.2285555401187,0.28179190751445093,0.0,0.0,0.11271676300578037,Low Value,0.5367114166206669,858,Medium Priority,New Customer Onboarding Call,10,0.08,43.5382844432095,33.5382844432095,3.35382844432095,821,26540
22,42,Female,10,30.48,Month-to-Month,No Internet,304.8,No,Yes,1,Expected Range,Expected Range,35-44,7-12 Months,Low,365.76,30.48,365.76,Developing,1.0,Critical,30.48,365.76,0.00533570475767009,0.02454847478103292,0.0819672131147541,0.031218051355118084,Low Value,0.6124872205420472,778,High Priority,Contract Upgrade Offer,40,0.2,73.152,33.152,0.8288,822,26580
301,36,Male,6,50.68,One-Year,Fiber Optic,304.08,Yes,Yes,1,Expected Range,Expected Range,35-44,0-6 Months,Moderate,608.16,50.68,608.16,New,0.8817542641047925,Critical,44.68730610483088,536.2476732579705,0.22987994664295242,0.024490486257928115,0.04918032786885246,0.11281873081466892,Low Value,0.574180050788743,833,Medium Priority,New Customer Onboarding Call,10,0.08,42.89981386063764,32.89981386063764,3.289981386063764,823,26590
534,32,Male,0,49.91,One-Year,Fiber Optic,0.0,Yes,Yes,1,Expected Range,Expected Range,25-34,0-6 Months,Low,598.92,49.91,598.92,New,0.8934456792141642,Critical,44.59187384957893,535.1024861949472,0.22132058692752332,0.0,0.0,0.08852823477100934,Low Value,0.5714787014369022,838,Medium Priority,New Customer Onboarding Call,10,0.08,42.80819889559578,32.80819889559578,3.280819889559578,824,26600
669,18,Female,38,31.02,Month-to-Month,Fiber Optic,1178.76,Yes,Yes,1,Expected Range,Expected Range,Under 25,25-48 Months,Low,372.24,31.02,372.24,Established,0.969735495893222,Critical,30.08119508260775,360.974340991293,0.011338372610048941,0.09493687707641196,0.3114754098360656,0.11563210847978016,Low Value,0.6280941409278452,708,High Priority,Contract Upgrade Offer,40,0.2,72.1948681982586,32.194868198258604,0.8048717049564651,825,26640
331,44,Male,1,30.06,Month-to-Month,Fiber Optic,30.06,No,Yes,1,Expected Range,Expected Range,35-44,0-6 Months,Low,360.71999999999997,30.06,360.71999999999997,New,1.0,Critical,30.06,360.71999999999997,0.0006669630947087613,0.0024210208396254905,0.00819672131147541,0.0031633228596212788,Low Value,0.6012653291438484,806,High Priority,Contract Upgrade Offer,40,0.2,72.14399999999999,32.14399999999999,0.8035999999999998,826,26680
856,39,Male,5,30.0,Month-to-Month,Fiber Optic,150.0,Yes,Yes,1,Expected Range,Expected Range,35-44,0-6 Months,Low,360.0,30.0,360.0,New,0.9975203252032521,Critical,29.92560975609756,359.10731707317075,0.0,0.012080942313500452,0.04098360655737705,0.014474231449069421,Low Value,0.604301887701579,800,High Priority,Contract Upgrade Offer,40,0.2,71.82146341463415,31.821463414634152,0.7955365853658538,827,26720
584,67,Female,4,50.82,Two-Year,Fiber Optic,203.28,Yes,Yes,1,Expected Range,Expected Range,65+,0-6 Months,Moderate,609.84,50.82,609.84,New,0.8560190182011335,Critical,43.5028865049816,522.0346380597792,0.23143619386393954,0.016372093023255815,0.03278688524590164,0.10650143141519076,Low Value,0.5562119834867564,845,Medium Priority,New Customer Onboarding Call,10,0.08,41.76277104478234,31.76277104478234,3.176277104478234,828,26730
834,37,Male,36,30.1,Two-Year,DSL,1083.6,No,Yes,1,Expected Range,Expected Range,35-44,25-48 Months,Low,361.20000000000005,30.1,361.20000000000005,Established,0.9544348156460406,Critical,28.728487950945823,344.7418554113499,0.0011116051578479724,0.08727272727272727,0.29508196721311475,0.10476058841187241,Low Value,0.6145651247523733,762,High Priority,Complimentary Tech Support,20,0.15,51.71127831170248,31.71127831170248,1.585563915585124,829,26750
628,43,Male,4,53.93,Two-Year,Fiber Optic,215.72,Yes,Yes,1,Expected Range,Expected Range,35-44,0-6 Months,Moderate,647.16,53.93,647.16,New,0.8049597559497,Critical,43.411479638367325,520.9377556604079,0.26600711427301027,0.017374005839122117,0.03278688524590164,0.12068046906437226,Low Value,0.5312480411955689,864,Medium Priority,New Customer Onboarding Call,10,0.08,41.675020452832634,31.675020452832634,3.167502045283263,830,26760
424,54,Male,0,53.49,Two-Year,DSL,0.0,Yes,Yes,1,Expected Range,Expected Range,45-54,0-6 Months,Moderate,641.88,53.49,641.88,New,0.8038835073159345,Critical,42.99972880632934,515.9967456759521,0.2611160515784794,0.0,0.0,0.10444642063139176,Low Value,0.5241086726421174,868,Medium Priority,New Customer Onboarding Call,10,0.08,41.27973965407617,31.279739654076167,3.127973965407617,831,26770
309,50,Male,0,49.68,One-Year,DSL,0.0,Yes,Yes,1,Expected Range,Expected Range,45-54,0-6 Months,Low,596.16,49.68,596.16,New,0.8535601224466741,Critical,42.40486688315077,508.85840259780923,0.21876389506447314,0.0,0.0,0.08750555802578926,Low Value,0.5471382966783201,850,Medium Priority,New Customer Onboarding Call,10,0.08,40.70867220782474,30.70867220782474,3.070867220782474,832,26780
415,48,Male,29,30.93,Month-to-Month,DSL,896.97,Yes,Yes,1,Expected Range,Expected Range,45-54,25-48 Months,Low,371.15999999999997,30.93,371.15999999999997,Established,0.9509588394649222,Critical,29.413156904650045,352.95788285580056,0.010337927967985772,0.07224161884627,0.2377049180327869,0.08884596729158553,Low Value,0.6061136905955875,797,High Priority,Contract Upgrade Offer,40,0.2,70.59157657116012,30.591576571160118,0.7647894142790029,833,26820
934,23,Male,5,47.09,One-Year,Fiber Optic,235.45,Yes,Yes,1,Expected Range,Expected Range,Under 25,0-6 Months,Low,565.08,47.09,565.08,New,0.8830603007037856,Critical,41.58330956014127,498.9997147216952,0.1899733214762117,0.018963052451424545,0.04098360655737705,0.09287229858782753,Low Value,0.5669850998574023,842,Medium Priority,New Customer Onboarding Call,10,0.08,39.91997717773562,29.919977177735618,2.991997717773562,834,26830
449,39,Male,19,30.62,Month-to-Month,DSL,581.78,Yes,Yes,1,Expected Range,Expected Range,35-44,13-24 Months,Low,367.44,30.62,367.44,Developing,0.9453375915607797,Critical,28.946237053591073,347.35484464309286,0.006891951978657218,0.04685633746098862,0.1557377049180328,0.0580909251323171,Low Value,0.5904389249893947,815,Medium Priority,Contract Upgrade Offer,40,0.2,69.47096892861857,29.470968928618575,0.7367742232154644,835,26870
766,37,Female,1,48.93,Two-Year,Fiber Optic,48.93,Yes,Yes,1,Expected Range,Expected Range,35-44,0-6 Months,Low,587.16,48.93,587.16,New,0.8175795341205024,Critical,40.004166604516186,480.04999925419423,0.21042685638061365,0.003940803382663847,0.00819672131147541,0.08759920406404667,Low Value,0.5255874020979201,867,Medium Priority,New Customer Onboarding Call,10,0.08,38.40399994033554,28.403999940335538,2.840399994033554,836,26880
460,33,Female,6,47.15,Two-Year,Fiber Optic,282.9,Yes,Yes,1,Expected Range,Expected Range,25-34,0-6 Months,Low,565.8,47.15,565.8,New,0.8186242785303509,Critical,38.59813473270604,463.1776167924725,0.19064028457092042,0.02278465720326185,0.04918032786885246,0.09652582581672293,Low Value,0.5297848974448996,865,Medium Priority,New Customer Onboarding Call,10,0.08,37.0542093433978,27.0542093433978,2.70542093433978,837,26890
358,42,Male,1,45.36,Two-Year,Fiber Optic,45.36,Yes,Yes,1,Expected Range,Expected Range,35-44,0-6 Months,Low,544.3199999999999,45.36,544.3199999999999,New,0.823498818914239,Critical,37.35390642594988,448.2468771113986,0.17074255224544244,0.0036532769556025368,0.00819672131147541,0.07162484816050672,Low Value,0.5227492306127461,869,Medium Priority,New Customer Onboarding Call,10,0.08,35.85975016891189,25.859750168911887,2.585975016891189,838,26900
823,67,Male,5,42.9,One-Year,DSL,214.5,Yes,Yes,1,Expected Range,Expected Range,65+,0-6 Months,Low,514.8,42.9,514.8,New,0.8550432459268628,Critical,36.68135525026241,440.17626300314896,0.14339706536238328,0.01727574750830565,0.04098360655737705,0.07365123941220456,Low Value,0.5424864433209995,856,Medium Priority,New Customer Onboarding Call,10,0.08,35.21410104025192,25.21410104025192,2.521410104025192,839,26910
432,24,Female,5,38.31,Two-Year,DSL,191.55,Yes,Yes,1,Expected Range,Expected Range,Under 25,0-6 Months,Low,459.72,38.31,459.72,New,0.8705444735500364,Critical,33.3505587817019,400.2067053804228,0.09237438861716324,0.01542736333434008,0.04098360655737705,0.05259523425322858,Low Value,0.5433647778313132,855,Medium Priority,New Customer Onboarding Call,10,0.08,32.016536430433824,22.016536430433824,2.2016536430433824,840,26920
915,44,Female,3,39.49,Two-Year,Fiber Optic,118.47,Yes,Yes,1,Expected Range,Expected Range,35-44,0-6 Months,Low,473.88,39.49,473.88,New,0.8303943458652873,Critical,32.7922727182202,393.50727261864233,0.10549132947976886,0.009541528239202658,0.02459016393442623,0.051683607659235034,Low Value,0.5189100505828663,871,Medium Priority,New Customer Onboarding Call,10,0.08,31.480581809491387,21.480581809491387,2.1480581809491386,841,26930
691,41,Female,1,38.58,One-Year,Fiber Optic,38.58,Yes,Yes,1,Expected Range,Expected Range,35-44,0-6 Months,Low,462.96,38.58,462.96,New,0.8311939646119123,Critical,32.06746315472758,384.8095578567309,0.09537572254335264,0.003107218363032316,0.00819672131147541,0.04128699577227122,Low Value,0.5152311770760558,877,Medium Priority,New Customer Onboarding Call,10,0.08,30.784764628538476,20.784764628538476,2.0784764628538475,842,26940
818,53,Female,1,38.09,One-Year,Fiber Optic,38.09,Yes,Yes,1,Expected Range,Expected Range,45-54,0-6 Months,Low,457.08000000000004,38.09,457.08000000000004,New,0.8333690793108007,Critical,31.743028230948404,380.9163387713809,0.0899288572698978,0.003067753951474882,0.00819672131147541,0.03909443711884418,Low Value,0.5156592224340181,876,Medium Priority,New Customer Onboarding Call,10,0.08,30.47330710171047,20.47330710171047,2.047330710171047,843,26950
431,33,Female,1,35.56,Two-Year,DSL,35.56,Yes,Yes,1,Expected Range,Expected Range,25-34,0-6 Months,Low,426.72,35.56,426.72,New,0.8733827088441539,Critical,31.057489126498115,372.6898695179774,0.06180524677634508,0.0028639887244538407,0.00819672131147541,0.027773675091965728,Low Value,0.5351390953432786,859,Medium Priority,New Customer Onboarding Call,10,0.08,29.815189561438192,19.815189561438192,1.9815189561438191,844,26960
267,61,Female,1,35.13,Two-Year,DSL,35.13,Yes,Yes,1,Expected Range,Expected Range,55-64,0-6 Months,Low,421.56000000000006,35.13,421.56000000000006,New,0.8450855247674807,Critical,29.687854485081598,356.25425382097916,0.057025344597599004,0.0028293566898218063,0.00819672131147541,0.025849593008346085,Low Value,0.5173911520638268,872,Medium Priority,New Customer Onboarding Call,10,0.08,28.500340305678332,18.500340305678332,1.850034030567833,845,26970
941,32,Female,4,35.12,One-Year,Fiber Optic,140.48,Yes,Yes,1,Expected Range,Expected Range,25-34,0-6 Months,Low,421.43999999999994,35.12,421.43999999999994,New,0.8377707632826953,Critical,29.422509206488257,353.0701104778591,0.056914184081814145,0.01131420517467029,0.03278688524590164,0.03492236675533567,Low Value,0.5166314046717514,873,Medium Priority,New Customer Onboarding Call,10,0.08,28.245608838228726,18.245608838228726,1.8245608838228726,846,26980
615,69,Male,5,33.53,Two-Year,Fiber Optic,167.65,Yes,Yes,1,Expected Range,Expected Range,65+,0-6 Months,Low,402.36,33.53,402.36,New,0.8679755625785788,Critical,29.103220613259747,349.23864735911695,0.039239662072032055,0.01350246652572234,0.04098360655737705,0.030667629752159906,Low Value,0.5330523894480113,862,Medium Priority,New Customer Onboarding Call,10,0.08,27.939091788729357,17.939091788729357,1.7939091788729358,847,26990
175,47,Female,5,31.72,Two-Year,Fiber Optic,158.6,Yes,Yes,1,Expected Range,Expected Range,45-54,0-6 Months,Low,380.64,31.72,380.64,New,0.8428106024444653,Critical,26.733952309538438,320.80742771446126,0.01911960871498447,0.012773583006141145,0.04098360655737705,0.02236449917748745,Low Value,0.5146321611376741,878,Medium Priority,New Customer Onboarding Call,10,0.08,25.6645942171569,15.6645942171569,1.56645942171569,848,27000
24,30,Male,10,99.55,One-Year,Fiber Optic,995.5,Yes,Yes,1,Expected Range,Expected Range,25-34,7-12 Months,High,1194.6,99.55,1194.6,Developing,0.9152333195977758,Critical,91.11147696595857,1093.337723591503,0.773121387283237,0.08017718715393134,0.0819672131147541,0.3578023736958594,High Value,0.6922609412370092,448,High Priority,No Immediate Action,0,0.0,0.0,0.0,0.0,849,27000
389,54,Male,8,90.97,One-Year,DSL,727.76,Yes,Yes,1,Expected Range,Expected Range,45-54,7-12 Months,High,1091.6399999999999,90.97,1091.6399999999999,Developing,0.9002286328293447,Critical,81.89379872848549,982.725584741826,0.6777456647398845,0.058613510520487265,0.06557377049180328,0.3080064372010752,High Value,0.6633397545780368,564,High Priority,No Immediate Action,0,0.0,0.0,0.0,0.0,850,27000
623,63,Male,10,90.4,One-Year,DSL,904.0,Yes,Yes,1,Expected Range,Expected Range,55-64,7-12 Months,High,1084.8000000000002,90.4,1084.8000000000002,Developing,0.8866112115168017,Critical,80.14965352111888,961.7958422534266,0.6714095153401514,0.07280781234269607,0.0819672131147541,0.31453834373469275,High Value,0.657782064403958,593,High Priority,No Immediate Action,0,0.0,0.0,0.0,0.0,851,27000
42,46,Female,9,98.28,Two-Year,Fiber Optic,884.52,Yes,Yes,1,Expected Range,Expected Range,45-54,7-12 Months,High,1179.3600000000001,98.28,1179.3600000000001,Developing,0.861662723518413,Critical,84.68421246738963,1016.2105496086756,0.7590040017785684,0.07123890063424947,0.07377049180327869,0.3469778388842344,High Value,0.6557887696647415,601,High Priority,No Immediate Action,0,0.0,0.0,0.0,0.0,852,27000
748,37,Male,10,85.75,One-Year,DSL,857.5,Yes,Yes,1,Expected Range,Expected Range,35-44,7-12 Months,High,1029.0,85.75,1029.0,Developing,0.886565825664104,Critical,76.02301955069692,912.276234608363,0.6197198755002225,0.06906272022551092,0.0819672131147541,0.2925517055577064,High Value,0.648960177621545,626,High Priority,No Immediate Action,0,0.0,0.0,0.0,0.0,853,27000
334,38,Male,9,86.46,One-Year,DSL,778.14,Yes,Yes,1,Expected Range,Expected Range,35-44,7-12 Months,High,1037.52,86.46,1037.52,Developing,0.88252581354426,Critical,76.30318183903671,915.6381820684405,0.6276122721209426,0.06267109634551495,0.07377049180327869,0.29142241552012693,High Value,0.6460844543346067,641,High Priority,No Immediate Action,0,0.0,0.0,0.0,0.0,854,27000
402,39,Male,7,90.11,One-Year,Fiber Optic,630.77,Yes,Yes,1,Expected Range,Expected Range,35-44,7-12 Months,High,1081.32,90.11,1081.32,Developing,0.8375199937927108,Critical,75.46892664066117,905.627119687934,0.6681858603823922,0.05080197322057787,0.05737704918032787,0.29939929707524116,High Value,0.622271715105723,736,High Priority,No Immediate Action,0,0.0,0.0,0.0,0.0,855,27000
150,47,Male,7,88.46,Two-Year,DSL,619.2199999999999,Yes,Yes,1,Expected Range,Expected Range,45-54,7-12 Months,High,1061.52,88.46,1061.52,Developing,0.8370910204477213,Critical,74.04907166880542,888.5888600256651,0.6498443752779013,0.04987174066243833,0.05737704918032787,0.2917371216380959,High Value,0.6189494609238712,747,High Priority,No Immediate Action,0,0.0,0.0,0.0,0.0,856,27000
353,53,Female,11,83.72,Two-Year,Fiber Optic,920.92,Yes,Yes,1,Expected Range,Expected Range,45-54,7-12 Months,High,1004.64,83.72,1004.64,Developing,0.829759290847535,Critical,69.46744782975563,833.6093739570675,0.5971542907959093,0.0741705426356589,0.09016393442622951,0.2873623898474017,High Value,0.6128005304474816,773,High Priority,No Immediate Action,0,0.0,0.0,0.0,0.0,857,27000
752,31,Female,8,80.78,One-Year,Fiber Optic,646.24,Yes,Yes,1,Expected Range,Expected Range,25-34,7-12 Months,High,969.36,80.78,969.36,Developing,0.8323619333722319,Critical,67.2381969778089,806.8583637337067,0.5644730991551802,0.05204792107117689,0.06557377049180328,0.2603994546599348,Moderate Value,0.603576941887313,804,High Priority,No Immediate Action,0,0.0,0.0,0.0,0.0,858,27000
253,66,Male,10,57.22,One-Year,DSL,572.2,Yes,Yes,1,Expected Range,Expected Range,65+,7-12 Months,Moderate,686.64,57.22,686.64,Developing,0.8669730304864203,Critical,49.608196804432964,595.2983616531956,0.3025789239662072,0.046084767945233064,0.0819672131147541,0.157653041646003,Low Value,0.5832450349502534,819,Medium Priority,No Immediate Action,0,0.0,0.0,0.0,0.0,859,27000
252,54,Female,10,73.61,One-Year,DSL,736.1,Yes,Yes,1,Expected Range,Expected Range,45-54,7-12 Months,Moderate,883.3199999999999,73.61,883.3199999999999,Developing,0.810017931164987,Critical,59.62541991305469,715.5050389566563,0.4847710093374834,0.05928521091311789,0.0819672131147541,0.23515003083327315,Moderate Value,0.5800707710323014,823,Medium Priority,No Immediate Action,0,0.0,0.0,0.0,0.0,860,27000
797,44,Male,10,73.07,Two-Year,Fiber Optic,730.6999999999999,Yes,Yes,1,Expected Range,Expected Range,35-44,7-12 Months,Moderate,876.8399999999999,73.07,876.8399999999999,Developing,0.8055440345215226,Critical,58.86110260248765,706.3332312298518,0.4787683414851045,0.058850296989831866,0.0819672131147541,0.23259674381917148,Moderate Value,0.5763651182405821,828,Medium Priority,No Immediate Action,0,0.0,0.0,0.0,0.0,861,27000
66,58,Male,10,54.48,One-Year,DSL,544.8,Yes,Yes,1,Expected Range,Expected Range,55-64,7-12 Months,Moderate,653.76,54.48,653.76,Developing,0.8639867712238455,Critical,47.0699992962751,564.8399915553011,0.2721209426411738,0.043877982482633644,0.0819672131147541,0.14469747420407983,Low Value,0.5762710524159392,829,Medium Priority,No Immediate Action,0,0.0,0.0,0.0,0.0,862,27000
614,33,Male,7,59.27,One-Year,DSL,414.89,Yes,Yes,1,Expected Range,Expected Range,25-34,7-12 Months,Moderate,711.24,59.27,711.24,Developing,0.8516645963782365,Critical,50.478160627338085,605.7379275280571,0.32536682970208985,0.033415081042988015,0.05737704918032787,0.1561862725409637,Low Value,0.5734732668433274,835,Medium Priority,No Immediate Action,0,0.0,0.0,0.0,0.0,863,27000
158,49,Female,8,63.58,Two-Year,Fiber Optic,508.64,Yes,Yes,1,Expected Range,Expected Range,45-54,7-12 Months,Moderate,762.96,63.58,762.96,Developing,0.8356627894938883,Critical,53.13144015602141,637.5772818722569,0.3732770120053357,0.0409656699889258,0.06557377049180328,0.18004223192120913,Moderate Value,0.5734145664648166,836,Medium Priority,No Immediate Action,0,0.0,0.0,0.0,0.0,864,27000
967,38,Female,10,67.33,One-Year,DSL,673.3,Yes,Yes,1,Expected Range,Expected Range,35-44,7-12 Months,Moderate,807.96,67.33,807.96,Developing,0.8137585766995872,Critical,54.7903649691832,657.4843796301984,0.41496220542463325,0.05422732306453236,0.0819672131147541,0.20545624852112815,Moderate Value,0.5704376454282035,839,Medium Priority,No Immediate Action,0,0.0,0.0,0.0,0.0,865,27000
718,46,Male,8,47.41,One-Year,Fiber Optic,379.28,Yes,Yes,1,Expected Range,Expected Range,45-54,7-12 Months,Low,568.92,47.41,568.92,Developing,0.8564724134414575,Critical,40.6053571212595,487.264285455114,0.19353045798132507,0.03054706533776301,0.06557377049180328,0.1044970986836979,Low Value,0.5556822875383537,846,Medium Priority,No Immediate Action,0,0.0,0.0,0.0,0.0,866,27000
736,49,Female,10,54.36,One-Year,Fiber Optic,543.6,Yes,Yes,1,Expected Range,Expected Range,45-54,7-12 Months,Moderate,652.3199999999999,54.36,652.3199999999999,Developing,0.8299845527393437,Critical,45.11796028691072,541.4155234429287,0.2707870164517564,0.043781334944125644,0.0819672131147541,0.14413007708983508,Low Value,0.5556427624795403,847,Medium Priority,No Immediate Action,0,0.0,0.0,0.0,0.0,867,27000
91,45,Female,9,51.91,Two-Year,Fiber Optic,467.18999999999994,Yes,Yes,1,Expected Range,Expected Range,45-54,7-12 Months,Moderate,622.92,51.91,622.92,Developing,0.8334090068831389,Critical,43.26226154730374,519.1471385676448,0.243552690084482,0.03762730292962851,0.07377049180327869,0.12903325500998244,Low Value,0.5516587061338762,849,Medium Priority,No Immediate Action,0,0.0,0.0,0.0,0.0,868,27000
228,34,Male,8,39.09,One-Year,Fiber Optic,312.72,Yes,Yes,1,Expected Range,Expected Range,25-34,7-12 Months,Low,469.08000000000004,39.09,469.08000000000004,Developing,0.867995917260212,Critical,33.92996040570169,407.1595248684203,0.10104490884837714,0.025186348535185747,0.06557377049180328,0.06562662814961669,Low Value,0.5470482016159739,851,Medium Priority,No Immediate Action,0,0.0,0.0,0.0,0.0,869,27000
647,18,Female,7,37.57,Two-Year,DSL,262.99,Yes,Yes,1,Expected Range,Expected Range,Under 25,7-12 Months,Low,450.84000000000003,37.57,450.84000000000003,Developing,0.8730082416659782,Critical,32.7989196393908,393.58703567268964,0.0841485104490885,0.021181113460183226,0.05737704918032787,0.0554170561857815,Low Value,0.5459717674738995,852,Medium Priority,No Immediate Action,0,0.0,0.0,0.0,0.0,870,27000
959,50,Female,8,44.57,Two-Year,Fiber Optic,356.56,Yes,Yes,1,Expected Range,Expected Range,45-54,7-12 Months,Low,534.84,44.57,534.84,Developing,0.84020507525935,Critical,37.447940204309226,449.37528245171075,0.1619608714984438,0.02871720527534481,0.06557377049180328,0.09122881306869902,Low Value,0.5406145703830895,857,Medium Priority,No Immediate Action,0,0.0,0.0,0.0,0.0,871,27000
529,47,Female,7,48.82,One-Year,DSL,341.74,Yes,Yes,1,Expected Range,Expected Range,45-54,7-12 Months,Low,585.84,48.82,585.84,Developing,0.8180191953317969,Critical,39.935697116098325,479.2283653931799,0.20920409070698087,0.027523608174770967,0.05737704918032787,0.10765916143904415,Low Value,0.5338751817746958,860,Medium Priority,No Immediate Action,0,0.0,0.0,0.0,0.0,872,27000
874,37,Male,10,38.7,One-Year,DSL,387.0,Yes,Yes,1,Expected Range,Expected Range,35-44,7-12 Months,Low,464.40000000000003,38.7,464.40000000000003,Developing,0.8427028148004705,Critical,32.61259893277821,391.35118719333855,0.09670964873277016,0.03116883116883117,0.0819672131147541,0.07008475368088751,Low Value,0.5336555903526372,861,Medium Priority,No Immediate Action,0,0.0,0.0,0.0,0.0,873,27000
698,32,Male,10,34.62,One-Year,Fiber Optic,346.2,Yes,Yes,1,Expected Range,Expected Range,25-34,7-12 Months,Low,415.43999999999994,34.62,415.43999999999994,Developing,0.8517503620462583,Critical,29.48759753404146,353.8511704084975,0.05135615829257445,0.027882814859559044,0.0819672131147541,0.05079325179656397,Low Value,0.5313675179463806,863,Medium Priority,No Immediate Action,0,0.0,0.0,0.0,0.0,874,27000
88,48,Male,11,53.36,One-Year,DSL,586.96,Yes,Yes,1,Expected Range,Expected Range,45-54,7-12 Months,Moderate,640.3199999999999,53.36,640.3199999999999,Developing,0.7859308022084848,Critical,41.937267605844745,503.247211270137,0.259670964873277,0.047273532668881506,0.09016393442622951,0.1429551059899767,Low Value,0.5287405237210815,866,Medium Priority,No Immediate Action,0,0.0,0.0,0.0,0.0,875,27000
161,35,Female,11,75.03,One-Year,Fiber Optic,825.33,Yes,Yes,1,Expected Range,Expected Range,35-44,7-12 Months,High,900.36,75.03,900.36,Developing,0.7056558022298047,High,52.94535484130225,635.344258095627,0.5005558025789241,0.0664717607973422,0.09016393442622951,0.2460284209171968,Moderate Value,0.5218048497047616,870,Medium Priority,No Immediate Action,0,0.0,0.0,0.0,0.0,876,27000
859,39,Male,11,52.9,One-Year,DSL,581.9,Yes,Yes,1,Expected Range,Expected Range,35-44,7-12 Months,Moderate,634.8,52.9,634.8,Developing,0.7664313422338777,Critical,40.54421800417213,486.53061605006553,0.2545575811471765,0.04686600221483942,0.09016393442622951,0.1407671168406218,Low Value,0.5161656520765753,874,Medium Priority,No Immediate Action,0,0.0,0.0,0.0,0.0,877,27000
913,47,Male,11,37.74,Two-Year,Fiber Optic,415.14,Yes,Yes,1,Expected Range,Expected Range,45-54,7-12 Months,Low,452.88,37.74,452.88,Developing,0.8143468629796744,Critical,30.733450608852912,368.801407306235,0.08603823921743003,0.03343521594684385,0.09016393442622951,0.06865860487492474,Low Value,0.5160715597377745,875,Medium Priority,No Immediate Action,0,0.0,0.0,0.0,0.0,878,27000
89,39,Female,7,33.03,Two-Year,Fiber Optic,231.21,Yes,Yes,1,Expected Range,Expected Range,35-44,7-12 Months,Low,396.36,33.03,396.36,Developing,0.8325325967142041,Critical,27.498551669470164,329.982620033642,0.033681636282792415,0.018621564482029597,0.05737704918032787,0.03433446437690929,Low Value,0.5132533437792861,879,Medium Priority,No Immediate Action,0,0.0,0.0,0.0,0.0,879,27000
939,47,Female,9,31.88,One-Year,Fiber Optic,286.92,Yes,Yes,1,Expected Range,Expected Range,45-54,7-12 Months,Low,382.56,31.88,382.56,Developing,0.8286130224821322,Critical,26.416183156730373,316.9941978807645,0.02089817696754115,0.023108426457263666,0.07377049180327869,0.034889842997878416,Low Value,0.5111237506884306,880,Medium Priority,No Immediate Action,0,0.0,0.0,0.0,0.0,880,27000
350,42,Female,8,43.9,One-Year,DSL,351.2,Yes,Yes,1,Expected Range,Expected Range,35-44,7-12 Months,Low,526.8,43.9,526.8,Developing,0.7930800177235293,Critical,34.81621277806293,417.7945533367552,0.15451311694086262,0.028285512936675725,0.06557377049180328,0.08809861892713237,Low Value,0.5110874582049705,881,Medium Priority,No Immediate Action,0,0.0,0.0,0.0,0.0,881,27000
154,47,Female,8,34.8,One-Year,DSL,278.4,Yes,Yes,1,Expected Range,Expected Range,45-54,7-12 Months,Low,417.59999999999997,34.8,417.59999999999997,Developing,0.8178401950113026,Critical,28.460838786393328,341.53006543671995,0.053357047576700734,0.022422228933856838,0.06557377049180328,0.045584041780481005,Low Value,0.5089377337189739,882,Medium Priority,No Immediate Action,0,0.0,0.0,0.0,0.0,882,27000
394,63,Female,10,31.72,Two-Year,Fiber Optic,317.2,Yes,Yes,1,Expected Range,Expected Range,55-64,7-12 Months,Low,380.64,31.72,380.64,Developing,0.8233413994025995,Critical,26.116389189050455,313.3966702686055,0.01911960871498447,0.02554716601228229,0.0819672131147541,0.037081154868981114,Low Value,0.5088373015891522,883,Medium Priority,No Immediate Action,0,0.0,0.0,0.0,0.0,883,27000
30,42,Male,62,97.66,Two-Year,Fiber Optic,6054.92,Yes,No,0,Expected Range,Expected Range,35-44,49-72 Months,High,1171.92,0.0,0.0,Loyal,0.09179924109424778,Low,8.965113885264238,107.58136662317085,0.7521120497999112,0.48766092821906776,0.5081967213114754,0.5985753251245071,Top Value,0.29450967470635153,884,Monitor,No Immediate Action,0,0.0,0.0,0.0,0.0,884,27000
893,55,Female,35,92.41,Two-Year,DSL,3234.35,Yes,No,0,Expected Range,Expected Range,55-64,25-48 Months,High,1108.92,0.0,0.0,Established,0.13753868530419128,Low,12.709949908960315,152.5193989075238,0.6937527790128948,0.26049330514446795,0.2868852459016394,0.4403950798811316,Top Value,0.25868124313496743,885,Monitor,No Immediate Action,0,0.0,0.0,0.0,0.0,885,27000
109,47,Female,22,97.34,Two-Year,Fiber Optic,2141.48,Yes,No,0,Expected Range,Expected Range,45-54,13-24 Months,High,1168.08,0.0,0.0,Developing,0.14619488461449814,Low,14.230610068375249,170.767320820503,0.7485549132947977,0.17247397563676634,0.18032786885245902,0.40486982400390203,Top Value,0.2496648603702597,886,Monitor,No Immediate Action,0,0.0,0.0,0.0,0.0,886,27000
16,39,Female,41,89.11,Two-Year,Fiber Optic,3653.51,Yes,No,0,Expected Range,Expected Range,35-44,25-48 Months,High,1069.32,0.0,0.0,Established,0.09249241326986696,Low,8.241998946477844,98.90398735773414,0.657069808803913,0.29425229034531364,0.33606557377049184,0.4498326185850479,Top Value,0.23542849539593935,887,Monitor,No Immediate Action,0,0.0,0.0,0.0,0.0,887,27000
611,51,Female,72,76.27,Two-Year,Fiber Optic,5491.44,Yes,No,0,Expected Range,Expected Range,45-54,49-72 Months,High,915.24,0.0,0.0,Loyal,0.025063692294694077,Low,1.911607811316317,22.939293735795804,0.5143397065362384,0.44227846572032614,0.5901639344262295,0.5080743292231669,Top Value,0.21826794706608318,888,Monitor,No Immediate Action,0,0.0,0.0,0.0,0.0,888,27000
325,34,Male,31,90.55,Two-Year,DSL,2807.0499999999997,Yes,No,0,Expected Range,Expected Range,25-34,25-48 Months,High,1086.6,0.0,0.0,Established,0.07995627975006421,Low,7.240041131368314,86.88049357641977,0.6730769230769231,0.22607872747407629,0.2540983606557377,0.4118829140106304,Top Value,0.21272693345429067,889,Monitor,No Immediate Action,0,0.0,0.0,0.0,0.0,889,27000
779,44,Female,18,91.43,Two-Year,Fiber Optic,1645.7400000000002,Yes,No,0,Expected Range,Expected Range,35-44,13-24 Months,High,1097.16,0.0,0.0,Developing,0.10576206363717247,Low,9.669825478346679,116.03790574016014,0.6828590484659851,0.13254726668680158,0.14754098360655737,0.3564204086284139,High Value,0.20602540163366903,890,Monitor,No Immediate Action,0,0.0,0.0,0.0,0.0,890,27000
157,63,Female,16,90.98,Two-Year,DSL,1455.68,Yes,No,0,Expected Range,Expected Range,55-64,13-24 Months,High,1091.76,0.0,0.0,Developing,0.11236595788511428,Low,10.223054848387697,122.67665818065237,0.6778568252556694,0.11723990737944226,0.13114754098360656,0.3449635829309742,High Value,0.20540500790345823,891,Monitor,No Immediate Action,0,0.0,0.0,0.0,0.0,891,27000
438,31,Male,63,75.14,Two-Year,Fiber Optic,4733.82,Yes,No,0,Expected Range,Expected Range,25-34,49-72 Months,High,901.6800000000001,0.0,0.0,Loyal,0.02359726783404313,Low,1.773098705050001,21.27718446060001,0.5017785682525567,0.3812600422832981,0.5163934426229508,0.46325080275591474,Top Value,0.1994586818027918,892,Monitor,No Immediate Action,0,0.0,0.0,0.0,0.0,892,27000
25,39,Male,47,79.36,One-Year,DSL,3729.92,Yes,No,0,Expected Range,Expected Range,35-44,25-48 Months,High,952.3199999999999,0.0,0.0,Established,0.03483474462707375,Low,2.7644853336045725,33.17382400325487,0.5486883059137395,0.30040632235981074,0.3852459016393443,0.42092901060126564,Top Value,0.1892724510167505,893,Monitor,No Immediate Action,0,0.0,0.0,0.0,0.0,893,27000
27,33,Female,18,98.99,One-Year,Fiber Optic,1781.82,Yes,No,0,Expected Range,Expected Range,25-34,13-24 Months,High,1187.8799999999999,0.0,0.0,Developing,0.05214114197948967,Low,5.1614516445496825,61.93741973459619,0.7668963983992887,0.1435070975536092,0.14754098360655737,0.39387128940511806,Top Value,0.18883320094974104,894,Monitor,No Immediate Action,0,0.0,0.0,0.0,0.0,894,27000
258,37,Female,59,75.5,Two-Year,Fiber Optic,4454.5,Yes,No,0,Expected Range,Expected Range,35-44,49-72 Months,High,906.0,0.0,0.0,Loyal,0.014843524078708622,Low,1.120686067942501,13.448232815310012,0.5057803468208093,0.35876371690325176,0.4836065573770492,0.44878107898872416,Top Value,0.18841854604271485,895,Monitor,No Immediate Action,0,0.0,0.0,0.0,0.0,895,27000
853,38,Female,30,95.6,One-Year,Fiber Optic,2868.0,Yes,No,0,Expected Range,Expected Range,35-44,25-48 Months,High,1147.1999999999998,0.0,0.0,Established,0.024337033881337566,Low,2.3266204390558713,27.919445268670458,0.7292129835482437,0.23098761703412865,0.24590163934426232,0.4340062692173081,Top Value,0.1882047280157258,896,Monitor,No Immediate Action,0,0.0,0.0,0.0,0.0,896,27000
911,41,Male,39,82.7,Two-Year,DSL,3225.3,Yes,No,0,Expected Range,Expected Range,35-44,25-48 Months,High,992.4000000000001,0.0,0.0,Established,0.04032532305425448,Low,3.3349042165868457,40.018850599042146,0.5858159181858605,0.2597644216248868,0.319672131147541,0.40516194762993984,Top Value,0.18625997288452864,897,Monitor,No Immediate Action,0,0.0,0.0,0.0,0.0,897,27000
377,53,Female,24,95.21,One-Year,Fiber Optic,2285.04,Yes,No,0,Expected Range,Expected Range,45-54,13-24 Months,High,1142.52,0.0,0.0,Developing,0.03959292249365875,Low,3.7696421506212494,45.23570580745499,0.7248777234326367,0.1840362428269405,0.19672131147540983,0.40354410223133635,Top Value,0.1851733943887298,898,Monitor,No Immediate Action,0,0.0,0.0,0.0,0.0,898,27000
19,35,Male,98,49.59,Two-Year,Fiber Optic,4859.820000000001,Yes,No,0,Expected Range,Expected Range,35-44,73+ Months,Low,595.08,0.0,0.0,Loyal,0.019606307975281703,Low,0.9722768124942197,11.667321749930636,0.21776345042241008,0.3914080338266385,0.8032786885245902,0.42491786413943505,Top Value,0.18173093044094304,899,Monitor,No Immediate Action,0,0.0,0.0,0.0,0.0,899,27000
843,33,Male,14,89.86,One-Year,Fiber Optic,1258.04,Yes,No,0,Expected Range,Expected Range,25-34,13-24 Months,High,1078.32,0.0,0.0,Developing,0.08070338397613122,Low,7.252006084095152,87.02407300914183,0.6654068474877725,0.10132205778717406,0.11475409836065574,0.3303139838107838,High Value,0.18054762390999224,900,Monitor,No Immediate Action,0,0.0,0.0,0.0,0.0,900,27000
781,46,Male,58,68.62,One-Year,Fiber Optic,3979.96,Yes,No,0,Expected Range,Expected Range,45-54,49-72 Months,Moderate,823.44,0.0,0.0,Loyal,0.029003202840759242,Low,1.9901997789328993,23.882397347194793,0.42930191196087164,0.32054444780026176,0.4754098360655738,0.4027637805308337,Top Value,0.17850743391678903,901,Monitor,No Immediate Action,0,0.0,0.0,0.0,0.0,901,27000
651,63,Male,14,89.55,One-Year,Fiber Optic,1253.7,Yes,No,0,Expected Range,Expected Range,55-64,13-24 Months,High,1074.6,0.0,0.0,Developing,0.07725290718485457,Low,6.917997838403727,83.01597406084471,0.6619608714984438,0.10097251585623679,0.11475409836065574,0.3288132537392243,High Value,0.17787704580660246,902,Monitor,No Immediate Action,0,0.0,0.0,0.0,0.0,902,27000
276,49,Male,47,78.42,One-Year,DSL,3685.74,Yes,No,0,Expected Range,Expected Range,45-54,25-48 Months,High,941.04,0.0,0.0,Established,0.018721858137759652,Low,1.4681681151631119,17.618017381957344,0.5382392174299689,0.2968480821504077,0.3852459016393443,0.41550399113446634,Top Value,0.17743471133644234,903,Monitor,No Immediate Action,0,0.0,0.0,0.0,0.0,903,27000
633,43,Female,28,91.92,One-Year,Fiber Optic,2573.76,Yes,No,0,Expected Range,Expected Range,35-44,25-48 Months,High,1103.04,0.0,0.0,Established,0.02414335054036133,Low,2.2192567816700133,26.631081380040158,0.6883059137394398,0.2072896405919662,0.22950819672131148,0.40525078888329197,Top Value,0.1765863258775336,904,Monitor,No Immediate Action,0,0.0,0.0,0.0,0.0,904,27000
767,44,Female,18,98.88,One-Year,Fiber Optic,1779.84,Yes,No,0,Expected Range,Expected Range,35-44,13-24 Months,High,1186.56,0.0,0.0,Developing,0.031158013843664255,Low,3.0809044088615214,36.97085290633826,0.7656736327256559,0.14334762911507096,0.14754098360655737,0.39332636918217656,Top Value,0.17602535597906918,905,Monitor,No Immediate Action,0,0.0,0.0,0.0,0.0,905,27000
780,51,Female,40,81.78,One-Year,DSL,3271.2,Yes,No,0,Expected Range,Expected Range,45-54,25-48 Months,High,981.36,0.0,0.0,Established,0.02189606257257905,Low,1.7906599971855148,21.48791996622618,0.5755891507336595,0.26346118997281787,0.3278688524590164,0.4044142898987041,Top Value,0.17490335350302907,906,Monitor,No Immediate Action,0,0.0,0.0,0.0,0.0,906,27000
300,51,Female,29,88.03,One-Year,Fiber Optic,2552.87,Yes,No,0,Expected Range,Expected Range,45-54,25-48 Months,High,1056.3600000000001,0.0,0.0,Established,0.02160141985161996,Low,1.901572989538105,22.818875874457262,0.6450644730991553,0.20560716802577267,0.2377049180327869,0.3894145275568793,Top Value,0.1687266629337237,907,Monitor,No Immediate Action,0,0.0,0.0,0.0,0.0,907,27000
746,37,Female,70,56.05,One-Year,DSL,3923.5,Yes,No,0,Expected Range,Expected Range,35-44,49-72 Months,Moderate,672.5999999999999,0.0,0.0,Loyal,0.03200274912889412,Low,1.7937540886745154,21.525049064094183,0.28957314361938646,0.3159971811134602,0.5737704918032788,0.3698708937882853,High Value,0.1671500069926506,908,Monitor,No Immediate Action,0,0.0,0.0,0.0,0.0,908,27000
520,52,Female,29,81.99,Two-Year,DSL,2377.71,Yes,No,0,Expected Range,Expected Range,45-54,25-48 Months,High,983.8799999999999,0.0,0.0,Established,0.03650480731919392,Low,2.9930291521007093,35.91634982520851,0.57792352156514,0.1914998489882211,0.2377049180327869,0.35762058528013013,High Value,0.16495111850356842,909,Monitor,No Immediate Action,0,0.0,0.0,0.0,0.0,909,27000
366,40,Female,42,75.11,One-Year,DSL,3154.62,Yes,No,0,Expected Range,Expected Range,35-44,25-48 Months,High,901.3199999999999,0.0,0.0,Established,0.019990234929840953,Low,1.501466545580354,18.017598546964248,0.5014450867052024,0.2540718816067653,0.3442622950819672,0.37556876701494063,High Value,0.16222164776388084,910,Monitor,No Immediate Action,0,0.0,0.0,0.0,0.0,910,27000
553,56,Female,16,94.33,One-Year,Fiber Optic,1509.28,Yes,No,0,Expected Range,Expected Range,55-64,13-24 Months,High,1131.96,0.0,0.0,Developing,0.027997202997249192,Low,2.640976158730516,31.691713904766193,0.7150955980435749,0.12155683076613309,0.13114754098360656,0.3613700152314782,High Value,0.1613463278909408,911,Monitor,No Immediate Action,0,0.0,0.0,0.0,0.0,911,27000
831,31,Female,22,91.17,One-Year,Fiber Optic,2005.74,Yes,No,0,Expected Range,Expected Range,25-34,13-24 Months,High,1094.04,0.0,0.0,Developing,0.016757203802969828,Low,1.5277542707167593,18.333051248601112,0.6799688750555803,0.16154152823920265,0.18032786885245902,0.3736090521190678,High Value,0.15949794312940904,912,Monitor,No Immediate Action,0,0.0,0.0,0.0,0.0,912,27000
58,41,Female,41,75.64,Two-Year,Fiber Optic,3101.24,Yes,No,0,Expected Range,Expected Range,35-44,25-48 Months,High,907.6800000000001,0.0,0.0,Established,0.014553610718526417,Low,1.1008351147493383,13.21002137699206,0.5073365940417964,0.24977267693546762,0.33606557377049184,0.3743714679867552,High Value,0.15848075362581793,913,Monitor,No Immediate Action,0,0.0,0.0,0.0,0.0,913,27000
947,29,Female,15,98.06,One-Year,Fiber Optic,1470.9,Yes,No,0,Expected Range,Expected Range,25-34,13-24 Months,High,1176.72,0.0,0.0,Developing,0.013463195851543548,Low,1.3202009852023604,15.842411822428325,0.7565584704313029,0.11846572032618545,0.12295081967213116,0.3748240952047189,High Value,0.15800755559281368,914,Monitor,No Immediate Action,0,0.0,0.0,0.0,0.0,914,27000
935,49,Female,14,93.16,One-Year,Fiber Optic,1304.24,Yes,No,0,Expected Range,Expected Range,45-54,13-24 Months,High,1117.92,0.0,0.0,Developing,0.021787654019514952,Low,2.029737848458013,24.356854181496157,0.7020898176967543,0.1050429880197322,0.11475409836065574,0.34628949747577187,High Value,0.1515883914020177,915,Monitor,No Immediate Action,0,0.0,0.0,0.0,0.0,915,27000
652,56,Male,14,84.22,One-Year,DSL,1179.08,Yes,No,0,Expected Range,Expected Range,55-64,13-24 Months,High,1010.64,0.0,0.0,Developing,0.045155588020027275,Low,3.8030036230466973,45.63604347656037,0.602712316585149,0.09496264975334742,0.11475409836065574,0.30301037863789515,High Value,0.14829750426717442,916,Monitor,No Immediate Action,0,0.0,0.0,0.0,0.0,916,27000
776,29,Female,18,90.88,One-Year,Fiber Optic,1635.84,Yes,No,0,Expected Range,Expected Range,25-34,13-24 Months,High,1090.56,0.0,0.0,Developing,0.01113105314045347,Low,1.0115901094044113,12.139081312852936,0.6767452200978212,0.13174992449411052,0.14754098360655737,0.3536958075137065,High Value,0.1481569548897547,917,Monitor,No Immediate Action,0,0.0,0.0,0.0,0.0,917,27000
187,49,Female,57,54.93,One-Year,Fiber Optic,3131.01,Yes,No,0,Expected Range,Expected Range,45-54,49-72 Months,Moderate,659.16,0.0,0.0,Loyal,0.03501261989061231,Low,1.923243210591334,23.078918527096008,0.27712316585148955,0.25217034128662036,0.4672131147540984,0.31591216447943754,High Value,0.14737243772614242,918,Monitor,No Immediate Action,0,0.0,0.0,0.0,0.0,918,27000
964,52,Male,45,66.06,Two-Year,DSL,2972.7000000000003,Yes,No,0,Expected Range,Expected Range,45-54,25-48 Months,Moderate,792.72,0.0,0.0,Established,0.019468698482335636,Low,1.2861022217430922,15.433226660917107,0.40084481991996457,0.239420114768952,0.36885245901639346,0.3363480828912174,High Value,0.14622045224588837,919,Monitor,No Immediate Action,0,0.0,0.0,0.0,0.0,919,27000
711,47,Male,47,62.5,One-Year,Fiber Optic,2937.5,Yes,No,0,Expected Range,Expected Range,45-54,25-48 Months,Moderate,750.0,0.0,0.0,Established,0.026968207122422847,Low,1.685512945151428,20.226155341817133,0.3612716763005781,0.23658512030605053,0.3852459016393443,0.323624938037185,High Value,0.14563089948832772,920,Monitor,No Immediate Action,0,0.0,0.0,0.0,0.0,920,27000
531,51,Male,26,72.0,One-Year,Fiber Optic,1872.0,Yes,No,0,Expected Range,Expected Range,45-54,25-48 Months,Moderate,864.0,0.0,0.0,Established,0.04711449541041824,Low,3.3922436695501132,40.70692403460136,0.46687416629613165,0.15077016007248564,0.21311475409836067,0.2927979110684128,High Value,0.14538786167361606,921,Monitor,No Immediate Action,0,0.0,0.0,0.0,0.0,921,27000
700,43,Female,40,69.79,Two-Year,Fiber Optic,2791.6000000000004,Yes,No,0,Expected Range,Expected Range,35-44,25-48 Months,Moderate,837.48,0.0,0.0,Established,0.015206180210813955,Low,1.061239316912706,12.73487180295247,0.4423076923076924,0.2248343904157858,0.3278688524590164,0.3375823266833561,High Value,0.14415663879983082,922,Monitor,No Immediate Action,0,0.0,0.0,0.0,0.0,922,27000
297,53,Male,16,81.1,One-Year,DSL,1297.6,Yes,No,0,Expected Range,Expected Range,45-54,13-24 Months,High,973.1999999999999,0.0,0.0,Developing,0.04198685773751023,Low,3.4051341625120792,40.86160995014495,0.5680302356602934,0.10450820497332124,0.13114754098360656,0.2965768512506814,High Value,0.1438228551427787,923,Monitor,No Immediate Action,0,0.0,0.0,0.0,0.0,923,27000
594,48,Female,36,66.29,One-Year,Fiber Optic,2386.44,Yes,No,0,Expected Range,Expected Range,45-54,25-48 Months,Moderate,795.48,0.0,0.0,Established,0.036938956599062905,Low,2.44868343295188,29.384201195422563,0.40340151178301475,0.1922029598308668,0.29508196721311475,0.302402132457288,High Value,0.14312422694235294,924,Monitor,No Immediate Action,0,0.0,0.0,0.0,0.0,924,27000
662,39,Male,39,67.77,One-Year,Fiber Optic,2643.0299999999997,Yes,No,0,Expected Range,Expected Range,35-44,25-48 Months,Moderate,813.24,0.0,0.0,Established,0.02166232167464069,Low,1.4680555398903994,17.61666647868479,0.4198532681191641,0.21286861975234067,0.319672131147541,0.3223633569478701,High Value,0.14194273578393246,925,Monitor,No Immediate Action,0,0.0,0.0,0.0,0.0,925,27000
693,34,Male,25,60.37,One-Year,Fiber Optic,1509.25,Yes,No,0,Expected Range,Expected Range,25-34,25-48 Months,Moderate,724.4399999999999,0.0,0.0,Established,0.08229848016580518,Low,4.9683592476096585,59.6203109713159,0.33759448643841705,0.12155441457767038,0.20491803278688525,0.22881134787427276,Moderate Value,0.14090362724919223,926,Monitor,No Immediate Action,0,0.0,0.0,0.0,0.0,926,27000
347,30,Female,30,72.13,Two-Year,Fiber Optic,2163.8999999999996,Yes,No,0,Expected Range,Expected Range,25-34,25-48 Months,Moderate,865.56,0.0,0.0,Established,0.027809229223783233,Low,2.0058797039114844,24.070556446937815,0.4683192530013339,0.1742796738145575,0.24590163934426232,0.30980099687169427,High Value,0.14060593628294765,927,Monitor,No Immediate Action,0,0.0,0.0,0.0,0.0,927,27000
184,49,Male,31,66.17,One-Year,Fiber Optic,2051.27,Yes,No,0,Expected Range,Expected Range,45-54,25-48 Months,Moderate,794.04,0.0,0.0,Established,0.0440291324317406,Low,2.9134076930082755,34.960892316099304,0.40206758559359723,0.16520849692942716,0.2540983606557377,0.28217459832667285,High Value,0.1392873187897135,928,Monitor,No Immediate Action,0,0.0,0.0,0.0,0.0,928,27000
343,47,Female,60,56.23,One-Year,DSL,3373.7999999999997,Yes,No,0,Expected Range,Expected Range,45-54,49-72 Months,Moderate,674.76,0.0,0.0,Loyal,0.007397222827193989,Low,0.415945839573118,4.991350074877416,0.2915740329035127,0.2717245545152522,0.49180327868852464,0.3346840269138745,High Value,0.13831194446186618,929,Monitor,No Immediate Action,0,0.0,0.0,0.0,0.0,929,27000
462,45,Female,44,60.79,One-Year,Fiber Optic,2674.76,Yes,No,0,Expected Range,Expected Range,45-54,25-48 Months,Moderate,729.48,0.0,0.0,Established,0.0247057950342156,Low,1.5018652801299663,18.022383361559598,0.34226322810137844,0.21542414174972316,0.36065573770491804,0.302467675279184,High Value,0.13581054713220297,930,Monitor,No Immediate Action,0,0.0,0.0,0.0,0.0,930,27000
978,20,Female,15,72.97,One-Year,Fiber Optic,1094.55,Yes,No,0,Expected Range,Expected Range,Under 25,13-24 Months,Moderate,875.64,0.0,0.0,Developing,0.04686269863437858,Low,3.419571119350605,41.03485343220726,0.4776567363272566,0.0881546360616128,0.12295081967213116,0.2526545220704999,Moderate Value,0.1291794280088271,931,Monitor,No Immediate Action,0,0.0,0.0,0.0,0.0,931,27000
422,62,Female,73,37.1,Two-Year,Fiber Optic,2708.3,Yes,No,0,Expected Range,Expected Range,55-64,73+ Months,Low,445.20000000000005,0.0,0.0,Loyal,0.04264560905195566,Low,1.5821520958275552,18.985825149930662,0.07892396620720327,0.21812544045102186,0.5983606557377049,0.2575036545751652,Moderate Value,0.1285888272612395,932,Monitor,No Immediate Action,0,0.0,0.0,0.0,0.0,932,27000
284,32,Female,20,74.33,One-Year,Fiber Optic,1486.6,Yes,No,0,Expected Range,Expected Range,25-34,13-24 Months,Moderate,891.96,0.0,0.0,Developing,0.024775877855489226,Low,1.8415910009985141,22.09909201198217,0.49277456647398854,0.11973019228833182,0.1639344262295082,0.2799990004478886,High Value,0.12686512689244897,933,Monitor,No Immediate Action,0,0.0,0.0,0.0,0.0,933,27000
146,52,Male,15,77.49,Two-Year,DSL,1162.35,Yes,No,0,Expected Range,Expected Range,45-54,13-24 Months,High,929.8799999999999,0.0,0.0,Developing,0.025211090535873202,Low,1.9536074056248143,23.44328886749777,0.5279012894619831,0.093615221987315,0.12295081967213116,0.2746635483983863,High Value,0.12499207368087845,934,Monitor,No Immediate Action,0,0.0,0.0,0.0,0.0,934,27000
641,41,Male,30,67.55,Two-Year,Fiber Optic,2026.5,Yes,No,0,Expected Range,Expected Range,35-44,25-48 Months,Moderate,810.5999999999999,0.0,0.0,Established,0.016013277134928314,Low,1.0816968704644077,12.980362445572892,0.4174077367718987,0.16321353065539113,0.24590163934426232,0.2855632402742119,High Value,0.12383326239064177,935,Monitor,No Immediate Action,0,0.0,0.0,0.0,0.0,935,27000
496,50,Female,79,36.05,Two-Year,Fiber Optic,2847.95,Yes,No,0,Expected Range,Expected Range,45-54,73+ Months,Low,432.59999999999997,0.0,0.0,Loyal,0.02659632475879128,Low,0.9587975075544256,11.505570090653107,0.06725211204979992,0.22937279774489075,0.6475409836065574,0.26906656993227107,High Value,0.1235844228281832,936,Monitor,No Immediate Action,0,0.0,0.0,0.0,0.0,936,27000
340,39,Male,21,73.75,Two-Year,DSL,1548.75,Yes,No,0,Expected Range,Expected Range,35-44,13-24 Months,Moderate,885.0,0.0,0.0,Developing,0.01838060876229964,Low,1.3555698962195983,16.26683875463518,0.48632725655847053,0.12473572938689217,0.1721311475409836,0.2812211947940464,High Value,0.12351684317499835,937,Monitor,No Immediate Action,0,0.0,0.0,0.0,0.0,937,27000
421,65,Male,20,60.6,One-Year,DSL,1212.0,Yes,No,0,Expected Range,Expected Range,65+,13-24 Months,Moderate,727.2,0.0,0.0,Developing,0.05847979376826499,Low,3.543875502356858,42.5265060282823,0.34015117830146735,0.09761401389308366,0.1639344262295082,0.21120898274054328,Moderate Value,0.11957146935717632,938,Monitor,No Immediate Action,0,0.0,0.0,0.0,0.0,938,27000
9,40,Female,53,49.81,Two-Year,Fiber Optic,2639.9300000000003,Yes,No,0,Expected Range,Expected Range,35-44,49-72 Months,Low,597.72,0.0,0.0,Loyal,0.01583599898178289,Low,0.7887911092826059,9.46549331139127,0.22020898176967552,0.21261894694452835,0.43442622950819676,0.27110678151550427,High Value,0.11794431199527144,939,Monitor,No Immediate Action,0,0.0,0.0,0.0,0.0,939,27000
852,39,Male,21,66.18,Two-Year,Fiber Optic,1389.7800000000002,Yes,No,0,Expected Range,Expected Range,35-44,13-24 Months,Moderate,794.1600000000001,0.0,0.0,Developing,0.033584117939178725,Low,2.222596925214848,26.671163102578177,0.4021787461093821,0.11193234672304442,0.1721311475409836,0.24308060668206427,Moderate Value,0.11738271343633294,940,Monitor,No Immediate Action,0,0.0,0.0,0.0,0.0,940,27000
870,65,Female,13,64.99,Two-Year,Fiber Optic,844.8699999999999,Yes,No,0,Expected Range,Expected Range,65+,13-24 Months,Moderate,779.8799999999999,0.0,0.0,Developing,0.05635460659857023,Low,3.662485882841079,43.94983059409295,0.3889506447309915,0.06804550488271417,0.10655737704918034,0.20603552886364165,Moderate Value,0.1162269755045988,941,Monitor,No Immediate Action,0,0.0,0.0,0.0,0.0,941,27000
361,50,Female,34,60.64,Two-Year,Fiber Optic,2061.76,Yes,No,0,Expected Range,Expected Range,45-54,25-48 Months,Moderate,727.6800000000001,0.0,0.0,Established,0.01709699525191614,Low,1.036761792076195,12.441141504914338,0.34059582036460656,0.16605335749521796,0.27868852459016397,0.2640291344167099,Moderate Value,0.11586985091783365,942,Monitor,No Immediate Action,0,0.0,0.0,0.0,0.0,942,27000
365,51,Female,12,75.89,One-Year,DSL,910.68,Yes,No,0,Expected Range,Expected Range,45-54,7-12 Months,High,910.6800000000001,0.0,0.0,Developing,0.02298729326316008,Low,1.7445056857412184,20.93406822889462,0.5101156069364162,0.07334581697372394,0.09836065573770492,0.2543074426497961,Moderate Value,0.1155153530178145,943,Monitor,No Immediate Action,0,0.0,0.0,0.0,0.0,943,27000
643,42,Female,60,45.38,One-Year,DSL,2722.8,Yes,No,0,Expected Range,Expected Range,35-44,49-72 Months,Low,544.5600000000001,0.0,0.0,Loyal,0.011849458646798766,Low,0.537728433391728,6.4527412007007365,0.17096487327701204,0.21929326487466022,0.49180327868852464,0.268089411689067,Moderate Value,0.11434543986370607,944,Monitor,No Immediate Action,0,0.0,0.0,0.0,0.0,944,27000
883,40,Female,33,59.42,One-Year,DSL,1960.86,Yes,No,0,Expected Range,Expected Range,35-44,25-48 Months,Moderate,713.04,0.0,0.0,Established,0.01988545394595518,Low,1.1815936734686567,14.17912408162388,0.32703423743886184,0.1579269102990033,0.27049180327868855,0.253711064399868,Moderate Value,0.11341569812752031,945,Monitor,No Immediate Action,0,0.0,0.0,0.0,0.0,945,27000
521,28,Male,13,62.33,Two-Year,DSL,810.29,Yes,No,0,Expected Range,Expected Range,25-34,13-24 Months,Moderate,747.96,0.0,0.0,Developing,0.05913398476400612,Low,3.6858212703405013,44.22985524408602,0.3593819475322366,0.0652604449813752,0.10655737704918034,0.19323327901867104,Moderate Value,0.1127737024658721,946,Monitor,No Immediate Action,0,0.0,0.0,0.0,0.0,946,27000
620,47,Female,21,65.56,Two-Year,DSL,1376.76,Yes,No,0,Expected Range,Expected Range,45-54,13-24 Months,Moderate,786.72,0.0,0.0,Developing,0.02442607966941235,Low,1.6013737831266737,19.216485397520085,0.3952867941307249,0.11088372093023255,0.1721311475409836,0.23995680686311724,Moderate Value,0.11063837054689431,947,Monitor,No Immediate Action,0,0.0,0.0,0.0,0.0,947,27000
487,38,Male,79,30.97,One-Year,Fiber Optic,2446.63,Yes,No,0,Expected Range,Expected Range,35-44,73+ Months,Low,371.64,0.0,0.0,Loyal,0.02656729899994982,Low,0.8227892500284459,9.87347100034135,0.010782570031124927,0.19705063928319744,0.6475409836065574,0.23516599766320842,Moderate Value,0.11000677846525327,948,Monitor,No Immediate Action,0,0.0,0.0,0.0,0.0,948,27000
205,31,Female,35,55.79,One-Year,Fiber Optic,1952.65,Yes,No,0,Expected Range,Expected Range,25-34,25-48 Months,Moderate,669.48,0.0,0.0,Established,0.022162128959263453,Low,1.236425174637308,14.837102095647698,0.2866829702089818,0.15726568005637773,0.2868852459016394,0.2414374875787348,Moderate Value,0.10987227240705198,949,Monitor,No Immediate Action,0,0.0,0.0,0.0,0.0,949,27000
555,48,Male,21,67.59,Two-Year,DSL,1419.39,Yes,No,0,Expected Range,Expected Range,45-54,13-24 Months,Moderate,811.08,0.0,0.0,Developing,0.016185302821597462,Low,1.0939646177117726,13.12757541254127,0.4178523788350379,0.11431712473572939,0.1721311475409836,0.2501847320767664,Moderate Value,0.10978507452366504,950,Monitor,No Immediate Action,0,0.0,0.0,0.0,0.0,950,27000
760,52,Female,69,31.46,One-Year,Fiber Optic,2170.74,Yes,No,0,Expected Range,Expected Range,45-54,49-72 Months,Low,377.52,0.0,0.0,Loyal,0.04305614030804969,Low,1.3545461740912432,16.254554089094917,0.01622943530457982,0.17483056478405312,0.5655737704918034,0.20907591441920137,Moderate Value,0.10946404995251037,951,Monitor,No Immediate Action,0,0.0,0.0,0.0,0.0,951,27000
884,55,Female,23,57.52,Two-Year,Fiber Optic,1322.96,Yes,No,0,Expected Range,Expected Range,55-64,13-24 Months,Moderate,690.24,0.0,0.0,Developing,0.0440354736134825,Low,2.5329204422475136,30.39504530697016,0.3059137394397511,0.10655068962045706,0.18852459016393444,0.20678938468404404,Moderate Value,0.10913703804170713,952,Monitor,No Immediate Action,0,0.0,0.0,0.0,0.0,952,27000
580,56,Female,12,67.73,One-Year,DSL,812.76,Yes,No,0,Expected Range,Expected Range,55-64,7-12 Months,Moderate,812.76,0.0,0.0,Developing,0.03321728466148567,Low,2.2498066901224245,26.997680281469094,0.419408626056025,0.06545937783147085,0.09836065573770492,0.21526439659785104,Moderate Value,0.10603612943603183,953,Monitor,No Immediate Action,0,0.0,0.0,0.0,0.0,953,27000
265,42,Male,31,57.58,One-Year,Fiber Optic,1784.98,Yes,No,0,Expected Range,Expected Range,35-44,25-48 Months,Moderate,690.96,0.0,0.0,Established,0.01755242880530846,Low,1.010668850609661,12.128026207315934,0.3065807025344598,0.14376160273834693,0.2540983606557377,0.23647343213613975,Moderate Value,0.10512083013764098,954,Monitor,No Immediate Action,0,0.0,0.0,0.0,0.0,954,27000
835,44,Male,32,54.48,One-Year,Fiber Optic,1743.36,Yes,No,0,Expected Range,Expected Range,35-44,25-48 Months,Moderate,653.76,0.0,0.0,Established,0.02382098859981024,Low,1.2977674589176618,15.573209507011942,0.2721209426411738,0.14040954394442764,0.26229508196721313,0.22356548792882247,Moderate Value,0.10371878833141514,955,Monitor,No Immediate Action,0,0.0,0.0,0.0,0.0,955,27000
384,39,Female,14,65.29,One-Year,DSL,914.06,Yes,No,0,Expected Range,Expected Range,35-44,13-24 Months,Moderate,783.48,0.0,0.0,Developing,0.0308287806231689,Low,2.0128110868866975,24.15373304264037,0.3922854602045355,0.07361804087385482,0.11475409836065574,0.21136902297782734,Moderate Value,0.10304487756503228,956,Monitor,No Immediate Action,0,0.0,0.0,0.0,0.0,956,27000
289,47,Female,17,66.61,One-Year,Fiber Optic,1132.37,Yes,No,0,Expected Range,Expected Range,45-54,13-24 Months,Moderate,799.3199999999999,0.0,0.0,Developing,0.017088472533597573,Low,1.1382631554629343,13.659157865555212,0.4069586482881281,0.09120064431692337,0.13934426229508198,0.22953975039994495,Moderate Value,0.10206898368013652,957,Monitor,No Immediate Action,0,0.0,0.0,0.0,0.0,957,27000
704,30,Male,41,44.52,One-Year,DSL,1825.32,Yes,No,0,Expected Range,Expected Range,25-34,25-48 Months,Low,534.24,0.0,0.0,Established,0.03455970378443966,Low,1.538598012483254,18.463176149799047,0.16140506891951983,0.14701057082452432,0.33606557377049184,0.2000321207990144,Moderate Value,0.10074867059026955,958,Monitor,No Immediate Action,0,0.0,0.0,0.0,0.0,958,27000
404,45,Female,29,53.89,Two-Year,DSL,1562.81,Yes,No,0,Expected Range,Expected Range,45-54,25-48 Months,Moderate,646.6800000000001,0.0,0.0,Established,0.027547255402363652,Low,1.4845215936333773,17.81425912360053,0.26556247220987106,0.12586811637974427,0.2377049180327869,0.20970505912505566,Moderate Value,0.10041037689144046,959,Monitor,No Immediate Action,0,0.0,0.0,0.0,0.0,959,27000
344,39,Female,24,48.68,Two-Year,DSL,1168.32,Yes,No,0,Expected Range,Expected Range,35-44,13-24 Months,Low,584.16,0.0,0.0,Developing,0.05180838036286943,Low,2.5220319560644837,30.264383472773805,0.20764784348599385,0.09409604349139232,0.19672131147540983,0.16517308048523732,Moderate Value,0.09715426041181659,960,Monitor,No Immediate Action,0,0.0,0.0,0.0,0.0,960,27000
509,45,Male,14,53.37,Two-Year,Fiber Optic,747.18,Yes,No,0,Expected Range,Expected Range,45-54,13-24 Months,Moderate,640.4399999999999,0.0,0.0,Developing,0.05771934443927385,Low,3.0804814127240454,36.96577695268854,0.25978212538906187,0.06017758985200845,0.11475409836065574,0.15366353119399165,Low Value,0.09609701914116098,961,Monitor,No Immediate Action,0,0.0,0.0,0.0,0.0,961,27000
290,38,Male,19,59.54,Two-Year,DSL,1131.26,Yes,No,0,Expected Range,Expected Range,35-44,13-24 Months,Moderate,714.48,0.0,0.0,Developing,0.021892324078955343,Low,1.3034689756610012,15.641627707932013,0.32836816362827925,0.09111124534380348,0.1557377049180328,0.20217062755115112,Moderate Value,0.09400364546783366,962,Monitor,No Immediate Action,0,0.0,0.0,0.0,0.0,962,27000
957,48,Female,18,60.54,One-Year,Fiber Optic,1089.72,Yes,No,0,Expected Range,Expected Range,45-54,13-24 Months,Moderate,726.48,0.0,0.0,Developing,0.01907207170131615,Low,1.1546232207976797,13.855478649572156,0.33948421520675864,0.0877656297191181,0.14754098360655737,0.20339690238603414,Moderate Value,0.09280200397520336,963,Monitor,No Immediate Action,0,0.0,0.0,0.0,0.0,963,27000
239,38,Male,26,50.93,One-Year,DSL,1324.18,Yes,No,0,Expected Range,Expected Range,35-44,25-48 Months,Moderate,611.16,0.0,0.0,Established,0.030479950715650208,Low,1.552343889948065,18.62812667937678,0.23265895953757232,0.10664894795127354,0.21311475409836067,0.18366940412256483,Moderate Value,0.09175573207841606,964,Monitor,No Immediate Action,0,0.0,0.0,0.0,0.0,964,27000
696,41,Male,32,49.0,One-Year,Fiber Optic,1568.0,Yes,No,0,Expected Range,Expected Range,35-44,25-48 Months,Low,588.0,0.0,0.0,Established,0.022516626646940038,Low,1.1033147057000618,13.239776468400741,0.2112049799911072,0.1262861169837914,0.26229508196721313,0.19425590343257315,Moderate Value,0.09121233736119329,965,Monitor,No Immediate Action,0,0.0,0.0,0.0,0.0,965,27000
709,24,Male,16,43.43,Two-Year,DSL,694.88,Yes,No,0,Expected Range,Expected Range,Under 25,13-24 Months,Low,521.16,0.0,0.0,Developing,0.0765239550900727,Low,3.3234353695618575,39.88122443474229,0.14928857269897733,0.05596536796536796,0.13114754098360656,0.11209019311337137,Low Value,0.09075045029939216,966,Monitor,No Immediate Action,0,0.0,0.0,0.0,0.0,966,27000
145,47,Female,16,60.77,Two-Year,Fiber Optic,972.32,Yes,No,0,Expected Range,Expected Range,45-54,13-24 Months,Moderate,729.24,0.0,0.0,Developing,0.0197887816900406,Low,1.2025642633037672,14.430771159645207,0.34204090706980894,0.0783102788684184,0.13114754098360656,0.19701184567777166,Moderate Value,0.09067800728513303,967,Monitor,No Immediate Action,0,0.0,0.0,0.0,0.0,967,27000
53,38,Female,18,58.24,Two-Year,Fiber Optic,1048.32,Yes,No,0,Expected Range,Expected Range,35-44,13-24 Months,Moderate,698.88,0.0,0.0,Developing,0.020928909667105595,Low,1.2188996990122298,14.626796388146758,0.3139172965762562,0.08443128964059196,0.14754098360655737,0.192003115906349,Moderate Value,0.08935859216280295,968,Monitor,No Immediate Action,0,0.0,0.0,0.0,0.0,968,27000
570,41,Female,17,61.94,One-Year,Fiber Optic,1052.98,Yes,No,0,Expected Range,Expected Range,35-44,13-24 Months,Moderate,743.28,0.0,0.0,Developing,0.009658818983628106,Low,0.5982672478459249,7.179206974151098,0.3550466874166296,0.08480660424846471,0.13934426229508198,0.206537052027385,Moderate Value,0.08841011220113086,969,Monitor,No Immediate Action,0,0.0,0.0,0.0,0.0,969,27000
307,57,Male,27,46.67,Two-Year,DSL,1260.09,Yes,No,0,Expected Range,Expected Range,55-64,25-48 Months,Low,560.04,0.0,0.0,Established,0.03210957844367497,Low,1.498554025966311,17.98264831159573,0.18530457981325044,0.1014871639987919,0.2213114754098361,0.16497020817733637,Moderate Value,0.08525383033713954,970,Monitor,No Immediate Action,0,0.0,0.0,0.0,0.0,970,27000
261,35,Female,14,54.63,One-Year,DSL,764.82,Yes,No,0,Expected Range,Expected Range,35-44,13-24 Months,Moderate,655.5600000000001,0.0,0.0,Developing,0.035109648814293584,Low,1.9180401147248587,23.016481376698305,0.2737883503779458,0.06159830866807611,0.11475409836065574,0.1597632727751689,Moderate Value,0.08497109839864372,971,Monitor,No Immediate Action,0,0.0,0.0,0.0,0.0,971,27000
166,49,Female,42,44.06,One-Year,DSL,1850.52,Yes,No,0,Expected Range,Expected Range,45-54,25-48 Months,Low,528.72,0.0,0.0,Established,0.007605534089691027,Low,0.33509983199178667,4.02119798390144,0.15629168519341935,0.14904016913319237,0.3442622950819672,0.20074630704447688,Moderate Value,0.08486184327160538,972,Monitor,No Immediate Action,0,0.0,0.0,0.0,0.0,972,27000
51,48,Male,22,54.38,One-Year,DSL,1196.36,Yes,No,0,Expected Range,Expected Range,45-54,13-24 Months,Moderate,652.5600000000001,0.0,0.0,Developing,0.015770657523976387,Low,0.857608356153836,10.291300273846032,0.271009337483326,0.09635437430786267,0.18032786885245902,0.1872097332141971,Moderate Value,0.08434628780006467,973,Monitor,No Immediate Action,0,0.0,0.0,0.0,0.0,973,27000
906,45,Male,13,47.66,Two-Year,Fiber Optic,619.5799999999999,Yes,No,0,Expected Range,Expected Range,45-54,13-24 Months,Low,571.92,0.0,0.0,Developing,0.05809533022392837,Low,2.7688234384724257,33.22588126166911,0.19630947087594486,0.04990073492399073,0.10655737704918034,0.12262838983606979,Low Value,0.08390855406878493,974,Monitor,No Immediate Action,0,0.0,0.0,0.0,0.0,974,27000
918,46,Female,23,51.04,One-Year,Fiber Optic,1173.92,Yes,No,0,Expected Range,Expected Range,45-54,13-24 Months,Moderate,612.48,0.0,0.0,Developing,0.023724984914296473,Low,1.210923230025692,14.531078760308304,0.23388172521120498,0.09454706533776301,0.18852459016393444,0.17377531049368264,Moderate Value,0.08374511514605094,975,Monitor,No Immediate Action,0,0.0,0.0,0.0,0.0,975,27000
229,37,Female,32,45.07,Two-Year,Fiber Optic,1442.24,Yes,No,0,Expected Range,Expected Range,35-44,25-48 Months,Low,540.84,0.0,0.0,Established,0.021655632818968054,Low,0.9760193711508902,11.712232453810682,0.16751889728768343,0.11615745494815262,0.26229508196721313,0.17323643863873006,Moderate Value,0.08228795514687286,976,Monitor,No Immediate Action,0,0.0,0.0,0.0,0.0,976,27000
900,36,Male,14,46.8,One-Year,DSL,655.1999999999999,Yes,No,0,Expected Range,Expected Range,35-44,13-24 Months,Low,561.5999999999999,0.0,0.0,Developing,0.053685822965175344,Low,2.512496514770206,30.149958177242475,0.1867496665184527,0.05276955602536997,0.11475409836065574,0.1218577358064245,Low Value,0.08095458810167501,977,Monitor,No Immediate Action,0,0.0,0.0,0.0,0.0,977,27000
214,51,Female,44,35.62,Two-Year,Fiber Optic,1567.28,Yes,No,0,Expected Range,Expected Range,45-54,25-48 Months,Low,427.43999999999994,0.0,0.0,Established,0.02820180498800476,Low,1.0045482936727295,12.054579524072754,0.062472209871053785,0.1262281284606866,0.36065573770491804,0.15933266333589133,Moderate Value,0.08065414832715939,978,Monitor,No Immediate Action,0,0.0,0.0,0.0,0.0,978,27000
250,49,Female,13,43.94,Two-Year,DSL,571.22,Yes,No,0,Expected Range,Expected Range,45-54,13-24 Months,Low,527.28,0.0,0.0,Developing,0.06342269907936952,Low,2.7867933975474966,33.44152077056996,0.15495775900400177,0.04600583912211819,0.10655737704918034,0.10472449155663716,Low Value,0.07994341607027658,979,Monitor,No Immediate Action,0,0.0,0.0,0.0,0.0,979,27000
901,48,Male,56,32.31,One-Year,DSL,1809.36,Yes,No,0,Expected Range,Expected Range,45-54,49-72 Months,Low,387.72,0.0,0.0,Loyal,0.014138851382708041,Low,0.45682628817529686,5.481915458103562,0.02567807914628728,0.14572515856236784,0.45901639344262296,0.1760291355159994,Moderate Value,0.07889496503602458,980,Monitor,No Immediate Action,0,0.0,0.0,0.0,0.0,980,27000
240,53,Male,35,41.67,One-Year,DSL,1458.45,Yes,No,0,Expected Range,Expected Range,45-54,25-48 Months,Low,500.04,0.0,0.0,Established,0.020037263247840886,Low,0.8349527595375298,10.019433114450358,0.12972432192085376,0.11746300211416491,0.2868852459016394,0.16472309098370908,Moderate Value,0.07791159434218817,981,Monitor,No Immediate Action,0,0.0,0.0,0.0,0.0,981,27000
87,54,Female,49,32.8,One-Year,DSL,1607.1999999999998,Yes,No,0,Expected Range,Expected Range,45-54,49-72 Months,Low,393.59999999999997,0.0,0.0,Loyal,0.02287373820820205,Low,0.7502586132290272,9.003103358748326,0.031124944419742118,0.12944326990838617,0.4016393442622951,0.15816495830140576,Moderate Value,0.07699022624548355,982,Monitor,No Immediate Action,0,0.0,0.0,0.0,0.0,982,27000
38,25,Female,23,47.55,One-Year,Fiber Optic,1093.65,Yes,No,0,Expected Range,Expected Range,25-34,13-24 Months,Low,570.5999999999999,0.0,0.0,Developing,0.020621949353935243,Low,0.9805736917796207,11.766884301355448,0.1950867052023122,0.0880821504077318,0.18852459016393444,0.15599458226461463,Low Value,0.07477100251820701,983,Monitor,No Immediate Action,0,0.0,0.0,0.0,0.0,983,27000
68,55,Female,13,53.77,One-Year,Fiber Optic,699.01,Yes,No,0,Expected Range,Expected Range,55-64,13-24 Months,Moderate,645.24,0.0,0.0,Developing,0.020808199999331332,Low,1.1188569139640459,13.42628296756855,0.26422854602045365,0.05629799657706634,0.10655737704918034,0.15203506147244977,Low Value,0.07329894458857872,984,Monitor,No Immediate Action,0,0.0,0.0,0.0,0.0,984,27000
519,45,Male,16,52.76,One-Year,DSL,844.16,Yes,No,0,Expected Range,Expected Range,45-54,13-24 Months,Moderate,633.12,0.0,0.0,Developing,0.01672424515886882,Low,0.8823711745819189,10.588454094983028,0.2530013339261894,0.06798832175576361,0.13114754098360656,0.15778333143089465,Low Value,0.07314787966767916,985,Monitor,No Immediate Action,0,0.0,0.0,0.0,0.0,985,27000
951,42,Male,13,52.58,One-Year,DSL,683.54,Yes,No,0,Expected Range,Expected Range,35-44,13-24 Months,Moderate,630.96,0.0,0.0,Developing,0.02194491637376125,Low,1.1538637029323664,13.846364435188397,0.25100044464206317,0.05505204872646733,0.10655737704918034,0.1463077391733839,Low Value,0.07169004549361031,986,Monitor,No Immediate Action,0,0.0,0.0,0.0,0.0,986,27000
200,33,Female,13,49.01,One-Year,Fiber Optic,637.13,Yes,No,0,Expected Range,Expected Range,25-34,13-24 Months,Low,588.12,0.0,0.0,Developing,0.02325297807037287,Low,1.1396284552289744,13.675541462747692,0.21131614050689196,0.05131420517467029,0.10655737704918034,0.12912577227618646,Low Value,0.06560209575269832,987,Monitor,No Immediate Action,0,0.0,0.0,0.0,0.0,987,27000
310,42,Female,14,46.46,Two-Year,Fiber Optic,650.44,Yes,No,0,Expected Range,Expected Range,35-44,13-24 Months,Low,557.52,0.0,0.0,Developing,0.02350012090187263,Low,1.0918156171010025,13.10178740521203,0.18297020898176974,0.0523861874559549,0.11475409836065574,0.12021177379245605,Low Value,0.062184782058106,988,Monitor,No Immediate Action,0,0.0,0.0,0.0,0.0,988,27000
546,37,Male,28,32.94,Two-Year,DSL,922.32,Yes,No,0,Expected Range,Expected Range,35-44,25-48 Months,Low,395.28,0.0,0.0,Established,0.030096351839212918,Low,0.9913738295836735,11.896485955004081,0.03268119164072919,0.0742832980972516,0.22950819672131148,0.09644868017065761,Low Value,0.05663728317179079,989,Monitor,No Immediate Action,0,0.0,0.0,0.0,0.0,989,27000
514,35,Male,25,34.75,Two-Year,Fiber Optic,868.75,Yes,No,0,Expected Range,Expected Range,35-44,25-48 Months,Low,417.0,0.0,0.0,Established,0.02708886087955849,Low,0.9413379155646576,11.296054986775891,0.05280124499777683,0.06996879089902346,0.20491803278688525,0.09683908301049025,Low Value,0.0549889497319312,990,Monitor,No Immediate Action,0,0.0,0.0,0.0,0.0,990,27000
658,44,Female,12,42.19,One-Year,Fiber Optic,506.28,Yes,No,0,Expected Range,Expected Range,35-44,7-12 Months,Low,506.28,0.0,0.0,Developing,0.02943445381266167,Low,1.2418396063561958,14.90207527627435,0.13550466874166295,0.04077559649652673,0.09836065573770492,0.09306349020487577,Low Value,0.054886068369547306,991,Monitor,No Immediate Action,0,0.0,0.0,0.0,0.0,991,27000
790,28,Female,22,35.39,One-Year,Fiber Optic,778.58,Yes,No,0,Expected Range,Expected Range,25-34,13-24 Months,Low,424.68,0.0,0.0,Developing,0.027728126908610994,Low,0.9812984112957431,11.775580935548918,0.0599155180080036,0.06270653377630123,0.18032786885245902,0.09099546123802163,Low Value,0.05303506064037525,992,Monitor,No Immediate Action,0,0.0,0.0,0.0,0.0,992,27000
393,31,Female,13,35.95,One-Year,DSL,467.35,Yes,No,0,Expected Range,Expected Range,25-34,13-24 Months,Low,431.40000000000003,0.0,0.0,Developing,0.04398174221279388,Low,1.58114363254994,18.973723590599278,0.06614050689195206,0.037640189268096244,0.10655737704918034,0.06626961326290959,Low Value,0.052896890632840164,993,Monitor,No Immediate Action,0,0.0,0.0,0.0,0.0,993,27000
373,59,Male,26,32.25,One-Year,DSL,838.5,Yes,No,0,Expected Range,Expected Range,55-64,25-48 Months,Low,387.0,0.0,0.0,Established,0.02976515948821421,Low,0.9599263934949083,11.5191167219389,0.02501111605157852,0.06753246753246753,0.21311475409836067,0.08691949858158521,Low Value,0.05262689512556261,994,Monitor,No Immediate Action,0,0.0,0.0,0.0,0.0,994,27000
26,46,Male,25,35.98,Two-Year,DSL,899.4999999999999,Yes,No,0,Expected Range,Expected Range,45-54,25-48 Months,Low,431.76,0.0,0.0,Established,0.018827549808918678,Low,0.677415242124894,8.128982905498727,0.06647398843930635,0.07244538407329104,0.20491803278688525,0.10317498799809571,Low Value,0.0525665250845895,995,Monitor,No Immediate Action,0,0.0,0.0,0.0,0.0,995,27000
12,40,Female,19,36.18,One-Year,Fiber Optic,687.42,Yes,No,0,Expected Range,Expected Range,35-44,13-24 Months,Low,434.15999999999997,0.0,0.0,Developing,0.02886259627299923,Low,1.0442487331571122,12.530984797885345,0.06869719875500224,0.05536454243430987,0.1557377049180328,0.08579089558351755,Low Value,0.051633915997206556,996,Monitor,No Immediate Action,0,0.0,0.0,0.0,0.0,996,27000
672,24,Male,16,33.62,One-Year,DSL,537.92,Yes,No,0,Expected Range,Expected Range,Under 25,13-24 Months,Low,403.43999999999994,0.0,0.0,Developing,0.04014657580672961,Low,1.3497278786222493,16.19673454346699,0.04024010671409517,0.04332386992852109,0.13114754098360656,0.06404628240652209,Low Value,0.049706458446646604,997,Monitor,No Immediate Action,0,0.0,0.0,0.0,0.0,997,27000
193,47,Male,17,32.86,One-Year,Fiber Optic,558.62,Yes,No,0,Expected Range,Expected Range,45-54,13-24 Months,Low,394.32,0.0,0.0,Developing,0.038822292164224566,Low,1.2757005205164191,15.30840624619703,0.03179190751445088,0.044991039967784155,0.13934426229508198,0.0632996925682753,Low Value,0.04861325232584486,998,Monitor,No Immediate Action,0,0.0,0.0,0.0,0.0,998,27000
889,50,Female,14,41.99,One-Year,DSL,587.86,Yes,No,0,Expected Range,Expected Range,45-54,13-24 Months,Low,503.88,0.0,0.0,Developing,0.014947470771608462,Low,0.6276442976998393,7.531731572398072,0.13328145842596717,0.04734601832276251,0.11475409836065574,0.09857221437351768,Low Value,0.04839736821237215,999,Monitor,No Immediate Action,0,0.0,0.0,0.0,0.0,999,27000
128,39,Male,12,33.5,One-Year,Fiber Optic,402.0,Yes,No,0,Expected Range,Expected Range,35-44,7-12 Months,Low,402.0,0.0,0.0,Developing,0.045870117913775446,Low,1.5366489501114775,18.439787401337732,0.03890618052467765,0.032376925400181215,0.09836065573770492,0.051484560034360714,Low Value,0.04811589476200956,1000,Monitor,No Immediate Action,0,0.0,0.0,0.0,0.0,1000,27000
